product_id,activity_product_id,brand_id,brand,brand_en,name,category,subcategory,price,original_price,discount,stock,activity_stock,sell_num,activity_id,activity_type,catalog_id,sku
p15884184,504208402.0,13157,巴黎歐萊雅,L'OREAL PARIS,L'oreal歐萊雅複顏滋潤保濕護膚套裝50ml+50ml+15ml+30ml+100ml【有效期至：2027年5月】,3022,1100,472,845.0,5.6,26,26,80,500022954.0,3,c85725065,C111065
p15739607,504208399.0,12290,喬治阿瑪尼,GIORGIO ARMANI,GIORGIO ARMANI 阿瑪尼臻致絲絨啞光唇釉 214 6.5ml【有效期至：2027年4月】,3016,2197,212,380.0,5.6,14,14,19,500022954.0,3,c85552064,C057260
p15881995,504208394.0,31887,倩碧,CLINIQUE,Clinique美白祛斑精華露雙支裝 (100ml x 2)【有效期至：2027年4月】,3022,1096,1241,2475.0,5.0,12,12,39,500022954.0,3,c85723184,C116211
p15826124,504208400.0,20490,科顏氏,KIEHL'S,Kiehl's科顏氏柔潤防曬隔離乳-60ML-SPF50【有效期至：2027年4月】,3022,1092,320,575.0,5.6,21,21,50,500022954.0,3,c85650065,C107286
p15742143,504208406.0,13558,植村秀,SHU UEMURA,shu uemura植村秀如膠似漆眼線筆 墨黑0.08g【有效期至：2027年5月】,3038,2203,145,260.0,5.6,13,13,66,500022954.0,3,c85554946,C053783
p15737095,504208403.0,12469,湯姆福特,TOM FORD,TOM FORD湯姆福特柔霧緞采唇膏52 3g【細黑管】【有效期至：2027年5月】,3016,2195,249,490.0,5.1,23,23,37,500022954.0,3,c85549288,C100701
p15825221,504208293.0,13157,巴黎歐萊雅,L'OREAL PARIS,L'OREAL 歐萊雅金致臻顏修護霜兩支裝50ml*2--抗皺緊致【有效期至：2027年5月】,3022,1093,302,505.0,6.0,3,3,100+,500022953.0,3,c85647730,C107407
p15833290,504208385.0,13157,巴黎歐萊雅,L'OREAL PARIS,L'OREAL歐萊雅複顏保濕護膚套裝50ml+50ml+15ml【有效期至：2027年2月】,3022,1100,162,540.0,3.0,8,8,61,500022954.0,3,c85659746,C106475
p15952581,,31847,博柏利,BURBERRY,BURBERRY博柏利太陽鏡 0BE4411D38077357,3040,1214,2120,,,1,0,1,,0,c85797263,E1681823
p15857271,504208397.0,10162,蘭蔻,LANCOME,LANCOME蘭蔻黑金臻寵面霜 50ML【有效期至：2027年4月】,3022,1093,2480,4460.0,5.6,11,11,14,500022954.0,3,c85689593,C111725
p15952583,,31847,博柏利,BURBERRY,BURBERRY博柏利太陽鏡0BE4435F41478753,3040,1214,2120,,,1,0,2,,0,c85797264,E1831991
p15740572,504208404.0,14721,祖瑪瓏,JO MALONE LONDON,JO MALONE祖·瑪瓏香水(青檸羅勒與柑橘香型)100ml【有效期至：2027年5月】,3037,3204,664,1315.0,5.0,12,12,23,500022954.0,3,c85552563,C043364
p15839239,504208386.0,13157,巴黎歐萊雅,L'OREAL PARIS,L'OREAL歐萊雅複顏水光充盈柔膚水三支裝200ml*3【有效期至：2027年2月】,3022,1090,93,310.0,3.0,2,2,29,500022954.0,3,c85665917,C107293
p15894591,,30964,寶麗萊,Polaroid,POLAROID寶麗來太陽鏡206409DDB58WJ,3040,1214,590,,,1,0,2,,0,c85737611,E1591911
p15794720,504208392.0,13157,巴黎歐萊雅,L'OREAL PARIS,L'OREAL Paris歐萊雅多重防護隔離露 65ml【有效期至：2027年3月】,3022,1092,104,345.0,3.0,12,12,18,500022954.0,3,c85615216,C103298
p15849736,504208407.0,13157,巴黎歐萊雅,L'OREAL PARIS,L'OREAL歐萊雅金致臻顏花蜜奢養化妝水-130ML【有效期至：2027年5月】,3022,1090,154,275.0,5.6,6,6,25,500022954.0,3,c85678783,C111450
p15880349,504208398.0,31878,碧歐泉,BIOTHERM,BIOTHERM 碧歐泉護膚精華面膜 6片【有效期至：2027年4月】,3022,1097,327,580.0,5.6,6,6,8,500022954.0,3,c85719852,C042340
p15801720,504208393.0,10197,悦木之源,ORIGINS,ORIGINS悅木之源韋博士菇菌亮膚精華乳 50ml【有效期至：2027年4月】,3022,1091,335,660.0,5.1,1,1,14,500022954.0,3,c85621953,C102713
p15793924,504207570.0,13157,巴黎歐萊雅,L'OREAL PARIS,L'OREAL歐萊雅複顏玻尿酸眼霜 65ml,3039,2813,565,1130.0,5.0,41,41,64,500022953.0,3,c85613828,C103091
p15797611,504207652.0,13157,巴黎歐萊雅,L'OREAL PARIS,L'OREAL 歐萊雅青春活碼防護精華液套裝115ml*2,3022,1100,490,1225.0,4.0,1,1,49,500022953.0,3,c85617636,C104281
p15876310,504208384.0,10174,魅可,MAC,MAC魅可修容盤深色系【有效期至：2027年1月31日】,3013,1141,105,350.0,3.0,4,4,4,500022954.0,3,c85715534,C115079
p15858307,504208062.0,30964,寶麗萊,Polaroid,POLAROID寶麗萊太陽鏡20733040G65Z7,3040,1214,355,930.0,3.8,1,1,,500022953.0,3,c85691433,E1654916
p15858304,504208063.0,30964,寶麗萊,Polaroid,POLAROID寶麗萊太陽鏡20731509Q55UC,3040,1214,355,930.0,3.8,1,1,2,500022953.0,3,c85691430,E1654884
p15895018,,30964,寶麗萊,Polaroid,POLAROID寶麗來太陽鏡206330B4E57SP,3040,1214,780,,,1,0,,,0,c85737614,E1591890
p15894594,,30964,寶麗萊,Polaroid,POLAROID寶麗來太陽鏡206330KJ157UC,3040,1214,780,,,1,0,1,,0,c85737613,E1591856
p15895017,,30964,寶麗萊,Polaroid,POLAROID寶麗來太陽鏡20641000356UC,3040,1214,590,,,1,0,2,,0,c85737609,E1591866
p15895019,,30964,寶麗萊,Polaroid,POLAROID寶麗來太陽鏡20640901058M9,3040,1214,590,,,1,0,2,,0,c85737441,E1591884
p15894589,,30964,寶麗萊,Polaroid,POLAROID寶麗來太陽鏡206330S4557KL,3040,1214,780,,,1,0,,,0,c85737610,E1678366
p15894581,,30964,寶麗萊,Polaroid,POLAROID寶麗來太陽鏡206410J5G56M9,3040,1214,590,,,1,0,2,,0,c85737604,E1591912
p15866247,504208169.0,10213,資生堂,SHISEIDO,SHISEIDO資生堂安熱沙金燦倍護防曬乳 90ML,3022,1092,131,280.0,4.7,77,77,1000+,500022953.0,3,c85701295,C111836
p15735572,504208170.0,10162,蘭蔻,LANCOME,LANCOME蘭蔻柔皙亮白防曬乳 50ml,3022,1092,462,785.0,5.9,59,59,49,500022953.0,3,c85547513,C045063
p15738248,504207569.0,10162,蘭蔻,LANCOME,LANCOME蘭蔻輕透水漾防曬乳 50ml,3022,1092,456,785.0,5.8,3,3,100+,500022953.0,3,c85550636,C044695
p15736837,504208408.0,10160,海藍之謎,LA MER,LA MER海藍之謎修護唇部精華7ml 奢潤柔滑點亮雙唇【有效期至：2027年6月】,3022,1098,443,870.0,5.1,29,29,100+,500022954.0,3,c85549097,C044838
p15743631,,10160,海藍之謎,LA MER,LA MER海藍之謎修護唇霜9g 舒緩乾燥 淡化唇紋保濕,3022,1098,645,,,28,0,200+,,0,c85556492,C044738
p15868257,504208172.0,10162,蘭蔻,LANCOME,LANCOME蘭蔻肌底煥活修護精華液100ML,3022,1096,1058,1705.0,6.2,26,26,83,500022953.0,3,c85703795,C114293
p15735743,504208171.0,14572,理膚泉,LA ROCHE-POSAY,LA ROCHE POSAY理膚泉B5多效修復霜兩只裝 100ml*2,3022,1093,267,445.0,6.0,21,21,300+,500022953.0,3,c85547672,C040187
p15743113,504208173.0,10160,海藍之謎,LA MER,LA MER海藍之謎精華面霜 60ml 補水保濕 深澈滋潤 柔嫩潤澤,3022,1093,1998,3325.0,6.0,33,33,100+,500022953.0,3,c85555982,C016695
p15792876,504208174.0,10123,雅詩蘭黛,ESTEE LAUDER,ESTEE LAUDER雅詩蘭黛智妍緊塑精華乳霜+精華眼霜套裝75ml+15ml,3039,2814,910,1565.0,5.8,22,22,100+,500022953.0,3,c85612731,C101271
p15797610,504207572.0,20490,科顏氏,KIEHL'S,Kiehl's 科顏氏高保濕霜補充裝 150ml,3022,1093,364,610.0,6.0,20,20,200+,500022953.0,3,c85618059,C103935
p15737061,504208299.0,31886,肌膚之鑰,CLE DE PEAU BEAUTE,CPB肌膚之鑰沁肌調理精華露170ml,3022,1090,450,750.0,6.0,10,10,100+,500022953.0,3,c85548859,C044413
p15781830,504207573.0,10162,蘭蔻,LANCOME,LANCOME蘭蔻亮眼青春活膚濃縮液 20ml,3022,1096,460,770.0,6.0,20,20,97,500022953.0,3,c85600983,C102484
p15849735,504207575.0,10162,蘭蔻,LANCOME,LANCOME蘭蔻淨澈煥膚雙重精華水 250ML,3022,1096,724,1190.0,6.1,16,16,76,500022953.0,3,c85679129,C111762
p15942690,504208176.0,31163,儀式,RITUALS,RITUALS櫻花儀式小號禮盒,3028,1115,133,295.0,4.5,12,12,74,500022953.0,3,c85787353,C122163
p15742741,,20490,科顏氏,KIEHL'S,Kiehl's 科顏氏一號潤唇膏15ML,3022,1098,120,,,6,0,200+,,0,c85556039,C025152
p15848032,504208181.0,10160,海藍之謎,LA MER,LA MER海藍之謎醒膚水-200ML,3022,1090,576,970.0,5.9,10,10,100+,500022953.0,3,c85675467,C111308
p15742698,504208410.0,20490,科顏氏,KIEHL'S,Kiehl's 科顏氏高保濕面霜 50ml【有效期至：2027年6月】,3022,1093,197,340.0,5.8,13,13,100+,500022954.0,3,c85554996,C021623
p15735821,504208178.0,10160,海藍之謎,LA MER,LA MER海藍之謎鎏金煥顏精華液 150ml 質地奢潤保濕滋潤,3022,1096,1763,2935.0,6.0,20,20,100+,500022953.0,3,c85547741,C037344
p15742110,,10162,蘭蔻,LANCOME,LANCOME蘭蔻淨澈煥膚潔面乳 125ml,3022,1088,400,,,12,0,100+,,0,c85554905,C051162
p15742610,504208177.0,20490,科顏氏,KIEHL'S,Kiehl's 科顏氏高保濕面霜125ml,3022,1093,364,610.0,6.0,16,16,200+,500022953.0,3,c85555409,C016597
p15851482,504208184.0,10160,海藍之謎,LA MER,LA MER海藍之謎沁潤型精華凝霜 60ml,3022,1096,1998,3325.0,6.0,20,20,79,500022953.0,3,c85681455,C111026
p15738096,504208196.0,10213,資生堂,SHISEIDO,SHISEIDO資生堂盼麗風姿智感撫痕日乳SPF30PA+++75ml,3022,1091,283,560.0,5.1,7,7,100+,500022953.0,3,c85550388,C044252
p15740448,504208180.0,14721,祖玛珑,JO MALONE LONDON,JO MALONE祖·瑪瓏滿室幽香香薰(藍風鈴香型),3037,1525,425,770.0,5.5,16,16,68,500022953.0,3,c85553678,C050345
p15943005,504208179.0,31163,儀式,RITUALS,RITUALS梵心儀式小號禮盒,3028,1115,133,295.0,4.5,17,17,43,500022953.0,3,c85787351,C122165
p15743654,504207576.0,31887,倩碧,CLINIQUE,CLINIQUE倩碧基礎潤膚組合125ml x 2,3022,1100,246,465.0,5.3,13,13,74,500022953.0,3,c85557012,C016887
p15739186,504208183.0,31887,倩碧,CLINIQUE,CLINIQUE倩碧基礎潤膚組合125ml x 2,3022,1100,281,465.0,6.0,17,17,41,500022953.0,3,c85551607,C020956
p15869966,504208188.0,10160,海藍之謎,LA MER,LA MER海藍之謎緊致煥顏精華晚霜,3022,1093,1955,1955.0,10.0,26,26,300+,500022953.0,3,c85707436,C114470
p15736699,504207577.0,10085,芭比布朗,BOBBI BROWN,BOBBI BROWN芭比波朗流雲隨心眼妝筆#1爵士黑0.35g,3038,2203,146,265.0,5.5,15,15,30,500022953.0,3,c85548452,C024190
p15741325,504208186.0,31845,聖羅蘭,YSL,YSL聖羅蘭妍活青春粉底液 B20 30ML,3021,2201,388,650.0,6.0,14,14,95,500022953.0,3,c85555118,C026536
p15764505,504208185.0,31887,CLINIQUE,CLINIQUE (Beauty),CLINIQUE倩碧水嫩保濕柔膚水 200ml,3022,1090,174,290.0,6.0,14,14,30,500022953.0,3,c85579716,C100849
p15884166,504208187.0,31003,卡詩,KERASTASE,KERASTASE卡詩新黑鑽鑰源香氛護髪油-75ML,3034,3142,399,620.0,6.4,11,11,84,500022953.0,3,c85724728,C117426
p15886460,504208190.0,31809,可复美,可复美,可复美重組膠原蛋白肌禦賦活修護精粹水120mL,3022,1090,176,319.0,5.5,10,10,31,500022953.0,3,c85727522,IN100132
p15867667,504208192.0,10162,蘭蔻,LANCOME,LANCOME蘭蔻輕透水漾防曬乳-兩件組50ml*2,3022,1092,867,1445.0,6.0,9,9,100+,500022953.0,3,c85703623,C114026
p15741874,504207579.0,10160,海藍之謎,LA MER,LA MER海藍之謎鎏金煥顏夜間修護霜 50ml 強韌緊致飽滿,3022,1093,3939,6655.0,5.9,11,11,29,500022953.0,3,c85555185,C052345
p15735268,504208194.0,10162,蘭蔻,LANCOME,LANCOME蘭蔻輕透修顏乳 BB1 50ml,3021,2222,470,785.0,6.0,11,11,31,500022953.0,3,c85547347,C045062
p15742328,504208198.0,10160,海藍之謎,LA MER,LA MER海藍之謎水潤保濕乳液125ml 輕盈乳液 保濕沁潤奢養,3022,1091,1475,2420.0,6.1,10,10,64,500022953.0,3,c85555635,C055352
p15914177,504211936.0,31046,艾哈佛,AHAVA,AHAVA死海植萃身體補水膏 350ml,3028,2269,154,256.0,6.0,15,15,14,500023014.0,1,c85757818,C109791
p15865720,504208411.0,10162,蘭蔻,LANCOME,LANCOME蘭蔻淨澈煥膚亮白霜50ml【有效期至：2027年6月】,3022,1093,441,780.0,5.7,12,12,57,500022954.0,3,c85700699,C112568
p15743185,504207583.0,31887,CLINIQUE,CLINIQUE (Beauty),CLINIQUE倩碧水嫩保濕潤膚霜 75ml,3022,1093,276,500.0,5.5,11,11,15,500022953.0,3,c85556573,C053172
p15821472,504208189.0,20490,科顏氏,KIEHL'S,Kiehl's科顏氏高保濕清爽潔面乳 150ml,3022,1088,135,225.0,6.0,9,9,78,500022953.0,3,c85643781,C106462
p15810016,504208213.0,13651,黛珂,DECORTE,DECORTE黛珂多重防曬乳(耐水型) 55ml,3022,1092,130,290.0,4.5,1,1,200+,500022953.0,3,c85631352,C105978
p15942689,504208193.0,31163,儀式,RITUALS,RITUALS靜儀式小號禮盒,3028,1115,148,295.0,5.0,4,4,62,500022953.0,3,c85787352,C122158
p15848029,504207580.0,10160,海蓝之谜,LA MER,LA MER海藍之謎煥活保濕噴霧-100ML,3022,1090,443,765.0,5.8,12,12,89,500022953.0,3,c85675463,C111311
p15889833,504207582.0,10131,紀梵希,Givenchy,GIVENCHY 紀梵希明星流光菁潤粉底液-3W 30ML,3021,2201,296,580.0,5.1,11,11,,500022953.0,3,c85732358,C117493
p15793235,504208204.0,10123,雅诗兰黛,ESTEE LAUDER,ESTEE LAUDER雅詩蘭黛智妍緊塑精華眼霜 15ml,3039,2813,359,650.0,5.5,2,2,100+,500022953.0,3,c85612732,C101273
p15743680,504207585.0,31887,CLINIQUE,CLINIQUE (Beauty),CLINIQUE倩碧100 小時自我修護水嫩補濕啫喱75ML,3022,1093,276,500.0,5.5,10,10,34,500022953.0,3,c85557036,C053173
p15736991,504207584.0,15063,庭潤,THANN,THANN庭潤茉莉水潤護手霜 40g,3028,2264,113,217.0,5.2,13,13,6,500022953.0,3,c85549345,C101027
p15913738,,31046,艾哈佛,AHAVA,AHAVA死海泥清潔面膜 100ml,3022,1097,278,,,12,0,16,,0,c85757442,C109785
p15943009,504208207.0,31163,儀式,RITUALS,RITUALS櫻花儀式中號禮盒,3028,1115,205,410.0,5.0,3,3,67,500022953.0,3,c85786873,C122167
p15742974,504208201.0,14572,理膚泉,LA ROCHE-POSAY,LA ROCHE POSAY理膚泉B5多效修復霜 100ML,3022,1093,144,240.0,6.0,19,19,100+,500022953.0,3,c85555812,C037848
p15742205,504208197.0,10160,海蓝之谜,LA MER,LA MER海藍之謎緊致煥采眼霜 15ml  淡褪熊貓眼,3039,2813,1204,1990.0,6.1,10,10,84,500022953.0,3,c85556001,C016689
p15913737,504211949.0,31046,艾哈佛,AHAVA,AHAVA礦物水潤護手霜100ml,3028,2264,107,178.0,6.0,11,11,8,500023014.0,1,c85757815,C119531
p15794735,504208409.0,10162,蘭蔻,LANCOME,LANCOME蘭蔻塑顏三重精華 50ml【有效期至：2027年6月】,3022,1096,722,1285.0,5.6,9,9,41,500022954.0,3,c85615237,C103296
p15737332,504208200.0,14721,祖玛珑,JO MALONE LONDON,JO MALONE祖·瑪瓏沐浴露(虞美人與大麥香型)250ml,3028,2268,224,405.0,5.5,9,9,19,500022953.0,3,c85550080,C047982
p15738289,504208199.0,15063,庭潤,THANN,THANN庭潤米萃取護唇膏  10g,3022,1098,81,155.0,5.2,10,10,15,500022953.0,3,c85550684,C045371
p15849740,504207592.0,10213,資生堂,SHISEIDO,SHISEIDO資生堂男士潔面爽膚兩部曲125ml+150ml,3022,1100,241,410.0,5.9,6,6,61,500022953.0,3,c85678788,C111737
p15809346,504207589.0,10160,海藍之謎,LA MER,LA MER 海藍之謎調理煥膚液-100ML,3022,1090,762,1270.0,6.0,8,8,75,500022953.0,3,c85631191,C105744
p15742737,504208191.0,10160,海藍之謎,LA MER,LA MER海藍之謎精華面霜 30ml補水保濕 深澈滋潤 柔嫩潤澤,3022,1093,1069,1840.0,5.8,10,10,68,500022953.0,3,c85556032,C016694
p15914175,504211958.0,31046,艾哈佛,AHAVA,AHAVA精緻水潤保濕面膜 100ml,3022,1097,167,278.0,6.0,10,10,5,500023014.0,1,c85757816,C109784
p15736594,504207587.0,31887,倩碧,CLINIQUE,CLINIQUE倩碧男士青春修護乳 100ml,3022,1091,221,400.0,5.5,9,9,2,500022953.0,3,c85548520,C053178
p15884173,504207588.0,13157,巴黎歐萊雅,L'OREAL PARIS,L'oreal歐萊雅複顏滋潤眼霜-15ML,3039,2813,116,190.0,6.1,9,9,31,500022953.0,3,c85724735,C107405
p15742376,504213030.0,20490,科顏氏,KIEHL'S,Kiehl's 科顏氏多重緊致修顏霜 75ml,3022,1093,530,875.0,6.1,12,12,81,500023044.0,1,c85555695,C054261
p15914173,504211960.0,31046,艾哈佛,AHAVA,AHAVA礦物保濕身體乳 250ml,3028,2269,146,242.0,6.0,8,8,2,500023014.0,1,c85757813,C109781
p15822814,504208203.0,13651,黛珂,DECORTE,DECORTE 黛珂牛油果植萃乳液-300ML,3022,1091,239,530.0,4.5,7,7,61,500022953.0,3,c85645144,C105982
p15809822,504207597.0,13651,黛珂,DECORTE,DECORTE黛珂牛油果植萃乳液 150ml（版）,3022,1091,142,315.0,4.5,6,6,54,500022953.0,3,c85631363,C105976
p15893778,504207590.0,15063,庭潤,THANN,THANN庭潤東方精華護手霜40G,3028,2264,85,162.0,5.2,6,6,12,500022953.0,3,c85736810,C116490
p15742856,504207621.0,10120,伊麗莎白·雅頓,ELIZABETH ARDEN,Elizabeth Arden伊麗莎白雅頓綠茶蜜滴潤體霜,3028,2269,86,155.0,5.5,6,6,34,500022953.0,3,c85556157,C000952
p15795041,504208412.0,13157,巴黎歐萊雅,L'OREAL PARIS,L'OREAL Paris歐萊雅多重防護隔離露兩支裝65ml*2【有效期至：2027年6月】,3022,1092,360,635.0,5.7,10,10,23,500022954.0,3,c85615217,C103297
p15769871,504208206.0,20490,科顏氏,KIEHL'S,Kiehl’s科顏氏紫玻A眼霜 28mL,3039,2813,449,730.0,6.2,5,5,51,500022953.0,3,c85587307,C102111
p15828749,504207593.0,21523,雪肌精,SEKKISEI,SEKKISEI雪肌精逸透純淨舒潤乳液140ml,3022,1091,111,270.0,4.1,6,6,7,500022953.0,3,c85652629,C108003
p15867669,504212990.0,13558,植村秀,SHU UEMURA,SHU UEMURA植村秀羽紗潤養流光精華粉底液35 ml,3021,2201,332,565.0,5.9,27,27,100+,500023044.0,1,c85704064,C114245
p15743194,504207596.0,10123,雅詩蘭黛,ESTEE LAUDER,ESTEE LAUDER雅詩蘭黛柔和眼部卸妝液100ml,3022,2243,210,370.0,5.7,7,7,3,500022953.0,3,c85557074,C004513
p15880150,504208215.0,31845,聖羅蘭,YSL,YSL聖羅蘭 MON PARIS 濃香水 50ML,3037,2352,708,1165.0,6.1,5,5,7,500022953.0,3,c85719468,C035234
p15737151,504208210.0,14721,祖瑪瓏,JO MALONE LONDON,JO MALONE祖·瑪瓏柚子香水30毫升,3037,3204,348,640.0,5.4,6,6,16,500022953.0,3,c85549344,C030058
p15828392,504213039.0,15063,庭潤,THANN,THANN庭潤繽紛果園精油50ml,3037,1525,253,505.0,5.0,7,7,10,500023044.0,1,c85653078,C107579
p15735853,,31876,AVEDA,AVEDA (Hair Care),AVEDA艾凡達梳髮刷1pcs,3276,3323,240,,,12,0,100+,,0,c85548087,C047211
p15914171,,31046,艾哈佛,AHAVA,AHAVA死海賦顏黃金面膜 50ml,3022,1097,528,,,9,0,5,,0,c85757437,C100477
p15805771,504208209.0,13157,巴黎歐萊雅,L'OREAL PARIS,L'OREAL 歐萊雅夜間修護精華 30ml,3022,1096,215,360.0,6.0,4,4,37,500022953.0,3,c85626426,C104280
p15825996,504207599.0,12290,喬治阿瑪尼,GIORGIO ARMANI,GIORGIO ARMANI 阿瑪尼黑鑰匙緊致眼霜-20ML,3039,2813,1034,1590.0,6.5,6,6,44,500022953.0,3,c85650070,C107276
p15882451,504208208.0,31887,倩碧,CLINIQUE,Clinique美白祛斑精華露 50ml,3022,1096,486,810.0,6.0,5,5,32,500022953.0,3,c85723183,C116209
p15883649,,10213,資生堂,SHISEIDO,Shiseido資生堂-資生堂紅妍肌活精華露-IV 100ML,3022,1096,1390,,,1,0,49,,0,c85724721,C115857
p15796908,504207598.0,10174,魅可,MAC,MAC魅可絲緞絨霧細管唇膏2g,3016,2195,128,235.0,5.4,7,7,3,500022953.0,3,c85616940,C101193
p15795055,504207606.0,10162,蘭蔻,LANCOME,LANCOME蘭蔻菁純臻顏精華粉底霜 100 35ml,3021,2201,726,1210.0,6.0,5,5,47,500022953.0,3,c85615232,C102421
p15866254,504208224.0,10160,海藍之謎,LA MER,LA MER海藍之謎鎏金煥顏密集賦活精華露30ml,3022,1096,4124,6800.0,6.1,2,2,41,500022953.0,3,c85700850,C111442
p15781811,504207608.0,14572,理膚泉,LA ROCHE-POSAY,LA ROCHE-POSAY  理膚泉特安修護安心霜 40ml,3022,1093,182,305.0,6.0,4,4,43,500022953.0,3,c85600946,C102404
p15741904,504208217.0,31878,碧歐泉,BIOTHERM (Beauty),BIOTHERM 碧歐泉男士水動力爽膚水 200ml,3022,1090,190,305.0,6.2,5,5,24,500022953.0,3,c85555211,C039651
p15824436,504213056.0,10123,雅詩蘭黛,ESTEE LAUDER,ESTEE LAUDER雅詩蘭黛沁水養膚粉底液兩支裝30ml*2,3021,2201,537,935.0,5.7,13,13,67,500023044.0,1,c85646887,C102790
p15743175,504207602.0,31845,聖羅蘭,YSL,YSL聖羅蘭 自由之水清版淡香水 50ML,3037,2352,684,1140.0,6.0,6,6,12,500022953.0,3,c85556559,C055156
p15742390,504207631.0,20490,科顏氏,KIEHL'S,Kiehl's 科顏氏夜間修護精華液 50ml,3022,1096,406,680.0,6.0,3,3,67,500022953.0,3,c85556172,C020093
p15742492,504208220.0,10160,海藍之謎,LA MER,LA MER海藍之謎活顏煥膚精華露 30ml 柔滑細膩緊致肌膚,3022,1096,1888,3095.0,6.1,2,2,61,500022953.0,3,c85555816,C047987
p15737157,504207603.0,10085,芭比布朗,BOBBI BROWN,BOBBI BROWN芭比波朗至盈呵護亮顏美肌乳(素顏霜)璨香檳30ml,3022,1091,336,740.0,4.5,6,6,5,500022953.0,3,c85549348,C040286
p15738914,504207604.0,13651,黛珂,DECORTE,COSME DECORTE黛珂AQ珍萃精顏綺甄眼霜 20g,3039,2813,1156,2150.0,5.4,5,5,24,500022953.0,3,c85550902,C047694
p15844737,504207605.0,14721,祖瑪瓏,JO MALONE LONDON,JO MALONE祖瑪瓏潤膚乳霜馥鬱系列 200ml,3028,2269,555,990.0,5.6,4,4,13,500022953.0,3,c85672743,C105936
p15797219,504208216.0,10162,蘭蔻,LANCOME,LANCOME蘭蔻菁純臻顏精華粉底霜 110 35ml,3021,2201,726,1210.0,6.0,5,5,20,500022953.0,3,c85616974,C102420
p15872476,504207613.0,10213,資生堂,SHISEIDO,SHISEIDO資生堂時光琉璃禦藏豐盈奢養三部曲125ml+170ml+50ml,3022,1100,2121,3670.0,5.8,5,5,15,500022953.0,3,c85710206,C114208
p15737589,504207609.0,14721,祖瑪瓏,JO MALONE LONDON,JO MALONE祖·瑪瓏香氛蠟燭(青檸羅勒與柑橘香型）,3037,1525,301,555.0,5.4,5,5,35,500022953.0,3,c85549559,C040765
p15739981,504207694.0,14721,祖瑪瓏,JO MALONE LONDON,JO MALONE祖·瑪瓏香水(牡丹胭紅麂絨香型)100ml,3037,3204,757,1315.0,5.8,2,2,6,500022953.0,3,c85551979,C043360
p15793223,504207610.0,14721,祖瑪瓏,JO MALONE LONDON,JO MALONE祖瑪瓏香氛蠟燭(月光花香型)200g,3037,1525,310,555.0,5.6,5,5,69,500022953.0,3,c85612713,C100921
p15764368,504207611.0,14721,祖瑪瓏,JO MALONE LONDON,JO MALONE祖·瑪瓏香水(月光花香型)100ml,3037,2352,757,1355.0,5.6,5,5,8,500022953.0,3,c85580524,C100913
p15802039,504207617.0,10174,魅可,MAC,MAC魅可絲緞絨霧細管唇膏24 2g,3016,2195,128,235.0,5.4,5,5,15,500022953.0,3,c85622283,C103064
p15913739,504213063.0,31046,艾哈佛,AHAVA,AHAVA潔淨多效潔面乳 250ml,3022,1091,146,242.0,6.0,5,5,2,500023044.0,1,c85757443,C109776
p15743284,504207622.0,10120,伊麗莎白·雅頓,ELIZABETH ARDEN,Elizabeth Arden伊麗莎白雅頓逆時橘燦精純眼霜15ml,3039,2813,403,877.0,4.6,4,4,11,500022953.0,3,c85557181,C015057
p15743671,504207612.0,31887,倩碧,CLINIQUE,"CLINIQUE倩碧滋潤高效水嫩保濕套裝125ml, 30ml, 15ml",3022,1100,408,710.0,5.7,5,5,16,500022953.0,3,c85557025,C053171
p15742464,504207623.0,31887,CLINIQUE,CLINIQUE (Beauty),CLINIQUE倩碧100 小時自我修護水嫩補濕啫喱200ML,3022,1093,601,1065.0,5.6,4,4,19,500022953.0,3,c85555783,C053174
p15845716,504207633.0,10160,海蓝之谜,LA MER,LA MER海藍之謎身體修護精華乳液160ml,3028,2269,927,1550.0,6.0,4,4,26,500022953.0,3,c85674008,C110609
p15739482,504208237.0,13558,植村秀,SHU UEMURA,shu uemura植村秀植萃舒緩潔顏油 450ml,3022,2243,566,930.0,6.1,1,1,57,500022953.0,3,c85552400,C057132
p15781808,504208413.0,13558,植村秀,SHU UEMURA,shu uemura植村秀滋養纖長睫毛膏 黑色 7g【有效期至：2027年6月】,3038,2203,160,285.0,5.6,5,5,5,500022954.0,3,c85601351,C102511
p15742045,504207614.0,13651,黛珂,DECORTE,COSME DECORTE黛珂AQ珍萃精顏臻悅粉盒1pcs,3013,1141,109,220.0,5.0,5,5,3,500022953.0,3,c85554841,C052844
p15742735,504208261.0,14721,祖瑪瓏,JO MALONE LONDON,JO MALONE祖·瑪瓏香水(藍風鈴香型)30ML,3037,3204,348,630.0,5.5,1,1,36,500022953.0,3,c85555547,C043385
p15737838,504207615.0,14721,祖瑪瓏,JO MALONE LONDON,JO MALONE祖·瑪瓏黑石榴香水100毫升,3037,3204,757,1355.0,5.6,5,5,9,500022953.0,3,c85549837,C030079
p15914176,,31046,艾哈佛,AHAVA,AHAVA死海礦物柔潤磨砂鹽 220g,3028,1109,242,,,4,0,4,,0,c85757817,C109771
p15914172,,31046,艾哈佛,AHAVA,AHAVA海之吻礦物身體乳 200ml,3028,2269,242,,,3,0,5,,0,c85757440,C100458
p15913733,504212991.0,31046,艾哈佛,AHAVA,AHAVA海之吻礦物舒潤護手霜 100ml,3028,2264,107,178.0,6.0,6,6,3,500023044.0,1,c85757438,C100453
p15738579,504208304.0,31886,肌膚之鑰,CLE DE PEAU BEAUTE,CPB肌膚之鑰光盈 粉餅盒,3021,2201,132,220.0,6.0,1,1,18,500022953.0,3,c85550561,C028811
p15884175,504207620.0,31878,碧歐泉,BIOTHERM,Biotherm碧歐泉男士水動力保濕棒,3022,1090,177,295.0,6.0,4,4,3,500022953.0,3,c85725059,C117172
p15850245,504208232.0,10123,雅詩蘭黛,ESTEE LAUDER,ESTEE LAUDER雅詩蘭黛鮮活亮采二合一泡沫潔面乳 125ML,3022,1088,188,340.0,5.5,2,2,26,500022953.0,3,c85679719,C105760
p15824801,504212964.0,10123,雅诗兰黛,ESTEE LAUDER,ESTEE LAUDER雅詩蘭黛白金級奢寵光璨精華粉底液30ml,3021,2201,527,960.0,5.5,32,32,100+,500023044.0,1,c85647250,C048745
p15871387,504207639.0,10123,雅詩蘭黛,ESTEE LAUDER,ESTEE LAUDER雅詩蘭黛特潤修護夜間煥能精華霜膜65ML,3022,1096,557,960.0,5.8,3,3,33,500022953.0,3,c85708591,C115153
p15819757,504207627.0,31887,倩碧,CLINIQUE (Beauty),CLINIQUE倩碧水嫩保濕舒潤凝霜 50ml*2,3022,1093,366,610.0,6.0,4,4,9,500022953.0,3,c85641787,C106255
p15895884,,31845,聖羅蘭,YSL,YSL聖羅蘭先鋒高定腮紅42,3021,2213,480,,,2,0,23,,0,c85739297,C115938
p15877392,504207630.0,13157,巴黎歐萊雅,L'OREAL PARIS,L'OREAL歐萊雅複顏滋潤眼霜套裝15ml*3,3039,2813,308,515.0,6.0,4,4,8,500022953.0,3,c85716715,C106503
p15828362,504207624.0,21523,雪肌精,SEKKISEI,SEKKISEI雪肌精逸透純淨安潤化妝水200ml,3022,1090,107,260.0,4.1,2,2,13,500022953.0,3,c85653039,C108005
p15914169,504213092.0,31046,艾哈佛,AHAVA,AHAVA礦物海泥光透保濕面膜 50ml,3022,1097,162,278.0,5.8,4,4,3,500023044.0,1,c85757810,C100466
p15880153,504207625.0,10162,蘭蔻,LANCOME,LANCOME蘭蔻夢寐睛靈防水睫毛膏 01 6.5ml,3038,2203,200,335.0,6.0,2,2,13,500022953.0,3,c85719653,C018863
p15825266,504207684.0,10162,蘭蔻,LANCOME,LANCOME蘭蔻塑顏修護凝露水-400ML,3022,1090,617,995.0,6.2,2,2,23,500022953.0,3,c85647822,C107472
p15792881,504207626.0,10120,伊麗莎白·雅頓,ELIZABETH ARDEN,Elizabeth Arden伊麗莎白雅頓綠茶荔枝香水 100ml,3037,2352,163,362.0,4.5,3,3,4,500022953.0,3,c85613280,C102043
p15739538,504207628.0,31887,CLINIQUE,CLINIQUE (Beauty),CLINIQUE倩碧男士卓越潤膚乳潤膚乳100ml,3022,1091,182,335.0,5.4,4,4,10,500022953.0,3,c85551514,C022961
p15741792,504208234.0,31845,聖羅蘭,YSL BEAUTY,YSL聖羅蘭 BLACalvin Klein OPIUM 濃香水 50ML,3037,2352,708,1165.0,6.1,3,3,17,500022953.0,3,c85555107,C028835
p15824023,504207632.0,21523,雪肌精,SEKKISEI,SEKKISEI雪肌精逸透完美套裝200ml+140ml,3022,1100,196,480.0,4.1,3,3,9,500022953.0,3,c85646178,C103133
p15885455,504208219.0,10160,海藍之謎,LA MER,La Mer海藍之謎全新極緻修護晚間精華霜50ML,3022,1096,2921,4635.0,6.3,2,2,46,500022953.0,3,c85726549,C116212
p15741767,504207635.0,14721,祖瑪瓏,JO MALONE LONDON,JO MALONE祖·瑪瓏香水（忍冬與印蒿香型）30ML,3037,3204,378,640.0,5.9,4,4,4,500022953.0,3,c85555080,C041908
p15737155,504207665.0,12469,湯姆福特,TOM FORD,TOM FORD湯姆福特幻魅塑型眉筆,3038,2207,306,555.0,5.5,4,4,31,500022953.0,3,c85651036,C040479
p15913734,,31046,艾哈佛,AHAVA,AHAVA礦物保濕護足霜 100ml,3028,2269,172,,,2,0,7,,0,c85757439,C100475
p15870224,,31163,儀式,RITUALS,RITUALS梵心儀式身體乳220ml,3028,2269,225,,,2,0,49,,0,c85707086,C106610
p15874758,504208228.0,10120,伊麗莎白·雅頓,ELIZABETH ARDEN,ELIZABETH ARDEN伊麗莎白·雅頓	時空煥活淡紋緊致面霜 50ml,3022,1093,405,735.0,5.5,4,4,4,500022953.0,3,c85713375,C111719
p15824798,504213033.0,10123,雅詩蘭黛,ESTEE LAUDER,ESTEE LAUDER雅詩蘭黛沁水養膚粉底液30ml,3021,2201,287,520.0,5.5,22,22,100+,500023044.0,1,c85647233,C102811
p15800845,504207646.0,31887,倩碧,CLINIQUE,CLINIQUE倩碧香氛 50ml,3037,2352,124,270.0,4.6,3,3,9,500022953.0,3,c85621397,C003031
p15736156,,31887,CLINIQUE,CLINIQUE (Beauty),CLINIQUE倩碧修護滋養眼霜15ML,3039,2813,400,,,3,0,9,,0,c85547921,C007992
p15736175,504207640.0,31887,倩碧,CLINIQUE,CLINIQUE倩碧淨顏清爽保濕乳 50ml,3022,2243,157,280.0,5.6,3,3,2,500022953.0,3,c85548275,C009666
p15830815,504207651.0,31845,聖羅蘭,YSL,YSL聖羅蘭瑩亮潤彩唇膏,3016,2195,227,380.0,6.0,3,3,10,500022953.0,3,c85656131,C106054
p15876950,504208229.0,13157,巴黎歐萊雅,L'OREAL PARIS,L'OREAL歐萊雅複顏日霜 50ml,3022,1093,120,200.0,6.0,3,3,19,500022953.0,3,c85716718,C107406
p15736650,504207676.0,10085,芭比布朗,BOBBI BROWN,BOBBI BROWN芭比波朗眼影刷,3012,2278,204,365.0,5.6,2,2,14,500022953.0,3,c85548569,C024086
p15845714,,10085,芭比布朗,BOBBI BROWN,BOBBI BROWN芭比波朗密集奢采精華粉底霜 30ml,3021,2201,770,,,2,0,30,,0,c85673810,C108894
p15739614,504207695.0,14721,祖瑪瓏,JO MALONE LONDON,JO MALONE祖·瑪瓏香水(銀樺與薰衣草香型)30ml,3037,2352,378,640.0,5.9,2,2,4,500022953.0,3,c85551595,C056735
p15739177,504208240.0,12469,湯姆福特,TOM FORD,TOM FORD湯姆福特香水（荊刺玫瑰香型） 100ml,3037,2352,2870,4555.0,6.3,2,2,6,500022953.0,3,c85551593,C056795
p15890287,504208241.0,31163,儀式,RITUALS,RITUALS皇家清茶藤條香薰450ml,3037,1525,357,625.0,5.7,1,1,45,500022953.0,3,c85732364,C117858
p15895892,504207641.0,12290,喬治阿瑪尼,GIORGIO ARMANI,Giorgio Armani阿瑪尼紅管唇釉-504 6.5ml,3016,2197,227,380.0,6.0,3,3,3,500022953.0,3,c85739304,C119247
p15873347,504207642.0,12290,喬治阿瑪尼,GIORGIO ARMANI,GIORGIO ARMANI 阿瑪尼紅管緞光唇釉 #14（4ml）,3016,2197,227,380.0,6.0,1,1,19,500022953.0,3,c85710766,C115905
p15894219,504208243.0,10120,伊麗莎白·雅頓,ELIZABETH ARDEN,Elizabeth Arden伊莉莎白雅頓八小時潔面125ml,3022,1088,127,230.0,5.5,2,2,2,500022953.0,3,c85736804,C118141
p15881893,504207647.0,10103,倩碧,CLINIQUE,Clinique倩碧祛紅舒緩潔面霜50ml,3022,1088,328,525.0,6.2,3,3,2,500022953.0,3,c85723092,C116202
p15735335,504207670.0,31887,倩碧,CLINIQUE,CLINIQUE倩碧男士保濕爽膚水200ml,3022,1090,128,230.0,5.6,2,2,18,500022953.0,3,c85547602,C022962
p15741126,504207790.0,31845,聖羅蘭,YSL BEAUTY,YSL聖羅蘭 BLACalvin Klein OPIUM 濃香水 90ML,3037,2352,1010,1655.0,6.1,19,19,15,500022953.0,3,c85553885,C028836
p15894076,504208235.0,31845,聖羅蘭,YSL,YSL聖羅蘭瑩亮純魅唇膏 12 3.2g,3016,2195,227,380.0,6.0,2,2,9,500022953.0,3,c85736647,C112570
p15825390,504207674.0,13157,巴黎歐萊雅,L'OREAL PARIS,L'OREAL歐萊雅複顏水光充盈柔膚水-200ML,3022,1096,69,115.0,6.0,2,2,12,500022953.0,3,c85647971,C107186
p15742124,504207653.0,14599,赫蓮娜,HELENA RUBINSTEIN,HR赫蓮娜悅活蓄能肌水200ml,3022,1090,841,1370.0,6.1,3,3,22,500022953.0,3,c85555436,C028648
p15863600,504207654.0,13558,植村秀,SHU UEMURA,SHU UEMURA植村秀絹感潤護水光唇釉,3016,2197,186,315.0,5.9,4,4,21,500022953.0,3,c85698753,C113078
p15895891,504207655.0,13558,植村秀,SHU UEMURA,shu uemura植村秀大師立體眼影盤-茶棕盤,3038,2217,322,495.0,6.5,3,3,,500022953.0,3,c85739303,C119212
p15824438,504213151.0,10085,芭比布朗,BOBBI BROWN,BOBBI BROWN芭比波朗純色奢金緞光唇膏3.5g,3016,2195,189,360.0,5.3,6,6,24,500023044.0,1,c85647267,C102777
p15851788,504213201.0,14721,祖玛珑,JO MALONE LONDON,JO MALONE祖瑪瓏末藥與冬加豆沐浴露 250ml,3028,2268,277,510.0,5.4,2,2,8,500023044.0,1,c85681454,C111235
p15742726,504208263.0,14721,祖瑪瓏,JO MALONE LONDON,JO MALONE祖·瑪瓏杏桃花與蜂蜜香水 30ml  C030076,3037,3204,348,640.0,5.4,1,1,23,500022953.0,3,c85555538,C030076
p15877260,504207696.0,14721,祖瑪瓏,JO MALONE LONDON,Jo Malone祖瑪瓏香水馥鬱系列（無垢木與雪松香型）100ml,3037,3204,956,1675.0,5.7,2,2,2,500022953.0,3,c85716534,C115259
p15820029,504207662.0,10174,魅可,MAC,MAC魅可輕羽纖密睫毛膏BLACK STACK 12ml,3038,2203,157,280.0,5.6,1,1,19,500022953.0,3,c85641800,C106092
p15848007,504207666.0,10162,蘭蔻,LANCOME,LANCOME蘭蔻黑金臻寵潤養眼霜-15ML,3039,2813,1893,3155.0,6.0,2,2,11,500022953.0,3,c85676711,C111457
p15881454,504207714.0,31878,碧歐泉,BIOTHERM,BIOTHERM碧歐泉男士煥活亮膚精華露30ml,3022,1096,478,810.0,5.9,1,1,3,500022953.0,3,c85721804,C116593
p15737546,504208244.0,10120,伊麗莎白·雅頓,ELIZABETH ARDEN,Elizabeth Arden伊麗莎白雅頓時空煥活塑顏緊致晚霜 50ml,3022,1093,312,678.0,4.6,1,1,4,500022953.0,3,c85549408,C100025
p15736643,504208245.0,10120,伊麗莎白·雅頓,ELIZABETH ARDEN,Elizabeth Arden伊麗莎白雅頓時空煥活塑顏緊致面霜 50ml,3022,1093,308,669.0,4.6,1,1,13,500022953.0,3,c85548395,C100188
p15887527,504207685.0,10120,伊麗莎白·雅頓,ELIZABETH ARDEN,Elizabeth Arden伊莉莎白雅頓經典身體潤澤霜-400ML,3028,2269,209,380.0,5.5,2,2,2,500022953.0,3,c85728923,C108599
p15824435,,10123,雅詩蘭黛,ESTEE LAUDER,ESTEE LAUDER雅詩蘭黛櫻花版微精華露200ml,3022,1096,965,,,3,0,41,,0,c85647246,C101252
p15825605,504207669.0,10123,雅詩蘭黛,ESTEE LAUDER,ESTEE LAUDER雅詩蘭黛絕色由我絨霧唇膏3.5g,3016,2195,182,360.0,5.1,8,8,39,500022953.0,3,c85647757,C105768
p15845680,,10123,雅詩蘭黛,ESTEE LAUDER,Estee Lauder極緻鑽亮修護粉底霜30ml,3021,2201,1125,,,1,0,32,,0,c85673447,C105057
p15794713,504207671.0,31887,倩碧,CLINIQUE,CLINIQUE倩碧炫目眼線筆101號 1.2g,3038,2203,112,185.0,6.1,2,2,1,500022953.0,3,c85615208,C026571
p15886985,504207672.0,31887,倩碧,CLINIQUE,Clinique倩碧祛紅舒緩潔面乳150ml,3022,1088,128,235.0,5.4,2,2,1,500022953.0,3,c85728928,C116204
p15895898,504207673.0,31845,聖羅蘭,YSL,YSL聖羅蘭黑管啞光唇釉-202  5.5ML,3016,2197,234,390.0,6.0,2,2,1,500022953.0,3,c85739309,C117176
p15831784,504207677.0,10085,芭比布朗,BOBBI BROWN,BOBBI BROWN芭比波朗持久滋潤細金管唇膏,3016,2195,192,350.0,5.5,2,2,48,500022953.0,3,c85657533,C046656
p15846924,504207693.0,31003,卡詩,KERASTASE,KERASTASE卡詩賦源芯絲奢護精華霜-200ML,3022,1096,225,350.0,6.4,8,8,87,500022953.0,3,c85676704,C108608
p15881896,504207681.0,10174,魅可,MAC,MAC魅可新經典緞光唇膏837-PEACHSTOCK 3.5g,3016,2195,104,190.0,5.5,2,2,1,500022953.0,3,c85722730,C116146
p15858580,504207683.0,12290,喬治阿瑪尼,GIORGIO ARMANI,GIORGIO ARMANI阿瑪尼「大師」鎖光粉底液 幹皮保濕細膩服帖30ml,3021,2201,385,655.0,5.9,11,11,96,500022953.0,3,c85691298,C112100
p15743177,,31887,倩碧,CLINIQUE,CLINIQUE倩碧100 小時自我修護水嫩補濕啫喱 大容量 雙支裝2 x 200ml,3022,1100,1705,,,5,0,28,,0,c85557050,C053175
p15737432,,31887,CLINIQUE,CLINIQUE (Beauty),CLINIQUE倩碧男士控油保濕潤膚霜 100ml,3022,1093,320,,,1,0,19,,0,c85550213,C055311
p15737814,504207795.0,31862,莫傑,MARC JACOBS,MARC JACOBS莫傑雛菊摯愛蜜語女士淡香氛EDT 50mL,3037,2352,318,775.0,4.1,1,1,4,500022953.0,3,c85549814,C043469
p15809685,504213066.0,21523,雪肌精,SEKKISEI,SEKKISEI  雪肌精逸透純淨安潤化妝水 200ml,3022,1090,137,248.0,5.5,6,6,10,500023044.0,1,c85631199,C106015
p15809676,504207690.0,21523,雪肌精,SEKKISEI,SEKKISEI  雪肌精逸透柔潤勻亮凝霜盒,3022,1093,30,71.0,4.2,2,2,6,500022953.0,3,c85630982,C106013
p15739483,504208248.0,13558,植村秀,SHU UEMURA,shu uemura植村秀植萃舒緩潔顏油 150ml,3022,2243,251,420.0,6.0,1,1,20,500022953.0,3,c85552403,C057133
p15830838,,10085,芭比波朗,BOBBI BROWN,BOBBI BROWN芭比波朗羽柔定妝蜜粉餅,3021,2214,395,,,8,0,70,,0,c85655658,C107815
p15741818,504207740.0,10085,芭比布朗,BOBBI BROWN,BOBBI BROWN芭比波朗炙戀精油唇蜜#4裸色粉紅6 ml,3016,2197,134,245.0,5.5,1,1,13,500022953.0,3,c85555124,C049496
p15864115,504213153.0,10085,芭比布朗,BOBBI BROWN,BOBBI BROWN芭比波朗至盈呵護唇蜜 BARE 6ML,3022,1098,190,350.0,5.4,3,3,45,500023044.0,1,c85700051,C112792
p15890120,504207692.0,10085,芭比布朗,BOBBI BROWN,Bobbi Brown芭比波朗密集奢采精華防曬乳30ml,3022,1096,300,545.0,5.5,1,1,5,500022953.0,3,c85732192,C116186
p15736701,504208255.0,10085,芭比波朗,BOBBI BROWN,BOBBI BROWN芭比波朗修容,3012,2278,253,445.0,5.7,1,1,10,500022953.0,3,c85548619,C024071
p15809339,504208250.0,14721,祖瑪瓏,JO MALONE LONDON,JO MALONE LONDON 祖瑪瓏古龍水-晚香玉與天使草古龍-100ML,3037,3204,975,1685.0,5.8,1,1,9,500022953.0,3,c85630975,C105485
p15738976,504208273.0,14721,祖玛珑,JO MALONE LONDON,JO MALONE祖·瑪瓏橙花香水30ml,3037,3204,348,630.0,5.5,1,1,19,500022953.0,3,c85551425,C043369
p15739431,504207697.0,14721,祖玛珑,JO MALONE LONDON,JO MALONE祖·瑪瓏香水(青檸羅勒與柑橘香型)30ml,3037,3204,344,630.0,5.5,1,1,16,500022953.0,3,c85552319,C043365
p15737098,504208251.0,12469,湯姆福特,TOM FORD,TOM FORD湯姆福特柔霧緞采唇膏50 3g,3016,2195,270,490.0,5.5,1,1,23,500022953.0,3,c85548909,C100702
p15876086,504207775.0,100064,自然堂,CHANDO,CHANDO自然堂舒緩潤養卸妝膏100ml*2支裝,3022,1100,157,346.0,4.5,1,1,4,500022953.0,3,c85714719,IN100351
p15893906,504208115.0,31883,歐緹麗,CAUDALIE,Caudalie歐緹麗葡萄籽水保濕潤色CC霜-1-30ML,3021,2201,160,290.0,5.5,2,2,2,500022953.0,3,c85737235,C118051
p15794727,504207706.0,12290,喬治阿瑪尼,GIORGIO ARMANI,GIORGIO ARMANI阿瑪尼紅管唇釉 311 6.5ml,3016,2197,227,380.0,6.0,1,1,1,500022953.0,3,c85614670,C103404
p15890634,504207708.0,12290,喬治阿瑪尼,GIORGIO ARMANI,Giorgio Armani 喬治阿瑪尼液體眼影-69S 3.9ml,3038,2217,208,330.0,6.3,1,1,1,500022953.0,3,c85733266,C119084
p15890627,504207709.0,12290,喬治阿瑪尼,GIORGIO ARMANI,Giorgio Armani 喬治阿瑪尼液體眼影-90M 3.9ml,3038,2217,208,330.0,6.3,1,1,,500022953.0,3,c85732855,C119088
p15871567,504207710.0,10162,蘭蔻,LANCOME,LANCOME蘭蔻柔霧腮紅-02,3021,2213,236,395.0,6.0,1,1,13,500022953.0,3,c85708796,C114047
p15846945,504208267.0,10162,蘭蔻,LANCOME,LANCOME蘭蔻黑金臻寵滋養美容液-150ML,3022,1090,1130,1815.0,6.2,1,1,17,500022953.0,3,c85676738,C111454
p15943010,504207712.0,10162,蘭蔻,LANCOME,Lancome蘭蔻菁純卓越賦活修護四件套150ml+60ml+20ml+50ml,3022,1100,3808,5600.0,6.8,1,1,,500022953.0,3,c85787355,C118379
p15878941,504207781.0,31878,碧歐泉,BIOTHERM,BIOTHERM 碧歐泉護膚精華眼霜 15ml,3039,2813,400,670.0,6.0,1,1,15,500022953.0,3,c85719231,C044260
p15740712,504208252.0,10120,伊麗莎白·雅頓,ELIZABETH ARDEN,Elizabeth Arden伊麗莎白雅頓白茶淡香水（野玫瑰香型）100ml,3037,2352,193,426.0,4.5,1,1,8,500022953.0,3,c85553198,C045784
p15894213,504207715.0,10120,伊麗莎白·雅頓,ELIZABETH ARDEN,Elizabeth Arden伊莉莎白雅頓亮澤彈力霜50ml,3022,1093,341,620.0,5.5,1,1,3,500022953.0,3,c85737084,C118147
p15825384,504207716.0,10120,伊麗莎白·雅頓,ELIZABETH ARDEN,Elizabeth伊麗莎白雅頓白茶淡香水 EDT,3037,2352,161,354.0,4.5,2,2,4,500022953.0,3,c85647967,C107069
p15884409,,10131,紀梵希,Givenchy,GIVENCHY紀梵希高定甜潤耀彩精萃唇膏304,3016,2195,345,,,1,0,21,,0,c85724967,C117501
p15825637,504207718.0,10131,紀梵希,Givenchy,GIVENCHY紀梵希高定香榭粉絲絨唇膏3.4g,3016,2195,157,360.0,4.4,1,1,24,500022953.0,3,c85652544,C103664
p15890622,504207719.0,10131,紀梵希,Givenchy,GIVENCHY 紀梵希傾城裸絲絨香水50ML,3037,2352,687,1145.0,6.0,1,1,,500022953.0,3,c85732851,C118153
p15891083,504207720.0,10131,紀梵希,Givenchy,GIVENCHY 紀梵希傾城裸絲絨香水-80ML,3037,2352,804,1340.0,6.0,1,1,,500022953.0,3,c85732849,C118155
p15828347,504213128.0,10123,雅詩蘭黛,ESTEE LAUDER,ESTEE LAUDER雅詩蘭黛絕色由我緞光唇膏3.5g,3016,2195,180,360.0,5.0,4,4,14,500023044.0,1,c85652614,C105800
p15830418,504207643.0,10123,雅詩蘭黛,ESTEE LAUDER,ESTEE LAUDER雅詩蘭黛三合一多功能造型眉筆2ml,3038,2207,165,305.0,5.4,2,2,6,500022953.0,3,c85656148,C108802
p15739541,,31887,倩碧,CLINIQUE,CLINIQUE倩碧男士保濕精華露 48ML,3022,1096,385,,,1,0,13,,0,c85551516,C035429
p15819756,,31887,倩碧,CLINIQUE,CLINIQUE倩碧智慧專研撫紋面霜 50ml,3022,1093,610,,,1,0,48,,0,c85642084,C103081
p15896332,504207731.0,13558,植村秀,SHU UEMURA,shu uemura植村秀大師立體眼影盤-琉璃盤,3038,2217,322,495.0,6.5,1,1,3,500022953.0,3,c85739528,C119214
p15943011,504207736.0,13558,植村秀,SHU UEMURA,SHU UEMURA植村秀絹感潤護水光唇釉 PK377,3016,2197,186,310.0,6.0,1,1,,500022953.0,3,c85787356,C121490
p15896545,504207742.0,10085,芭比布朗,BOBBI BROWN,Bobbi Brown芭比波朗啞光兩用唇頰霜4,3021,2213,202,330.0,6.1,1,1,1,500022953.0,3,c85739677,C117542
p15896488,504207743.0,10085,芭比布朗,BOBBI BROWN,Bobbi Brown芭比波朗啞光兩用唇頰霜41,3021,2213,202,330.0,6.1,1,1,,500022953.0,3,c85739462,C117544
p15896537,504207744.0,10085,芭比布朗,BOBBI BROWN,Bobbi Brown芭比波朗至盈呵護水光固體唇蜜672號,3016,2197,231,350.0,6.6,1,1,,500022953.0,3,c85739463,C117547
p15829477,504207748.0,13651,黛珂,DECORTE,COSME DECORTE黛珂AQ珍萃精顏臻悅粉餅401 11g,3021,2214,577,1140.0,5.1,1,1,,500022953.0,3,c85655104,C052842
p15820481,504208258.0,14572,理膚泉,LA ROCHE-POSAY,LA ROCHE-POSAY 理膚泉防曬 50ml,3022,1092,159,265.0,6.0,11,11,45,500022953.0,3,c85642764,C106468
p15736384,504208264.0,14721,祖玛珑,JO MALONE LONDON,JO MALONE祖·瑪瓏青檸羅勒葉與柑橘潤膚乳液,3028,2269,301,545.0,5.5,1,1,17,500022953.0,3,c85548499,C029996
p15737090,504207751.0,14721,祖瑪瓏,JO MALONE LONDON,JO MALONE祖·瑪瓏香水(含羞草與小豆蔻香型)30ml,3037,3204,342,640.0,5.3,1,1,18,500022953.0,3,c85549278,C032645
p15737196,504207818.0,14721,祖瑪瓏,JO MALONE LONDON,JO MALONE祖·瑪瓏瓏香水(青檸羅勒與柑橘香型)30ml,3037,3204,342,640.0,5.3,1,1,4,500022953.0,3,c85549508,C030054
p15736708,504207752.0,14721,祖瑪瓏,JO MALONE LONDON,JO MALONE祖·瑪瓏黑石榴香水30毫升,3037,3204,348,640.0,5.4,1,1,1,500022953.0,3,c85548462,C030078
p15737544,504207753.0,14721,祖瑪瓏,JO MALONE LONDON,JO MALONE祖·瑪瓏香水(牡丹與胭紅麂絨香型)30毫升,3037,3204,348,640.0,5.4,1,1,3,500022953.0,3,c85549405,C030071
p15919487,504207754.0,14721,祖瑪瓏,JO MALONE LONDON,Jo Malone祖瑪瓏黃金大麥香氛蠟燭‌（200克/7盎司）‌,3037,1525,333,555.0,6.0,1,1,2,500022953.0,3,c85763445,C121544
p15737610,504207755.0,10174,魅可,MAC,MAC魅可3D立體睫毛膏,3038,2203,160,270.0,5.9,1,1,2,500022953.0,3,c85549475,C040655
p15740340,504207823.0,10174,魅可,MAC,MAC魅可絲緞柔霧唇膏/口紅 3g,3016,2195,108,200.0,5.4,1,1,21,500022953.0,3,c85553507,C041863
p15764594,504207756.0,10174,魅可,MAC,MAC魅可時尚焦點小眼影 0,3038,2217,61,110.0,5.5,1,1,2,500022953.0,3,c85580125,C049334
p15737670,504207824.0,10174,魅可,MAC,MAC魅可24小時持久遮瑕乳7ML,3021,2220,153,280.0,5.5,1,1,14,500022953.0,3,c85550038,C045113
p15736407,504207825.0,10174,魅可,MAC,MAC魅可感光粉底液按壓嘴,3013,1141,19,35.0,5.4,1,1,9,500022953.0,3,c85549021,C031753
p15919641,504207758.0,10174,魅可,MAC,MAC魅可節日限定高光碟03,3021,2219,186,310.0,6.0,1,1,,500022953.0,3,c85763816,C120335
p15884711,504207759.0,10174,魅可,MAC,MAC魅可晶亮液體腮紅01 4.30ml,3021,2213,152,240.0,6.3,1,1,,500022953.0,3,c85726129,C116276
p15885184,504207762.0,10174,魅可,MAC,MAC魅可絲柔啞光唇膏629 BARE M·A·CXIMAL 深色調濃郁朱古力棕色3.5g,3016,2195,104,190.0,5.5,1,1,,500022953.0,3,c85726139,C116122
p15743205,504207698.0,10174,魅可,MAC,MAC魅可立體絨光修容餅 9g,3021,2219,221,360.0,6.1,2,2,15,500022953.0,3,c85557086,C040630
p15743264,,10174,魅可,MAC,MAC魅可時尚焦點小眼影 0,3038,2217,110,,,1,0,5,,0,c85556653,C049320
p15830846,504208265.0,12469,湯姆福特,TOM FORD,TOM FORD湯姆福特濃香水(啡縈珍瑰香型) 100ml,3037,2352,1052,1835.0,5.7,1,1,4,500022953.0,3,c85656182,C107916
p15896528,504207768.0,12469,湯姆福特,TOM FORD,Tom Ford湯姆福特璀璨流光唇頰多用棒-01,3021,2213,257,395.0,6.5,1,1,,500022953.0,3,c85739665,C118215
p15896479,504207769.0,12469,湯姆福特,TOM FORD,Tom Ford湯姆福特璀璨流光唇頰多用棒-02,3021,2213,257,395.0,6.5,1,1,1,500022953.0,3,c85739450,C118213
p15896498,504207770.0,12469,湯姆福特,TOM FORD,Tom Ford湯姆福特璀璨流光唇頰多用棒-06,3021,2213,257,395.0,6.5,1,1,,500022953.0,3,c85739473,C118221
p15885182,504207771.0,12469,湯姆福特,TOM FORD,TOM FORD 柔霧緞采唇膏 【細黑管】91 古銅橘紅3.3g,3016,2195,268,490.0,5.5,1,1,,500022953.0,3,c85725780,C105176
p15919473,504207772.0,12469,湯姆福特,TOM FORD,Tom Ford湯姆福特雪映流光香水50ml,3037,3204,819,1365.0,6.0,1,1,7,500022953.0,3,c85763428,C120299
p15876081,504207847.0,100064,自然堂,CHANDO,CHANDO自然堂金鑽淨采煥活鎏金潔顏蜜 200ml,3022,1088,157,346.0,4.5,1,1,4,500022953.0,3,c85714713,IN100502
p15875681,504207848.0,100064,自然堂,CHANDO,CHANDO自然堂雪肌追光煥白緊致乳液110ml*2支裝,3022,1100,318,704.0,4.5,1,1,2,500022953.0,3,c85715017,IN100496
p15942672,504207915.0,13157,巴黎歐萊雅,L'OREAL PARIS,L`oreal巴黎歐萊雅青春密碼密集肌能精華肌底液兩支裝100ml*2,3022,1096,438,1095.0,4.0,3,3,2,500022953.0,3,c85787333,C121500
p15872012,504208119.0,10169,歐舒丹,L'OCCITANE,L'OCCITANE歐舒丹甜扁桃味沐浴綿綿霜-200ML,3028,2269,113,205.0,5.5,1,1,41,500022953.0,3,c85708778,C111785
p15893907,504208116.0,31883,歐緹麗,CAUDALIE,Caudalie歐緹麗葡萄籽曬後修護乳-200ML,3022,1092,110,200.0,5.5,1,1,1,500022953.0,3,c85737236,C118045
p15893909,504208117.0,31883,歐緹麗,CAUDALIE,Caudalie歐緹麗葡萄籽曬後修護乳-400ML,3022,1092,149,270.0,5.5,1,1,3,500022953.0,3,c85736932,C118049
p15881533,504207778.0,10162,蘭蔻,LANCOME,LANCOME蘭蔻奇跡濃香氛 50ml,3037,2352,578,965.0,6.0,4,4,4,500022953.0,3,c85722240,C000278
p15743242,504207779.0,10162,蘭蔻,LANCOME,LANCOME蘭蔻空氣輕墊持妝輕透粉底盒（外盒）,3013,1141,59,100.0,5.9,1,1,,500022953.0,3,c85557138,C040275
p15887948,504207782.0,10120,伊麗莎白·雅頓,ELIZABETH ARDEN,Elizabeth Arden伊莉莎白雅頓香氛套裝(10ml + 15ml + 15ml),3037,1145,164,355.0,4.6,1,1,1,500022953.0,3,c85730513,C116162
p15735875,504207783.0,10120,伊麗莎白·雅頓,ELIZABETH ARDEN,Elizabeth Arden伊麗莎白雅頓鉑粹禦膚肌活露 140ml,3022,1090,350,636.0,5.5,1,1,4,500022953.0,3,c85547793,C031054
p15736615,504207864.0,10120,伊麗莎白·雅頓,ELIZABETH ARDEN,Elizabeth Arden伊麗莎白雅頓紅門淡香氛,3037,2352,231,512.0,4.5,1,1,4,500022953.0,3,c85548372,C000970
p15886984,504207787.0,10123,雅詩蘭黛,ESTEE LAUDER,Estee Lauder雅詩蘭黛絕色由我絨霧唇膏185,3016,2195,180,275.0,6.5,1,1,2,500022953.0,3,c85729401,C116223
p15738788,504213187.0,31887,CLINIQUE,CLINIQUE (Beauty),CLINIQUE倩碧男士平衡滋養霜 50ML,3022,1093,207,380.0,5.4,2,2,11,500023044.0,1,c85551231,C046923
p15890118,504207788.0,31887,倩碧,CLINIQUE,CLINIQUE倩碧水嫩煥膚精華50ml,3022,1096,368,525.0,7.0,1,1,5,500022953.0,3,c85731777,C116203
p15737412,504207907.0,31845,聖羅蘭,YSL,YSL聖羅蘭自由之水濃香水 30ML,3037,2352,535,900.0,5.9,3,3,21,500022953.0,3,c85549775,C049145
p15884179,504207792.0,31845,聖羅蘭,YSL,YSL 聖羅蘭自由至上女士香水-淡香版 50ML,3037,2352,690,1150.0,6.0,1,1,7,500022953.0,3,c85725063,C118030
p15896322,504207793.0,31845,聖羅蘭,YSL,YSL聖羅蘭敢愛光耀豐盈唇蜜-1 6ml,3016,2197,247,380.0,6.5,4,4,4,500022953.0,3,c85739299,C118884
p15833287,,31845,聖羅蘭,YSL,YSL 聖羅蘭純口紅,3016,2195,380,,,1,0,23,,0,c85660236,C109582
p15942682,504207800.0,13558,植村秀,SHU UEMURA,SHU UEMURA植村秀絹感潤護裸感唇膏 RD168,3016,2195,189,315.0,6.0,1,1,1,500022953.0,3,c85786867,C121486
p15737019,504207804.0,10085,芭比布朗,BOBBI BROWN,BOBBI BROWN芭比波朗炙戀唇膏4號,3016,2195,141,270.0,5.2,1,1,1,500022953.0,3,c85549195,C039029
p15736240,504207805.0,10085,芭比波朗,BOBBI BROWN,BOBBI BROWN芭比波朗繽紛唇頰霜#6嫩玫紅0.13 oz/ 3.8 ml,3021,2213,169,310.0,5.5,1,1,8,500022953.0,3,c85548339,C023847
p15741372,504207806.0,10085,芭比布朗,BOBBI BROWN,BOBBI BROWN芭比波朗炙戀精油唇蜜#7自然美力6 ml,3016,2197,134,245.0,5.5,1,1,11,500022953.0,3,c85555165,C049499
p15830825,504207809.0,10085,芭比布朗,BOBBI BROWN,BOBBI BROWN芭比波朗五色眼影盤,3038,2217,266,490.0,5.4,1,1,13,500022953.0,3,c85656154,C108799
p15881889,504207814.0,10197,悦木之源,ORIGINS,Origins 悅木之源蘋果肌青春肌底液100ml,3022,1096,199,320.0,6.2,1,1,4,500022953.0,3,c85722724,C115041
p15891799,504207816.0,13651,黛珂,DECORTE,DECORTE 黛珂-AQ-舒活耀白麵霜50ml,3022,1093,1133,2060.0,5.5,1,1,2,500022953.0,3,c85734686,C114152
p15737467,504213211.0,14721,祖瑪瓏,JO MALONE LONDON,JO MALONE祖·瑪瓏香氛蠟燭（藍風鈴香型）,3037,1525,333,555.0,6.0,1,1,16,500023044.0,1,c85549841,C044609
p15875892,504207819.0,14721,祖瑪瓏,JO MALONE LONDON,JO MALONE LONDON祖瑪瓏檜木與雪松芳醇古龍水50ml,3037,3204,650,1165.0,5.6,1,1,7,500022953.0,3,c85715537,C115260
p15737170,504207821.0,14721,祖瑪瓏,JO MALONE LONDON,JO MALONE祖·瑪瓏香水（虞美人與大麥香型)30ML,3037,3204,348,640.0,5.4,1,1,5,500022953.0,3,c85549364,C047907
p15806092,504207827.0,10174,魅可,MAC,MAC魅可絲緞絨霧細管唇膏25 2g,3016,2195,128,235.0,5.4,1,1,3,500022953.0,3,c85626431,C103065
p15896487,504207828.0,10174,魅可,MAC,MAC魅可豐盈唇蜜5ml,3016,2197,134,205.0,6.5,1,1,2,500022953.0,3,c85739670,C117742
p15885157,504207829.0,10174,魅可,MAC,MAC魅可輕羽纖密睫毛膏12ml,3038,2203,172,315.0,5.5,1,1,1,500022953.0,3,c85726118,C116266
p15896536,504207830.0,10174,魅可,MAC,MAC魅可空氣唇蜜225 5ml,3016,2197,124,190.0,6.5,1,1,1,500022953.0,3,c85739669,C117728
p15871545,504207757.0,10174,魅可,MAC,MAC魅可定制鎏金遮瑕11ml,3021,2220,168,280.0,6.0,2,2,16,500022953.0,3,c85708772,C115233
p15875291,504207832.0,10174,魅可,MAC,MAC魅可定制柔雾保湿粉(饼盒),3021,2201,58,105.0,5.5,1,1,1,500022953.0,3,c85714127,C045105
p15870914,504207833.0,10174,魅可,MAC,MAC魅可24HR KAJAL眼線筆Extreme Black (8g),3038,3623,69,125.0,5.5,1,1,6,500022953.0,3,c85708490,C115456
p15896476,504207835.0,10174,魅可,MAC,MAC魅可空氣唇蜜220 5ml,3016,2197,124,190.0,6.5,1,1,1,500022953.0,3,c85739664,C117735
p15893782,504207840.0,15063,庭潤,THANN,THANN庭潤迷情伯爵散香器-150ML,3037,1525,261,450.0,5.8,1,1,8,500022953.0,3,c85737098,C056536
p15839487,504207774.0,12469,湯姆福特,TOM FORD,TOM FORD湯姆福特柔霧緞采唇膏 3.3g,3016,2195,268,490.0,5.5,2,2,7,500022953.0,3,c85667169,C105173
p15737346,504207845.0,12469,湯姆福特,TOM FORD,TOM FORD 至奢賦活精華面霜50ml/ 1.7 fl.OZ,3022,1093,1957,3155.0,6.2,1,1,,500022953.0,3,c85550108,C047986
p15740557,,31876,艾梵達,AVEDA,AVEDA三重修復草本護髮素200ml,3034,2254,340,,,2,0,37,,0,c85552547,C051940
p15875689,504208029.0,100064,自然堂,CHANDO,CHANDO自然堂喜馬拉雅茶泥淨顏清潔面膜(免稅店)100g*2支裝,3022,1100,137,249.0,5.5,1,1,13,500022953.0,3,c85715022,IN100389
p15875682,504208290.0,100064,自然堂,CHANDO,CHANDO自然堂雪肌追光煥白緊致面霜55g,3022,1093,180,390.0,4.6,1,1,2,500022953.0,3,c85714712,IN100330
p15875683,504208030.0,100064,自然堂,CHANDO,CHANDO自然堂金鑽微雕抗皺緊致悅享三件套(水乳精)200ml+110ml+50ml+60ml+5g,3022,1100,742,1581.0,4.7,1,1,2,500022953.0,3,c85715018,IN100380
p15893910,504208310.0,31883,歐緹麗,CAUDALIE,Caudalie歐緹麗葡萄籽抗氧身體防曬噴霧-SPF30-150ML,3022,1092,171,310.0,5.5,1,1,2,500022953.0,3,c85736933,C118048
p15831428,504207853.0,12290,喬治阿瑪尼,GIORGIO ARMANI-香化,GIORGIO ARMANI 阿瑪尼密碼男士淡香水 125ml,3037,2351,470,785.0,6.0,3,3,16,500022953.0,3,c85657619,C107506
p15741342,,31878,碧歐泉,BIOTHERM,BIOTHERM 碧歐泉男士城市防護隔離霜 30ml 舊包裝隨機髮貨,3022,1092,500,,,1,0,13,,0,c85555129,C031414
p15828390,504207866.0,10120,伊麗莎白·雅頓,ELIZABETH ARDEN,Elizabeth Arden伊麗莎白雅頓綠茶柚子小蒼蘭香水50ml,3037,2352,118,260.0,4.5,1,1,3,500022953.0,3,c85653075,C107072
p15871721,504207872.0,10120,伊麗莎白·雅頓,ELIZABETH ARDEN,ELIZABETH ARDEN伊麗莎白·雅頓綠茶椰子淡香水50ML,3037,2352,117,260.0,4.5,1,1,1,500022953.0,3,c85709373,C114902
p15876391,504212961.0,10131,紀梵希,Givenchy,GIVENCHY 紀梵希明星四宮格柔霧散粉,3021,2214,306,565.0,5.4,39,39,200+,500023044.0,1,c85715623,C113678
p15884410,504207874.0,10131,紀梵希,Givenchy,GIVENCHY紀梵希明星流光菁潤粉底液-1-5W 30ML,3021,2201,296,580.0,5.1,1,1,2,500022953.0,3,c85725321,C117487
p15821710,,10131,紀梵希,Givenchy,GIVENCHY紀梵希黑能臻萃潔面乳 125ml,3022,1088,830,,,2,0,9,,0,c85643779,C106514
p15825241,504213181.0,10131,紀梵希,Givenchy,GIVENCHY紀梵希高定甜潤唇膏2.8g,3016,2195,150,330.0,4.5,5,5,22,500023044.0,1,c85659607,C103646
p15736318,,10123,雅诗兰黛,ESTEE LAUDER,ESTEE LAUDER  雅詩蘭黛 Re-Nutriv Ultimate Lift Regenerating  Youth 白金級花菁萃緊顏精華滋養面霜 50ml,3022,1093,2755,,,1,0,7,,0,c85548594,C055377
p15830822,504213126.0,10123,雅詩蘭黛,ESTEE LAUDER,ESTEE LAUDER雅詩蘭黛絕色由我緞光唇膏3.5g,3016,2195,182,360.0,5.1,3,3,11,500023044.0,1,c85656144,C105787
p15858619,,100013,Boss,Boss,HUGO雨果男士淡香氛 75ml,3037,2351,565,,,2,0,3,,0,c85690878,C053041
p15742417,504213073.0,31887,CLINIQUE,CLINIQUE (Beauty),CLINIQUE倩碧明肌淨透水3號 400ml,3022,1090,174,315.0,5.5,4,4,19,500023044.0,1,c85555738,C014421
p15831816,504207688.0,31845,聖羅蘭,YSL,YSL 聖羅蘭NEW MASC香水,3037,2352,504,850.0,5.9,5,5,12,500022953.0,3,c85658192,C108165
p15736644,504207911.0,31845,聖羅蘭,YSL BEAUTY,YSL聖羅蘭 自由之水清版淡香水 90ML,3037,2352,936,1560.0,6.0,3,3,4,500022953.0,3,c85548559,C100192
p15739104,504207913.0,31845,聖羅蘭,YSL BEAUTY,YSL聖羅蘭 MON PARIS 濃香水 90ML,3037,2352,1010,1655.0,6.1,3,3,6,500022953.0,3,c85551510,C035233
p15839221,504207791.0,31845,聖羅蘭,YSL,YSL聖羅蘭純口紅3.8g,3016,2195,224,380.0,5.9,5,5,57,500022953.0,3,c85666416,C110041
p15890283,504207920.0,31851,蔻依,Chloe,"Chloe""蔻依戀旅重返埃及女士香氛75ml",3037,2352,591,1374.0,4.3,1,1,2,500022953.0,3,c85731945,C116910
p15849362,504207925.0,13558,植村秀,SHU UEMURA,SHU UEMURA植村秀「光影盤」羽紗修色四色遮瑕盤,3038,2217,250,425.0,5.9,3,3,23,500022953.0,3,c85679138,C111451
p15735847,504211934.0,10197,悦木之源,ORIGINS,ORIGINS悅木之源韋博士靈芝煥能好底子精華面霜50毫升,3022,1093,372,620.0,6.0,12,12,45,500023014.0,1,c85547767,C041210
p15740333,,14721,祖瑪瓏,JO MALONE LONDON,JO MALONE祖·瑪瓏英國梨與小蒼蘭香水30毫升,3037,3204,640,,,1,0,6,,0,c85553000,C030052
p15876792,504213100.0,10174,魅可,MAC,MAC魅可新經典緞光唇膏3.5g,3016,2195,103,190.0,5.4,11,11,17,500023044.0,1,c85716379,C115065
p15894444,504207837.0,10174,魅可,MAC,MAC魅可造型唇線筆VINO 1.45g,3016,2196,91,175.0,5.2,1,1,1,500022953.0,3,c85737541,C045137
p15866249,504207765.0,10174,魅可,MAC,MAC魅可細緻眉筆增量裝 01,3038,2207,128,235.0,5.4,5,5,18,500022953.0,3,c85701300,C049301
p15866235,504213166.0,10174,魅可,MAC,MAC魅可煥采元氣腮紅泥,3021,2213,166,265.0,6.3,5,5,12,500023044.0,1,c85700822,C113739
p15877259,,10174,魅可,MAC,MAC魅可造型唇線筆/唇膏筆,3016,2195,150,,,1,0,12,,0,c85716397,C115087
p15865178,504213206.0,10174,魅可,MAC,MAC魅可炫彩豐盈潤唇膏2.3g,3016,2195,97,180.0,5.4,3,3,29,500023044.0,1,c85700031,C112779
p15792849,504207663.0,10174,魅可,MAC,MAC魅可造型唇線筆,3016,2196,82,150.0,5.5,2,2,18,500022953.0,3,c85613250,C032281
p15877257,504207701.0,12469,湯姆福特,TOM FORD,TOM FORD湯姆福特新烈焰幻魅唇膏 3.5g,3016,2195,270,490.0,5.5,5,5,17,500022953.0,3,c85716395,C114478
p15831474,504208024.0,30983,伊芙蘭,EVE LOM,EVE LOM伊芙蘭亮采修護視黃醇精華液 30ml,3022,1096,886,1870.0,4.7,1,1,8,500022953.0,3,c85657683,C107101
