product_id,activity_product_id,brand_id,brand,brand_en,name,category,subcategory,price,original_price,discount,stock,activity_stock,sell_num,activity_id,activity_type,catalog_id,sku
p15743568,504087532,10162,蘭蔻,LANCOME,兰蔻肌底精华焕亮眼霜-15ML【有效期至：2027年2月】,3039,2813,312,560,5.6,14,14,100+,500022205,3,c85555893,C055022
p15833290,504087533,13157,巴黎歐萊雅,L'OREAL PARIS,L'OREAL歐萊雅複顏保濕護膚套裝【有效期至：2027年2月】,3022,1100,270,540,5.0,12,12,52,500022205,3,c85659746,C106475
p15737102,504087520,12469,湯姆福特,TOM FORD,TOM FORD 激情幻魅唇膏 【黑管啞光質地】3GM/.1OZ 07 RUBY RUSH【有效期至：2026年12月31日】,3016,2195,147,490,3.0,3,3,10,500022205,3,c85548915,C040404
p15793924,504086766,13157,巴黎歐萊雅,L'OREAL PARIS,L'OREAL歐萊雅複顏玻尿酸眼霜 65ml,3039,2813,565,1130,5.0,45,45,58,500022204,3,c85613828,C103091
p15797611,504086882,13157,巴黎歐萊雅,L'OREAL PARIS,L'OREAL 歐萊雅青春活碼防護精華液套裝,3022,1100,490,1225,4.0,4,4,41,500022204,3,c85617636,C104281
p15866247,504118365,10213,資生堂,SHISEIDO,SHISEIDO資生堂安熱沙金燦倍護防曬乳 90ML,3022,1092,131,280,4.7,140,140,1000+,500022390,1,c85701295,C111836
p15782399,504086760,10123,雅詩蘭黛,ESTEE LAUDER,ESTEE LAUDER雅詩蘭黛 第五代升級再生基因修復眼霜雙支裝15毫升,3039,2813,546,975,5.6,98,98,500+,500022204,3,c85601475,C102667
p15736837,504086763,10160,海藍之謎,LA MER,LA MER海藍之謎修護唇部精華7ml 奢潤柔滑點亮雙唇,3022,1098,531,870,6.1,41,41,100+,500022204,3,c85549097,C044838
p15871375,504086765,10162,蘭蔻,LANCOME,LANCOME蘭蔻肌底煥活修護精華液-雙件組,3022,1100,1947,3140,6.2,37,37,75,500022204,3,c85708482,C114336
p15743113,504086770,10160,海藍之謎,LA MER,LA MER海藍之謎精華面霜 60ml 補水保濕 深澈滋潤 柔嫩潤澤,3022,1093,1998,3325,6.0,36,36,100+,500022204,3,c85555982,C016695
p15849735,504086775,10162,蘭蔻,LANCOME,LANCOME蘭蔻淨澈煥膚雙重精華水 250ML,3022,1096,724,1190,6.1,28,28,69,500022204,3,c85679129,C111762
p15742110,504086785,10162,蘭蔻,LANCOME,LANCOME蘭蔻淨澈煥膚潔面乳 125ml,3022,1088,248,400,6.2,16,16,100+,500022204,3,c85554905,C051162
p15742741,504086787,20490,科顏氏,KIEHL'S,Kiehl's 科顏氏一號潤唇膏15ML,3022,1098,72,120,6.0,24,24,200+,500022204,3,c85556039,C025152
p15851482,504086789,10160,海藍之謎,LA MER,LA MER海藍之謎沁潤型精華凝霜 60ml,3022,1096,1998,3325,6.0,17,17,67,500022204,3,c85681455,C111026
p15792877,504086767,10123,雅詩蘭黛,ESTEE LAUDER,ESTEE LAUDER雅詩蘭黛智妍緊塑精華乳霜 75ml,3022,1093,640,1090,5.9,30,30,400+,500022204,3,c85612733,C100963
p15881995,504086806,31887,倩碧,CLINIQUE,Clinique美白祛斑精華露雙支裝 (100ml x 2),3022,1096,1436,2475,5.8,15,15,28,500022204,3,c85723184,C116211
p15826124,504118377,20490,科顏氏,KIEHL'S,Kiehl's科顏氏柔潤防曬隔離乳-60ML-SPF50,3022,1092,344,575,6.0,14,14,48,500022390,1,c85650065,C107286
p15741438,504086818,10123,雅詩蘭黛,ESTEE LAUDER,ESTEE LAUDER  雅詩蘭黛 Advanced Night Repair 肌透修護密集精華眼膜 8 pa,3039,2329,462,770,6.0,10,10,69,500022204,3,c85555228,C034425
p15919672,504086822,31809,可复美,可复美,可复美重组胶原蛋白肌御修护次抛精华液 1.5mL×5 packs,3022,1096,46,109,4.2,9,9,30,500022204,3,c85763847,IN100944
p15849740,504086829,10213,資生堂,SHISEIDO,SHISEIDO資生堂男士潔面爽膚兩部曲,3022,1100,241,410,5.9,10,10,51,500022204,3,c85678788,C111737
p15740572,504086830,14721,祖瑪瓏,JO MALONE LONDON,JO MALONE祖·瑪瓏香水(青檸羅勒與柑橘香型)100ml,3037,3204,757,1315,5.8,9,9,21,500022204,3,c85552563,C043364
p15742856,504086854,10120,伊麗莎白·雅頓,ELIZABETH ARDEN,Elizabeth Arden伊麗莎白雅頓綠茶蜜滴潤體霜,3028,2269,86,155,5.5,15,15,26,500022204,3,c85556157,C000952
p15764815,504086865,10123,雅詩蘭黛,ESTEE LAUDER,Estee Lauder 雅詩蘭黛櫻花版微精華露雙支裝,3022,1100,984,1735,5.7,6,6,58,500022204,3,c85580530,C101251
p15884157,504086884,10213,資生堂,SHISEIDO,Shiseido資生堂-悅薇智感緊顏亮膚乳,3022,1091,393,790,5.0,4,4,67,500022204,3,c85725047,C114202
p15874419,504086885,30985,納斯,NARS,NARS納斯水光絢色細管唇膏1.5G,3016,2195,155,280,5.5,7,7,100+,500022204,3,c85712604,C108473
p15876076,504086887,31474,薇诺娜,薇诺娜,薇諾娜 120ml極潤保濕柔膚水,3022,1090,89,193,4.6,3,3,21,500022204,3,c85714704,IN100250
p15781808,504086893,13558,植村秀,SHU UEMURA,shu uemura植村秀滋養纖長睫毛膏 黑色 7g,3038,2203,171,285,6.0,5,5,4,500022204,3,c85601351,C102511
p15942690,504086776,31163,儀式,RITUALS,RITUALS櫻花儀式小號禮盒,3028,1115,133,295,4.5,25,25,48,500022204,3,c85787353,C122163
p15942689,504086782,31163,儀式,RITUALS,RITUALS靜儀式小號禮盒,3028,1115,148,295,5.0,21,21,45,500022204,3,c85787352,C122158
p15807233,504087447,21789,斐珞爾,FOREO,FOREO露娜4迷你淨透潔面儀(西柚紅),3314,3316,690,1890,3.7,2,2,17,500022204,3,c85627713,F106972
p15858307,504118407,30964,寶麗萊,Polaroid,POLAROID寶麗萊太陽鏡20733040G65Z7,3040,1214,355,930,3.8,1,1,,500022390,1,c85691433,E1654916
p15858304,504087454,30964,寶麗萊,Polaroid,POLAROID寶麗萊太陽鏡20731509Q55UC,3040,1214,355,930,3.8,1,1,2,500022204,3,c85691430,E1654884
p15911276,504087479,31874,Apple,APPLE,Apple Watch SE 3 (GPS) 44mm-M/L,3335,3336,2099,2199,9.5,1,1,,500022204,3,c85754444,F119592
p15910849,504087481,31874,Apple,APPLE,Apple Watch Series 11 (GPS) 46mm-M/L,3335,3336,3299,3399,9.7,1,1,1,500022204,3,c85754951,F119777
p15911232,504087511,31874,Apple,APPLE,iPhone Air 256GB Sky Blue【Apple請單獨拍單，詳細查看購買須知】,3272,3273,8399,8599,9.8,1,1,3,500022204,3,c85754382,F119577
p15911278,504087513,31874,Apple,APPLE,Apple Watch Series 11 (GPS) 42mm-S/M,3335,3336,3099,3199,9.7,1,1,1,500022204,3,c85754447,F119766
p15735572,504118367,10162,蘭蔻,LANCOME,LANCOME蘭蔻柔皙亮白防曬乳 50ml,3022,1092,462,785,5.9,52,52,42,500022390,1,c85547513,C045063
p15738248,504118368,10162,蘭蔻,LANCOME,LANCOME蘭蔻輕透水漾防曬乳 50ml,3022,1092,456,785,5.8,49,49,100+,500022390,1,c85550636,C044695
p15743631,504086764,10160,海藍之謎,LA MER,LA MER海藍之謎修護唇霜9g 舒緩乾燥 淡化唇紋保濕,3022,1098,375,645,5.8,39,39,200+,500022204,3,c85556492,C044738
p15868257,504086768,10162,蘭蔻,LANCOME,LANCOME蘭蔻肌底煥活修護精華液100ML,3022,1096,1058,1705,6.2,45,45,75,500022204,3,c85703795,C114293
p15741864,504086771,10123,雅詩蘭黛,ESTEE LAUDER,ESTEE LAUDER  雅詩蘭黛 Advanced Night Repair 特潤修護肌活精華露 100ml兩支裝   100ml x 2,3022,1100,1501,2710,5.5,14,14,300+,500022204,3,c85554645,C051261
p15781911,504086772,10123,雅詩蘭黛,ESTEE LAUDER,ESTEE LAUDER雅詩蘭黛 第五代升級再生基因修復眼霜15毫升,3039,2813,297,530,5.6,29,29,100+,500022204,3,c85601551,C102719
p15781830,504086773,10162,蘭蔻,LANCOME,LANCOME蘭蔻亮眼青春活膚濃縮液 20ml,3022,1096,460,770,6.0,27,27,83,500022204,3,c85600983,C102484
p15797610,504086774,20490,科顏氏,KIEHL'S,Kiehl's 科顏氏高保濕霜補充裝 150ml,3022,1093,364,610,6.0,27,27,100+,500022204,3,c85618059,C103935
p15848032,504086779,10160,海藍之謎,LA MER,LA MER海藍之謎醒膚水-200ML,3022,1090,576,970,5.9,21,21,95,500022204,3,c85675467,C111308
p15884184,504086780,13157,巴黎歐萊雅,L'OREAL PARIS,L'oreal歐萊雅複顏滋潤保濕護膚套裝,3022,1100,507,845,6.0,30,30,79,500022204,3,c85725065,C111065
p15738096,504086781,10213,資生堂,SHISEIDO,SHISEIDO資生堂盼麗風姿智感撫痕日乳SPF30PA+++75ml,3022,1091,283,560,5.1,12,12,93,500022204,3,c85550388,C044252
p15737095,504086783,12469,湯姆福特,TOM FORD,TOM FORD湯姆福特柔霧緞采唇膏52 3g【細黑管】,3016,2195,270,490,5.5,25,25,36,500022204,3,c85549288,C100701
p15735821,504086784,10160,海藍之謎,LA MER,LA MER海藍之謎鎏金煥顏精華液 150ml 質地奢潤保濕滋潤,3022,1096,1763,2935,6.0,22,22,100+,500022204,3,c85547741,C037344
p15742974,504086786,14572,理膚泉,LA ROCHE-POSAY,LA ROCHE POSAY理膚泉B5多效修復霜 100ML,3022,1093,144,240,6.0,23,23,100+,500022204,3,c85555812,C037848
p15742698,504086788,20490,科顏氏,KIEHL'S,Kiehl's 科顏氏高保濕面霜 50ml,3022,1093,203,340,6.0,16,16,89,500022204,3,c85554996,C021623
p15742610,504086790,20490,科顏氏,KIEHL'S,Kiehl's 科顏氏高保濕面霜125ml,3022,1093,364,610,6.0,19,19,200+,500022204,3,c85555409,C016597
p15867667,504118373,10162,蘭蔻,LANCOME,LANCOME蘭蔻輕透水漾防曬乳-兩件組50ml*2,3022,1092,867,1445,6.0,14,14,100+,500022390,1,c85703623,C114026
p15943005,504086792,31163,儀式,RITUALS,RITUALS梵心儀式小號禮盒,3028,1115,133,295,4.5,18,18,31,500022204,3,c85787351,C122165
p15810016,504118374,13651,黛珂,DECORTE,DECORTE黛珂多重防曬乳(耐水型) 55ml,3022,1092,130,290,4.5,11,11,200+,500022390,1,c85631352,C105978
p15743654,504086794,31887,倩碧,CLINIQUE,CLINIQUE倩碧基礎潤膚組合125ml x 2,3022,1100,246,465,5.3,19,19,64,500022204,3,c85557012,C016887
p15869966,504086795,10160,海藍之謎,LA MER,LA MER海藍之謎緊致煥顏精華晚霜,3022,1093,1455,1955,7.4,40,40,200+,500022204,3,c85707436,C114470
p15739607,504086796,12290,喬治阿瑪尼,GIORGIO ARMANI,GIORGIO ARMANI 阿瑪尼臻致絲絨啞光唇釉 214 6.5ml,3016,2197,228,380,6.0,14,14,16,500022204,3,c85552064,C057260
p15736699,504086797,10085,芭比布朗,BOBBI BROWN,BOBBI BROWN芭比波朗流雲隨心眼妝筆#1爵士黑0.35g,3038,2203,146,265,5.5,19,19,21,500022204,3,c85548452,C024190
p15741325,504086798,31845,聖羅蘭,YSL,YSL聖羅蘭妍活青春粉底液 B20 30ML,3021,2201,388,650,6.0,16,16,91,500022204,3,c85555118,C026536
p15739186,504086799,31887,倩碧,CLINIQUE,CLINIQUE倩碧基礎潤膚組合125ml x 2,3022,1100,281,465,6.0,15,15,30,500022204,3,c85551607,C020956
p15741057,504086800,10123,雅詩蘭黛,ESTEE LAUDER,Estée Lauder雅詩蘭黛 Advanced Night Repair 特潤修護肌活精華露 100ml,3022,1096,835,1505,5.5,10,10,200+,500022204,3,c85553818,C051263
p15793235,504086801,10123,雅诗兰黛,ESTEE LAUDER,ESTEE LAUDER雅詩蘭黛智妍緊塑精華眼霜 15ml,3039,2813,359,650,5.5,14,14,100+,500022204,3,c85612732,C101273
p15742143,504086802,13558,植村秀,SHU UEMURA,shu uemura植村秀如膠似漆眼線筆 墨黑0.08g,3038,2203,156,260,6.0,15,15,63,500022204,3,c85554946,C053783
p15735853,504086803,31876,AVEDA,AVEDA (Hair Care),AVEDA艾凡達梳髮刷1pcs,3276,3323,133,240,5.5,7,7,100+,500022204,3,c85548087,C047211
p15884166,504086804,31003,卡詩,KERASTASE,KERASTASE卡詩新黑鑽鑰源香氛護髪油-75ML,3034,3142,399,620,6.4,16,16,70,500022204,3,c85724728,C117426
p15943009,504086805,31163,儀式,RITUALS,RITUALS櫻花儀式中號禮盒,3028,1115,205,410,5.0,6,6,49,500022204,3,c85786873,C122167
p15764505,504086807,31887,CLINIQUE,CLINIQUE (Beauty),CLINIQUE倩碧水嫩保濕柔膚水 200ml,3022,1090,174,290,6.0,15,15,29,500022204,3,c85579716,C100849
p15886460,504086809,31809,可复美,可复美,可复美重組膠原蛋白肌禦賦活修護精粹水120mL,3022,1090,176,319,5.5,14,14,23,500022204,3,c85727522,IN100132
p15742205,504086810,10160,海蓝之谜,LA MER,LA MER海藍之謎緊致煥采眼霜 15ml  淡褪熊貓眼,3039,2813,1204,1990,6.1,12,12,71,500022204,3,c85556001,C016689
p15821472,504086811,20490,科顏氏,KIEHL'S,Kiehl's科顏氏高保濕清爽潔面乳 150ml,3022,1088,135,225,6.0,17,17,69,500022204,3,c85643781,C106462
p15742328,504086812,10160,海藍之謎,LA MER,LA MER海藍之謎水潤保濕乳液125ml 輕盈乳液 保濕沁潤奢養,3022,1091,1475,2420,6.1,14,14,58,500022204,3,c85555635,C055352
p15741874,504086813,10160,海藍之謎,LA MER,LA MER海藍之謎鎏金煥顏夜間修護霜 50ml 強韌緊致飽滿,3022,1093,3939,6655,5.9,13,13,27,500022204,3,c85555185,C052345
p15825221,504086815,13157,巴黎歐萊雅,L'OREAL PARIS,L'OREAL 歐萊雅金致臻顏修護霜兩支裝--抗皺緊致,3022,1093,302,505,6.0,12,12,96,500022204,3,c85647730,C107407
p15865720,504086816,10162,蘭蔻,LANCOME,LANCOME蘭蔻淨澈煥膚亮白霜,3022,1093,467,780,6.0,11,11,51,500022204,3,c85700699,C112568
p15735268,504086817,10162,蘭蔻,LANCOME,LANCOME蘭蔻輕透修顏乳 BB1 50ml,3021,2222,470,785,6.0,13,13,25,500022204,3,c85547347,C045062
p15743185,504086819,31887,CLINIQUE,CLINIQUE (Beauty),CLINIQUE倩碧水嫩保濕潤膚霜 75ml,3022,1093,276,500,5.5,13,13,13,500022204,3,c85556573,C053172
p15848029,504086820,10160,海蓝之谜,LA MER,LA MER海藍之謎煥活保濕噴霧-100ML,3022,1090,443,765,5.8,12,12,88,500022204,3,c85675463,C111311
p15942495,504086821,31163,儀式,RITUALS,RITUALS阿姆斯特丹系列甄選禮盒,3028,1115,313,625,5.0,14,14,37,500022204,3,c85787338,C122160
p15743680,504086823,31887,CLINIQUE,CLINIQUE (Beauty),CLINIQUE倩碧100 小時自我修護水嫩補濕啫喱75ML,3022,1093,276,500,5.5,12,12,31,500022204,3,c85557036,C053173
p15857271,504086824,10162,蘭蔻,LANCOME,LANCOME蘭蔻黑金臻寵面霜 50ML,3022,1093,2766,4460,6.2,8,8,12,500022204,3,c85689593,C111725
p15736991,504086825,15063,庭潤,THANN,THANN庭潤茉莉水潤護手霜 40g,3028,2264,126,217,5.8,10,10,1,500022204,3,c85549345,C101027
p15889833,504086826,10131,紀梵希,Givenchy,GIVENCHY 紀梵希明星流光菁潤粉底液-3W 30ML,3021,2201,296,580,5.1,10,10,,500022204,3,c85732358,C117493
p15809346,504086827,10160,海藍之謎,LA MER,LA MER 海藍之謎調理煥膚液-100ML,3022,1090,762,1270,6.0,12,12,65,500022204,3,c85631191,C105744
p15742737,504086828,10160,海藍之謎,LA MER,LA MER海藍之謎精華面霜 30ml補水保濕 深澈滋潤 柔嫩潤澤,3022,1093,1069,1840,5.8,9,9,64,500022204,3,c85556032,C016694
p15794735,504086831,10162,蘭蔻,LANCOME,LANCOME蘭蔻塑顏三重精華 50ml,3022,1096,801,1285,6.2,10,10,39,500022204,3,c85615237,C103296
p15737332,504086832,14721,祖玛珑,JO MALONE LONDON,JO MALONE祖·瑪瓏沐浴露(虞美人與大麥香型)250ml,3028,2268,224,405,5.5,9,9,16,500022204,3,c85550080,C047982
p15809822,504086833,13651,黛珂,DECORTE,DECORTE黛珂牛油果植萃乳液 150ml（版）,3022,1091,142,315,4.5,7,7,46,500022204,3,c85631363,C105976
p15738289,504086834,15063,庭潤,THANN,THANN庭潤米萃取護唇膏  10g,3022,1098,90,155,5.8,10,10,10,500022204,3,c85550684,C045371
p15825635,504086835,31876,AVEDA,AVEDA (Hair Care),AVEDA艾凡達頭皮護理均衡洗髮露-200ML,3034,1103,183,290,6.3,8,8,56,500022204,3,c85647824,C106136
p15739624,504086836,31845,聖羅蘭,YSL,YSL聖羅蘭妍活青春粉底液 BR20 30ML,3021,2201,388,650,6.0,6,6,66,500022204,3,c85552075,C026537
p15822814,504086837,13651,黛珂,DECORTE,DECORTE 黛珂牛油果植萃乳液-300ML,3022,1091,239,530,4.5,8,8,57,500022204,3,c85645144,C105982
p15737151,504086838,14721,祖瑪瓏,JO MALONE LONDON,JO MALONE祖·瑪瓏柚子香水30毫升,3037,3204,348,640,5.4,10,10,11,500022204,3,c85549344,C030058
p15802039,504086839,10174,魅可,MAC,MAC魅可絲緞絨霧細管唇膏24 2g,3016,2195,128,235,5.4,9,9,14,500022204,3,c85622283,C103064
p15736594,504086840,31887,CLINIQUE,CLINIQUE (Beauty),CLINIQUE倩碧男士青春修護乳 100ml,3022,1091,221,400,5.5,9,9,2,500022204,3,c85548520,C053178
p15737157,504086841,10085,芭比布朗,BOBBI BROWN,BOBBI BROWN芭比波朗至盈呵護亮顏美肌乳(素顏霜)璨香檳30ml,3022,1091,336,740,4.5,9,9,2,500022204,3,c85549348,C040286
p15795054,504086843,10162,蘭蔻,LANCOME,LANCOME蘭蔻菁純臻顏防曬隔離乳 50ml（版）,3022,1092,732,1220,6.0,8,8,100+,500022204,3,c85615231,C055158
p15889834,504086844,13863,雪花秀,SULWHASOO,Sulwhasoo雪花秀第六代潤致煥活肌底精華液120ML,3022,1096,561,1020,5.5,18,18,57,500022204,3,c85732359,C117824
p15883649,504086845,10213,資生堂,SHISEIDO,Shiseido資生堂-資生堂紅妍肌活精華露-IV 100ML,3022,1096,765,1390,5.5,7,7,35,500022204,3,c85724721,C115857
p15880150,504086846,31845,聖羅蘭,YSL,YSL聖羅蘭 MON PARIS 濃香水 50ML,3037,2352,708,1165,6.1,9,9,6,500022204,3,c85719468,C035234
p15893778,504086848,15063,庭潤,THANN,THANN庭潤東方精華護手霜40G,3028,2264,94,162,5.8,8,8,7,500022204,3,c85736810,C116490
p15742492,504086849,10160,海藍之謎,LA MER,LA MER海藍之謎活顏煥膚精華露 30ml 柔滑細膩緊致肌膚,3022,1096,1888,3095,6.1,6,6,51,500022204,3,c85555816,C047987
p15742525,504086850,14721,祖瑪瓏,JO MALONE LONDON,JO MALONE祖·瑪瓏英國梨與小蒼蘭潤膚乳液  C030015,3028,2269,327,545,6.0,2,2,43,500022204,3,c85555318,C030015
p15795041,504118382,13157,巴黎歐萊雅,L'OREAL PARIS,L'OREAL Paris歐萊雅多重防護隔離露兩支裝,3022,1092,379,635,6.0,8,8,21,500022390,1,c85615217,C103297
p15828749,504086852,21523,雪肌精,SEKKISEI,SEKKISEI雪肌精逸透純淨舒潤乳液140ml,3022,1091,111,270,4.1,8,8,4,500022204,3,c85652629,C108003
p15738914,504086853,13651,黛珂,DECORTE,COSME DECORTE黛珂AQ珍萃精顏綺甄眼霜 20g,3039,2813,1156,2150,5.4,8,8,17,500022204,3,c85550902,C047694
p15742390,504086855,20490,科顏氏,KIEHL'S,Kiehl's 科顏氏夜間修護精華液 50ml,3022,1096,406,680,6.0,6,6,60,500022204,3,c85556172,C020093
p15869751,504086856,31163,儀式,RITUALS,RITUALS靜儀式身體乳-220ML,3028,2269,122,225,5.4,7,7,59,500022204,3,c85707093,C108101
p15820024,504086857,14599,赫蓮娜,HELENA RUBINSTEIN,HR赫蓮娜綠寶瓶亮采精靈眼部精華乳兩只裝 15ml*2,3039,2812,1000,1585,6.3,5,5,83,500022204,3,c85641796,C106109
p15741904,504086858,31878,碧歐泉,BIOTHERM (Beauty),BIOTHERM 碧歐泉男士水動力爽膚水 200ml,3022,1090,190,305,6.2,5,5,21,500022204,3,c85555211,C039651
p15849736,504086859,13157,巴黎歐萊雅,L'OREAL PARIS,L'OREAL歐萊雅金致臻顏花蜜奢養化妝水-130ML,3022,1090,165,275,6.0,7,7,21,500022204,3,c85678783,C111450
p15741087,504086860,14721,祖瑪瓏,JO MALONE LONDON,JO MALONE祖·瑪瓏護手霜牡丹與胭紅麂絨香型,3028,2264,159,265,6.0,5,5,41,500022204,3,c85554260,C048321
p15805771,504086861,13157,巴黎歐萊雅,L'OREAL PARIS,L'OREAL 歐萊雅夜間修護精華 30ml,3022,1096,215,360,6.0,7,7,31,500022204,3,c85626426,C104280
p15781811,504086862,14572,理膚泉,LA ROCHE-POSAY,LA ROCHE-POSAY  理膚泉特安修護安心霜 40ml,3022,1093,182,305,6.0,6,6,38,500022204,3,c85600946,C102404
p15743284,504086863,10120,伊麗莎白·雅頓,ELIZABETH ARDEN,Elizabeth Arden伊麗莎白雅頓逆時橘燦精純眼霜15ml,3039,2813,403,877,4.6,5,5,8,500022204,3,c85557181,C015057
p15737589,504086864,14721,祖瑪瓏,JO MALONE LONDON,JO MALONE祖·瑪瓏香氛蠟燭(青檸羅勒與柑橘香型）,3037,1525,301,555,5.4,8,8,35,500022204,3,c85549559,C040765
p15795055,504086868,10162,蘭蔻,LANCOME,LANCOME蘭蔻菁純臻顏精華粉底霜 100 35ml,3021,2201,726,1210,6.0,7,7,45,500022204,3,c85615232,C102421
p15796908,504086869,10174,魅可,MAC,MAC魅可絲緞絨霧細管唇膏2g,3016,2195,128,235,5.4,7,7,3,500022204,3,c85616940,C101193
p15866254,504086870,10160,海藍之謎,LA MER,LA MER海藍之謎鎏金煥顏密集賦活精華露,3022,1096,4124,6800,6.1,6,6,37,500022204,3,c85700850,C111442
p15742735,504086871,14721,祖玛珑,JO MALONE LONDON,JO MALONE祖·瑪瓏香水(藍風鈴香型)30ML,3037,3204,348,630,5.5,5,5,33,500022204,3,c85555547,C043385
p15781910,504086872,10123,雅詩蘭黛,ESTEE LAUDER,ESTEE LAUDER雅詩蘭黛Advanced Night Repair升級再生基因修復眼面套裝50ml + 15ml,3022,1100,737,1325,5.6,6,6,47,500022204,3,c85601473,C102716
p15741282,504086873,14721,祖瑪瓏,JO MALONE LONDON,JO MALONE祖·瑪瓏護手霜英國梨與小蒼蘭香型 50ml,3028,2264,159,265,6.0,3,3,78,500022204,3,c85555063,C048323
p15743671,504086874,31887,倩碧,CLINIQUE,"CLINIQUE倩碧滋潤高效水嫩保濕套裝125ml, 30ml, 15ml",3022,1100,408,710,5.7,5,5,15,500022204,3,c85557025,C053171
p15735348,504086875,20490,科顏氏,KIEHL'S,Kiehl's 科顏氏薑黃蔓越莓籽活力亮采面膜 100ml,3022,1097,245,410,6.0,6,6,33,500022204,3,c85547435,C035519
p15801720,504086876,10197,悦木之源,ORIGINS,ORIGINS悅木之源韋博士菇菌亮膚精華乳 50ml,3022,1091,364,660,5.5,4,4,11,500022204,3,c85621953,C102713
p15743175,504086877,31845,聖羅蘭,YSL,YSL聖羅蘭 自由之水清版淡香水 50ML,3037,2352,684,1140,6.0,6,6,12,500022204,3,c85556559,C055156
p15880349,504086878,31878,碧歐泉,BIOTHERM,BIOTHERM 碧歐泉護膚精華面膜 6片,3022,1097,347,580,6.0,6,6,7,500022204,3,c85719852,C042340
p15741830,504086879,15063,庭潤,THANN,THANN庭潤伊甸園微風系列散香器150ml,3037,1525,209,450,4.6,6,6,24,500022204,3,c85555138,C045385
p15739981,504086880,14721,祖瑪瓏,JO MALONE LONDON,JO MALONE祖·瑪瓏香水(牡丹胭紅麂絨香型)100ml,3037,3204,757,1315,5.8,5,5,3,500022204,3,c85551979,C043360
p15844737,504086881,14721,祖瑪瓏,JO MALONE LONDON,JO MALONE祖瑪瓏潤膚乳霜馥鬱系列 200ml,3028,2269,555,990,5.6,7,7,13,500022204,3,c85672743,C105936
p15738311,504086883,14599,赫蓮娜,HELENA RUBINSTEIN,HR赫蓮娜至美琉光恒采精華乳 100ML,3022,1091,2784,4490,6.2,6,6,10,500022204,3,c85550713,C043947
p15739482,504086886,13558,植村秀,SHU UEMURA,shu uemura植村秀植萃舒緩潔顏油 450ml,3022,2243,566,930,6.1,7,7,42,500022204,3,c85552400,C057132
p15873342,504086888,31003,卡詩,KERASTASE,KERASTASE卡詩精油75ml,3022,1096,345,530,6.5,5,5,36,500022204,3,c85710763,C114282
p15797219,504086889,10162,蘭蔻,LANCOME,LANCOME蘭蔻菁純臻顏精華粉底霜 110 35ml,3021,2201,726,1210,6.0,5,5,17,500022204,3,c85616974,C102420
p15831404,504086891,10160,海藍之謎,LA MER,LA MER 海藍之謎提升緊致精華露 30ml  提升緊緻精華,3022,1096,1888,3225,5.9,1,1,75,500022204,3,c85657588,C107853
p15736791,504086892,10197,悦木之源,ORIGINS,ORIGINS悅木之源韋博士卓越防護SPF 45 隔離乳30毫升,3022,1092,253,475,5.3,5,5,17,500022204,3,c85549038,C030980
p15764368,504086894,14721,祖瑪瓏,JO MALONE LONDON,JO MALONE祖·瑪瓏香水(月光花香型)100ml,3037,2352,757,1355,5.6,5,5,8,500022204,3,c85580524,C100913
p15869030,504086895,10120,伊麗莎白·雅頓,ELIZABETH ARDEN,Elizabeth Arden伊麗莎白雅頓晶璨皙顏多效夜間膠囊精華液,3022,1096,573,1145,5.0,5,5,14,500022204,3,c85705324,C114724
p15737838,504086896,14721,祖瑪瓏,JO MALONE LONDON,JO MALONE祖·瑪瓏黑石榴香水100毫升,3037,3204,757,1355,5.6,4,4,9,500022204,3,c85549837,C030079
p15809819,504086842,13651,黛珂,DECORTE,DECORTE黛珂多重亮護素顏乳32ml,3021,2222,116,210,5.5,5,5,1000+,500022204,3,c85631354,C105975
p15845716,504086898,10160,海蓝之谜,LA MER,LA MER海藍之謎身體修護精華乳液160ml,3028,2269,927,1550,6.0,4,4,22,500022204,3,c85674008,C110609
p15819756,504086900,31887,倩碧,CLINIQUE,CLINIQUE倩碧智慧專研撫紋面霜 50ml,3022,1093,336,610,5.5,3,3,45,500022204,3,c85642084,C103081
p15819757,504086901,31887,倩碧,CLINIQUE (Beauty),CLINIQUE倩碧水嫩保濕舒潤凝霜 50ml*2,3022,1093,366,610,6.0,4,4,8,500022204,3,c85641787,C106255
p15737098,504086902,12469,湯姆福特,TOM FORD,TOM FORD湯姆福特柔霧緞采唇膏50 3g,3016,2195,270,490,5.5,4,4,21,500022204,3,c85548909,C100702
p15742045,504086903,13651,黛珂,DECORTE,COSME DECORTE黛珂AQ珍萃精顏臻悅粉盒1pcs,3013,1141,109,220,5.0,5,5,3,500022204,3,c85554841,C052844
p15824801,504118086,10123,雅诗兰黛,ESTEE LAUDER,ESTEE LAUDER雅詩蘭黛白金級奢寵光璨精華粉底液30ml,3021,2201,527,960,5.5,52,52,100+,500022389,1,c85647250,C048745
p15800845,504086905,31887,倩碧,CLINIQUE,CLINIQUE倩碧香氛 50ml,3037,2352,124,270,4.6,4,4,6,500022204,3,c85621397,C003031
p15885455,504086906,10160,海藍之謎,LA MER,La Mer海藍之謎全新極緻修護晚間精華霜50ML,3022,1096,2921,4635,6.3,3,3,40,500022204,3,c85726549,C116212
p15741792,504086908,31845,聖羅蘭,YSL BEAUTY,YSL聖羅蘭 BLACalvin Klein OPIUM 濃香水 50ML,3037,2352,708,1165,6.1,4,4,14,500022204,3,c85555107,C028835
p15825390,504086909,13157,巴黎歐萊雅,L'OREAL PARIS,L'OREAL歐萊雅複顏水光充盈柔膚水-200ML,3022,1096,69,115,6.0,4,4,10,500022204,3,c85647971,C107186
p15828362,504086910,21523,雪肌精,SEKKISEI,SEKKISEI雪肌精逸透純淨安潤化妝水200ml,3022,1090,107,260,4.1,5,5,11,500022204,3,c85653039,C108005
p15824798,504086904,10123,雅詩蘭黛,ESTEE LAUDER,ESTEE LAUDER雅詩蘭黛沁水養膚粉底液30ml,3021,2201,287,520,5.5,19,19,100+,500022204,3,c85647233,C102811
p15825266,504086911,10162,蘭蔻,LANCOME,LANCOME蘭蔻塑顏修護凝露水-400ML,3022,1090,617,995,6.2,3,3,19,500022204,3,c85647822,C107472
p15884175,504086912,31878,碧歐泉,BIOTHERM,Biotherm碧歐泉男士水動力保濕棒,3022,1090,177,295,6.0,5,5,3,500022204,3,c85725059,C117172
p15871571,504086913,10162,蘭蔻,LANCOME,LANCOME蘭蔻全新菁純絲絨霧面唇膏3.4g,3016,2195,215,360,6.0,10,10,29,500022204,3,c85709178,C115543
p15871387,504086914,10123,雅詩蘭黛,ESTEE LAUDER,ESTEE LAUDER雅詩蘭黛特潤修護夜間煥能精華霜膜65ML,3022,1096,557,960,5.8,5,5,30,500022204,3,c85708591,C115153
p15792881,504086915,10120,伊麗莎白·雅頓,ELIZABETH ARDEN,Elizabeth Arden伊麗莎白雅頓綠茶荔枝香水 100ml,3037,2352,163,362,4.5,4,4,3,500022204,3,c85613280,C102043
p15880153,504086916,10162,蘭蔻,LANCOME,LANCOME蘭蔻夢寐睛靈防水睫毛膏 01 6.5ml,3038,2203,200,335,6.0,4,4,10,500022204,3,c85719653,C018863
p15876950,504086918,13157,巴黎歐萊雅,L'OREAL PARIS,L'OREAL歐萊雅複顏日霜 50ml,3022,1093,120,200,6.0,4,4,16,500022204,3,c85716718,C107406
p15820029,504086919,10174,魅可,MAC,MAC魅可輕羽纖密睫毛膏BLACK STACK 12ml,3038,2203,157,280,5.6,2,2,16,500022204,3,c85641800,C106092
p15796910,504086921,14721,祖瑪瓏,JO MALONE LONDON,JO MALONE祖瑪瓏滿室幽香香薰-橙花香型-165ML,3037,1525,437,770,5.7,2,2,31,500022204,3,c85617330,C101223
p15737412,504086922,31845,聖羅蘭,YSL,YSL聖羅蘭自由之水濃香水 30ML,3037,2352,535,900,5.9,2,2,17,500022204,3,c85549775,C049145
p15741767,504086923,14721,祖瑪瓏,JO MALONE LONDON,JO MALONE祖·瑪瓏香水（忍冬與印蒿香型）30ML,3037,3204,378,640,5.9,4,4,4,500022204,3,c85555080,C041908
p15809339,504086924,14721,祖瑪瓏,JO MALONE LONDON,JO MALONE LONDON 祖瑪瓏古龍水-晚香玉與天使草古龍-100ML,3037,3204,975,1685,5.8,3,3,7,500022204,3,c85630975,C105485
p15742124,504086925,14599,赫蓮娜,HELENA RUBINSTEIN,HR赫蓮娜悅活蓄能肌水200ml,3022,1090,841,1370,6.1,4,4,21,500022204,3,c85555436,C028648
p15849737,504086907,13558,植村秀,SHU UEMURA,SHU UEMURA植村秀臻萃養膚潔顏油限定版,3022,1088,215,360,6.0,9,9,59,500022204,3,c85678785,C111439
p15735335,504086926,31887,倩碧,CLINIQUE,CLINIQUE倩碧男士保濕爽膚水200ml,3022,1090,128,230,5.6,3,3,14,500022204,3,c85547602,C022962
p15858580,504086927,12290,喬治阿瑪尼,GIORGIO ARMANI,GIORGIO ARMANI阿瑪尼「大師」鎖光粉底液 幹皮保濕細膩服帖,3021,2201,385,655,5.9,10,10,83,500022204,3,c85691297,C112098
p15739538,504086929,31887,CLINIQUE,CLINIQUE (Beauty),CLINIQUE倩碧男士卓越潤膚乳潤膚乳100ml,3022,1091,182,335,5.4,4,4,10,500022204,3,c85551514,C022961
p15742028,504086930,10123,雅诗兰黛,ESTEE LAUDER,ESTEE LAUDER  雅詩蘭黛 Re-Nutriv 白金級密集滋潤護手霜 100ml,3028,2264,461,850,5.4,4,4,10,500022204,3,c85555334,C052499
p15824023,504086931,21523,雪肌精,SEKKISEI,SEKKISEI雪肌精逸透完美套裝200ml+140ml,3022,1100,196,480,4.1,4,4,8,500022204,3,c85646178,C103133
p15863600,504086932,13558,植村秀,SHU UEMURA,SHU UEMURA植村秀絹感潤護水光唇釉,3016,2197,186,315,5.9,5,5,12,500022204,3,c85698753,C113078
p15739177,504086933,12469,湯姆福特,TOM FORD,TOM FORD湯姆福特香水（荊刺玫瑰香型） 100ml,3037,2352,2870,4555,6.3,3,3,2,500022204,3,c85551593,C056795
p15736156,504086935,31887,CLINIQUE,CLINIQUE (Beauty),CLINIQUE倩碧修護滋養眼霜15ML,3039,2813,217,400,5.4,3,3,6,500022204,3,c85547921,C007992
p15743177,504086936,31887,倩碧,CLINIQUE,CLINIQUE倩碧100 小時自我修護水嫩補濕啫喱 大容量 雙支裝2 x 200ml,3022,1100,1060,1705,6.2,2,2,24,500022204,3,c85557050,C053175
p15825270,504086938,10085,芭比布朗,BOBBI BROWN,BOBBI BROWN芭比波朗至盈呵護滋養潤唇膏2.3g,3016,2195,190,350,5.4,1,1,100+,500022204,3,c85647827,C107356
p15743606,504086939,10120,伊麗莎白·雅頓,ELIZABETH ARDEN,Elizabeth Arden伊麗莎白雅頓時空煥活精華夜間多效膠囊精華 84ml,3022,1096,854,1708,5.0,9,9,55,500022204,3,c85556458,C055284
p15858209,504086941,31845,聖羅蘭,YSL,YSL聖羅蘭銀圓管光澤唇膏 15,3016,2195,227,380,6.0,2,2,19,500022204,3,c85691308,C112569
p15879658,504086942,10162,蘭蔻,LANCOME,LANCOME蘭蔻廣角羽扇防暈染睫毛膏（天鵝頸睫毛膏）01 10ml,3038,2203,245,410,6.0,2,2,31,500022204,3,c85719469,C026741
p15881893,504086943,10103,倩碧,CLINIQUE,Clinique倩碧祛紅舒緩潔面霜50ml,3022,1088,328,525,6.2,4,4,2,500022204,3,c85723092,C116202
p15736650,504086944,10085,芭比布朗,BOBBI BROWN,BOBBI BROWN芭比波朗眼影刷,3012,2278,204,365,5.6,3,3,12,500022204,3,c85548569,C024086
p15741126,504086945,31845,聖羅蘭,YSL BEAUTY,YSL聖羅蘭 BLACalvin Klein OPIUM 濃香水 90ML,3037,2352,1010,1655,6.1,4,4,11,500022204,3,c85553885,C028836
p15738790,504086946,31887,CLINIQUE,CLINIQUE (Beauty),CLINIQUE倩碧水嫩保濕眼部精華露15ml,3039,2812,236,435,5.4,2,2,26,500022204,3,c85551232,C044992
p15874758,504086948,10120,伊麗莎白·雅頓,ELIZABETH ARDEN,ELIZABETH ARDEN伊麗莎白·雅頓	時空煥活淡紋緊致面霜 50ml,3022,1093,405,735,5.5,3,3,3,500022204,3,c85713375,C111719
p15736175,504086949,31887,倩碧,CLINIQUE,CLINIQUE倩碧淨顏清爽保濕乳 50ml,3022,2243,157,280,5.6,3,3,2,500022204,3,c85548275,C009666
p15830815,504086950,31845,聖羅蘭,YSL,YSL聖羅蘭瑩亮潤彩唇膏,3016,2195,227,380,6.0,6,6,10,500022204,3,c85656132,C106056
p15871386,504086951,10085,芭比布朗,BOBBI BROWN,BOBBI BROWN芭比波朗純色奢金啞光唇霜,3016,2195,209,360,5.8,5,5,18,500022204,3,c85708587,C113731
p15739614,504086952,14721,祖瑪瓏,JO MALONE LONDON,JO MALONE祖·瑪瓏香水(銀樺與薰衣草香型)30ml,3037,2352,378,640,5.9,3,3,4,500022204,3,c85551595,C056735
p15830838,504118392,10085,芭比波朗,BOBBI BROWN,BOBBI BROWN芭比波朗羽柔定妝蜜粉餅,3021,2214,215,395,5.4,4,4,61,500022390,1,c85655658,C107815
p15848007,504086954,10162,蘭蔻,LANCOME,LANCOME蘭蔻黑金臻寵潤養眼霜-15ML,3039,2813,1893,3155,6.0,2,2,9,500022204,3,c85676711,C111457
p15846924,504086955,31003,卡詩,KERASTASE,KERASTASE卡詩賦源芯絲奢護精華霜-200ML,3022,1096,225,350,6.4,3,3,82,500022204,3,c85676704,C108608
p15738140,504086956,31878,碧歐泉,BIOTHERM (Beauty),BIOTHERM 碧歐泉男士水動力清爽保濕凝露 200ml,3022,1090,174,290,6.0,2,2,26,500022204,3,c85550448,C035369
p15740557,504086958,31876,艾梵達,AVEDA,AVEDA三重修復草本護髮素200ml,3034,2254,182,340,5.4,2,2,29,500022204,3,c85552547,C051940
p15736000,504086959,31887,CLINIQUE,CLINIQUE (Beauty),CLINIQUE倩碧水嫩保濕噴霧125ml,3022,1090,158,290,5.4,3,3,3,500022204,3,c85548255,C009326
p15739483,504086960,13558,植村秀,SHU UEMURA,shu uemura植村秀植萃舒緩潔顏油 150ml,3022,2243,251,420,6.0,2,2,18,500022204,3,c85552403,C057133
p15894076,504086961,31845,聖羅蘭,YSL,YSL聖羅蘭瑩亮純魅唇膏 12 3.2g,3016,2195,227,380,6.0,3,3,7,500022204,3,c85736647,C112570
p15737546,504086962,10120,伊麗莎白·雅頓,ELIZABETH ARDEN,Elizabeth Arden伊麗莎白雅頓時空煥活塑顏緊致晚霜 50ml,3022,1093,312,678,4.6,2,2,1,500022204,3,c85549408,C100025
p15875667,504086963,31474,薇诺娜,薇诺娜,薇諾娜 50g清透防曬霜SPF50+PA+++,3022,1092,109,237,4.6,2,2,7,500022204,3,c85714698,IN100247
p15740747,504086964,10162,蘭蔻,LANCOME,LANCOME蘭蔻黑金臻寵精華乳 30ml,3022,1091,2898,4600,6.3,3,3,6,500022204,3,c85552882,C026594
p15809673,504086965,21523,雪肌精,SEKKISEI,SEKKISEI  雪肌精逸透純淨水乳套裝,3022,1100,187,457,4.1,1,1,6,500022204,3,c85631188,C105504
p15865796,504086966,10174,魅可,MAC,MAC魅可經典啞光唇膏3.5g,3016,2195,105,190,5.5,5,5,4,500022204,3,c85700829,C111157
p15809365,504086967,14721,祖玛珑,JO MALONE LONDON,JO MALONE London 祖瑪瓏潤膚乳液-鼠尾草與海鹽香型-250ML,3028,2269,301,545,5.5,3,3,7,500022204,3,c85631208,C105937
p15851788,504086968,14721,祖玛珑,JO MALONE LONDON,JO MALONE祖瑪瓏末藥與冬加豆沐浴露 250ml,3028,2268,277,510,5.4,3,3,7,500022204,3,c85681454,C111235
p15740604,504086969,12469,湯姆福特,TOM FORD,TOM FORD 奢金柔光粉 氣墊 SPF50/PA++++ （氣墊芯）12GM,3021,2201,306,555,5.5,9,9,32,500022204,3,c85650767,C050290
p15868119,504086970,10162,蘭蔻,LANCOME,LANCOME蘭蔻菁純臻顏精華乳液-100ml,3022,1091,1650,2660,6.2,3,3,10,500022204,3,c85704078,C114056
p15831784,504086971,10085,芭比布朗,BOBBI BROWN,BOBBI BROWN芭比波朗持久滋潤細金管唇膏,3016,2195,192,350,5.5,2,2,43,500022204,3,c85657533,C046656
p15869793,504086972,10197,悦木之源,ORIGINS,ORIGINS咖啡因煥亮精華,3022,1096,218,425,5.1,3,3,6,500022204,3,c85707154,C114966
p15894219,504086973,10120,伊麗莎白·雅頓,ELIZABETH ARDEN,Elizabeth Arden伊莉莎白雅頓八小時潔面,3022,1088,127,230,5.5,3,3,,500022204,3,c85736804,C118141
p15739229,504086974,10123,雅诗兰黛,ESTEE LAUDER,ESTEE LAUDER  雅詩蘭黛 Re-Nutriv Ultimate Diamond 極緻黑鑽柔亮面霜 50ml,3022,1093,2738,4645,5.9,3,3,3,500022204,3,c85551663,C041661
p15825605,504086975,10123,雅詩蘭黛,ESTEE LAUDER,ESTEE LAUDER雅詩蘭黛絕色由我絨霧唇膏3.5g,3016,2195,182,360,5.1,12,12,36,500022204,3,c85647749,C105796
p15890631,504086976,13157,巴黎歐萊雅,L'OREAL PARIS,L'oreal 歐萊雅複顏玻尿酸水光充盈套裝,3022,1100,307,495,6.2,3,3,,500022204,3,c85732859,C118119
p15824438,504086977,10085,芭比布朗,BOBBI BROWN,BOBBI BROWN芭比波朗純色奢金緞光唇膏3.5g,3016,2195,189,360,5.3,10,10,24,500022204,3,c85647267,C102777
p15877260,504086979,14721,祖瑪瓏,JO MALONE LONDON,Jo Malone祖瑪瓏香水馥鬱系列（無垢木與雪松香型）,3037,3204,956,1675,5.7,3,3,,500022204,3,c85716534,C115259
p15737610,504086980,10174,魅可,MAC,MAC魅可3D立體睫毛膏,3038,2203,160,270,5.9,3,3,2,500022204,3,c85549475,C040655
p15801714,504086981,10174,魅可,MAC,MAC魅可絲緞絨霧細管唇膏14 2g,3016,2195,130,235,5.5,3,3,4,500022204,3,c85621943,C103059
p15866236,504086982,10174,魅可,MAC,MAC魅可細緻雙頭眉筆,3038,2207,113,205,5.5,6,6,56,500022204,3,c85701268,C112296
p15896959,504086983,31163,儀式,RITUALS,RITUALS白色羅勒香薰蠟燭-360g,3037,1525,183,435,4.2,2,2,4,500022204,3,c85741027,C112457
p15802037,504086987,10197,悦木之源,ORIGINS,ORIGINS悅木之源咖啡因水潤煥亮啫喱霜 50ml,3022,1093,177,330,5.4,4,4,13,500022204,3,c85621942,C103546
p15884409,504086990,10131,紀梵希,Givenchy,GIVENCHY紀梵希高定甜潤耀彩精萃唇膏304,3016,2195,176,345,5.1,1,1,18,500022204,3,c85724967,C117501
p15742936,504086991,20490,科顏氏,KIEHL'S,Kiehl's 科顏氏男士活力潔面啫喱/洗面奶  250ml,3022,1088,165,275,6.0,16,16,100+,500022204,3,c85555775,C025029
p15738745,504086992,10123,雅诗兰黛,ESTEE LAUDER,ESTEE LAUDER  雅詩蘭黛 Re-Nutriv Ultimate Lift Regenerating  Youth 白金級花菁萃緊顏眼部精華滋養霜 15ml,3022,1093,607,1075,5.6,2,2,33,500022204,3,c85551179,C055361
p15738976,504086993,14721,祖玛珑,JO MALONE LONDON,JO MALONE祖·瑪瓏橙花香水30ml,3037,3204,348,630,5.5,2,2,15,500022204,3,c85551425,C043369
p15839629,504086995,13157,巴黎歐萊雅,L'OREAL PARIS,L'OREAL歐萊雅複顏清乳柔膚水 130ml,3022,1090,126,210,6.0,2,2,8,500022204,3,c85665914,C110074
p15764572,504086996,31887,倩碧,CLINIQUE,CLINIQUE倩碧眼線筆 黑色 0.25g,3038,2203,99,185,5.4,2,2,4,500022204,3,c85579775,C056678
p15876075,504086997,31474,薇诺娜,薇诺娜,薇諾娜 120ml清透水感防曬噴霧SPF30PA+++,3022,1092,84,182,4.6,3,3,19,500022204,3,c85715011,IN100271
p15736643,504086998,10120,伊麗莎白·雅頓,ELIZABETH ARDEN,Elizabeth Arden伊麗莎白雅頓時空煥活塑顏緊致面霜 50ml,3022,1093,308,669,4.6,3,3,9,500022204,3,c85548395,C100188
p15839867,504086999,10123,雅詩蘭黛,ESTEE LAUDER,ESTEE LAUDER雅詩蘭黛三合一多功能造型眉筆03,3038,2207,166,305,5.4,3,3,8,500022204,3,c85666736,C108873
p15876407,504087000,31845,聖羅蘭,YSL,YSL聖羅蘭黑管鏡面唇釉,3016,2197,233,390,6.0,4,4,2,500022204,3,c85715432,C116411
p15794713,504087001,31887,倩碧,CLINIQUE,CLINIQUE倩碧炫目眼線筆101號 1.2g,3038,2203,112,185,6.1,2,2,1,500022204,3,c85615208,C026571
p15792902,504087002,10085,芭比布朗,BOBBI BROWN,BOBBI BROWN芭比波朗密集修護菁華粉底液 30ml,3021,2201,410,650,6.3,3,3,8,500022204,3,c85613294,C055334
p15797181,504087003,10085,芭比布朗,BOBBI BROWN,BOBBI BROWN芭比波朗持妝無痕遮瑕蜜-8ML,3021,2220,174,315,5.5,9,9,39,500022204,3,c85617323,C102779
p15881454,504087004,31878,碧歐泉,BIOTHERM,BIOTHERM碧歐泉男士煥活亮膚精華露,3022,1096,478,810,5.9,2,2,1,500022204,3,c85721804,C116593
p15887527,504087005,10120,伊麗莎白·雅頓,ELIZABETH ARDEN,Elizabeth Arden伊莉莎白雅頓經典身體潤澤霜-400ML,3028,2269,209,380,5.5,3,3,1,500022204,3,c85728923,C108599
p15845680,504086986,10123,雅詩蘭黛,ESTEE LAUDER,Estee Lauder極緻鑽亮修護粉底霜,3021,2201,653,1125,5.8,5,5,29,500022204,3,c85673447,C105057
p15886985,504087006,31887,倩碧,CLINIQUE,Clinique倩碧祛紅舒緩潔面乳,3022,1088,128,235,5.4,2,2,1,500022204,3,c85728928,C116204
p15877258,504087007,10085,芭比布朗,BOBBI BROWN,Bobbi Brown芭比波朗錦繡風華四色眼影盤,3038,2217,336,610,5.5,2,2,1,500022204,3,c85716396,C115165
p15877251,504086978,10085,芭比布朗,BOBBI BROWN,Bobbi Brown芭比波朗密集菁華氣墊粉底液 SPF40 PA++++  12g,3021,2201,353,640,5.5,6,6,21,500022204,3,c85716529,C115171
p15877262,504087008,10174,魅可,MAC,MAC魅可眉筆4.1g(Black),3038,2207,128,235,5.4,3,3,3,500022204,3,c85716537,C116561
p15881896,504087009,10174,魅可,MAC,MAC魅可新經典緞光唇膏837-PEACHSTOCK 3.5g,3016,2195,104,190,5.5,2,2,1,500022204,3,c85722730,C116146
p15919468,504087012,12469,湯姆福特,TOM FORD,TOM FORD湯姆福特雪映流光香水,3037,3204,1101,1835,6.0,3,3,4,500022204,3,c85763423,C120303
p15809685,504087013,21523,雪肌精,SEKKISEI,SEKKISEI  雪肌精逸透純淨安潤化妝水 200ml,3022,1090,103,248,4.2,2,2,9,500022204,3,c85631199,C106015
p15799275,504087014,21511,AHC,AHC,AHC愛和純第三代臻致B5玻尿酸補水面膜25片,3022,1097,218,396,5.5,16,16,80,500022204,3,c85620181,C043394
p15871567,504087017,10162,蘭蔻,LANCOME,LANCOME蘭蔻柔霧腮紅-02,3021,2213,236,395,6.0,2,2,11,500022204,3,c85708796,C114047
p15888658,504087019,10213,資生堂,SHISEIDO,Shiseido資生堂盼麗風姿透白淡斑精華露50ml,3022,1096,768,1280,6.0,1,1,8,500022204,3,c85730726,C115851
p15867669,504118206,13558,植村秀,SHU UEMURA,SHU UEMURA植村秀羽紗潤養流光精華粉底液35 ml,3021,2201,332,565,5.9,32,32,100+,500022389,1,c85704064,C114245
p15893782,504087021,15063,庭潤,THANN,THANN庭潤迷情伯爵散香器-150ML,3037,1525,261,450,5.8,1,1,7,500022204,3,c85737098,C056536
p15737467,504087023,14721,祖瑪瓏,JO MALONE LONDON,JO MALONE祖·瑪瓏香氛蠟燭（藍風鈴香型）,3037,1525,301,555,5.4,1,1,14,500022204,3,c85549841,C044609
p15864115,504087025,10085,芭比布朗,BOBBI BROWN,BOBBI BROWN芭比波朗至盈呵護唇蜜 BARE 6ML,3022,1098,190,350,5.4,5,5,45,500022204,3,c85700051,C112792
p15737432,504087026,31887,CLINIQUE,CLINIQUE (Beauty),CLINIQUE倩碧男士控油保濕潤膚霜 100ml,3022,1093,174,320,5.4,2,2,14,500022204,3,c85550213,C055311
p15892313,504087027,31809,可复美,可复美,可复美重組膠原蛋白肌禦賦活修護精粹乳40mL,3022,1091,170,309,5.5,1,1,33,500022204,3,c85734689,IN100553
p15738357,504087028,14599,赫蓮娜,HELENA RUBINSTEIN,HR赫蓮娜夜間修護睡眠晚霜 50ml,3022,1093,1138,1835,6.2,2,2,24,500022204,3,c85551216,C040527
p15876070,504087029,31474,薇諾娜,薇諾娜,薇諾娜 80g舒敏保濕潔面乳,3022,1088,95,172,5.5,2,2,6,500022204,3,c85715004,IN100212
p15738788,504087030,31887,CLINIQUE,CLINIQUE (Beauty),CLINIQUE倩碧男士平衡滋養霜 50ML,3022,1093,207,380,5.4,1,1,11,500022204,3,c85551231,C046923
p15821454,504087031,10085,芭比布朗,BOBBI BROWN,BOBBI BROWN芭比波朗持妆无痕遮瑕蜜WARM BEIGE-8ML,3021,2220,174,315,5.5,2,2,8,500022204,3,c85643762,C102751
p15789334,504087032,15632,蘭芝,LANEIGE,LANEIGE蘭芝水酷透明質酸嘭潤修護潤膚乳(清潤),3022,1091,143,260,5.5,3,3,17,500022204,3,c85609262,C101065
p15867674,504087033,12290,喬治阿瑪尼,GIORGIO ARMANI,GIORGIO ARMANI阿瑪尼精華粉底30ml（含化妝刷）,3021,2201,836,1370,6.1,2,2,26,500022204,3,c85704076,C114284
p15890120,504087034,10085,芭比布朗,BOBBI BROWN,Bobbi Brown芭比波朗密集奢采精華防曬乳30ml,3022,1096,300,545,5.5,2,2,4,500022204,3,c85732192,C116186
p15876086,504087035,100064,自然堂,CHANDO,CHANDO自然堂舒緩潤養卸妝膏100ml*2支裝,3022,1100,157,346,4.5,2,2,3,500022204,3,c85714719,IN100351
p15830837,504087036,10197,悦木之源,ORIGINS,ORIGINS悅木之源水潤亮采眼霜-冷 15ml,3039,2813,155,290,5.3,2,2,8,500022204,3,c85655656,C107915
p15901303,504087037,10085,芭比布朗,BOBBI BROWN,Bobbi Brown芭比波朗羽柔蜜粉餅2件組,3021,2214,462,710,6.5,2,2,2,500022204,3,c85744796,C117551
p15867672,504087038,10162,蘭蔻,LANCOME,LANCOME蘭蔻全新菁純柔潤水唇釉,3016,2197,215,360,6.0,3,3,6,500022204,3,c85704073,C114279
p15883652,504087039,31845,聖羅蘭,YSL,YSL 聖羅蘭敢愛光耀釉光唇膏17 （3.2g）,3016,2195,227,380,6.0,2,2,2,500022204,3,c85725053,C118029
p15875662,504087040,100064,自然堂,CHANDO,CHANDO自然堂金鑽微雕抗皺緊致眼霜20g,3039,2813,289,628,4.6,1,1,7,500022204,3,c85715001,IN100326
p15736701,504087041,10085,芭比波朗,BOBBI BROWN,BOBBI BROWN芭比波朗修容,3012,2278,253,445,5.7,2,2,9,500022204,3,c85548619,C024071
p15736808,504087042,10085,芭比布朗,BOBBI BROWN,BOBBI BROWN芭比波朗濃魅大眼睫毛膏黑色10 ml,3038,2203,168,305,5.5,2,2,8,500022204,3,c85548723,C033983
p15737276,504087043,14721,祖瑪瓏,JO MALONE LONDON,JO MALONE祖·瑪瓏鼠尾草與海鹽+青檸羅勒與柑橘香氛,3037,1145,644,1135,5.7,2,2,4,500022204,3,c85549491,C043353
p15743611,504087044,10120,伊麗莎白·雅頓,ELIZABETH ARDEN,Elizabeth Arden伊麗莎白雅頓白茶橙花淡香水,3037,2352,147,326,4.5,4,4,22,500022204,3,c85555936,C052050
p15739431,504087045,14721,祖玛珑,JO MALONE LONDON,JO MALONE祖·瑪瓏香水(青檸羅勒與柑橘香型)30ml,3037,3204,344,630,5.5,2,2,16,500022204,3,c85552319,C043365
p15824804,504087047,10123,雅詩蘭黛,ESTEE LAUDER,ESTEE LAUDER雅詩蘭黛持妝防水眼線筆 1.2g,3038,2203,157,280,5.6,2,2,5,500022204,3,c85646892,C101130
p15895903,504087049,10162,蘭蔻,LANCOME,Lancome蘭蔻超修小黑瓶極光水兩件套,3022,1100,1733,2665,6.5,2,2,,500022204,3,c85739529,C119251
p15740712,504087050,10120,伊麗莎白·雅頓,ELIZABETH ARDEN,Elizabeth Arden伊麗莎白雅頓白茶淡香水（野玫瑰香型）100ml,3037,2352,193,426,4.5,2,2,6,500022204,3,c85553198,C045784
p15882351,504087052,10103,倩碧,CLINIQUE,Clinique倩碧潤膚乳-清爽型,3022,1091,204,370,5.5,2,2,2,500022204,3,c85723089,C116161
p15794668,504087054,31862,莫傑,MARC JACOBS,MARC JACOBS  莫傑雛菊清心女士濃香水 75ml,3037,2352,397,980,4.1,2,2,3,500022204,3,c85614616,C101485
p15737814,504087056,31862,莫傑,MARC JACOBS,MARC JACOBS莫傑雛菊摯愛蜜語女士淡香氛EDT 50mL,3037,2352,318,775,4.1,2,2,2,500022204,3,c85549814,C043469
p15809676,504087057,21523,雪肌精,SEKKISEI,SEKKISEI  雪肌精逸透柔潤勻亮凝霜盒,3022,1093,30,71,4.2,2,2,6,500022204,3,c85630982,C106013
p15806087,504087059,12469,湯姆福特,TOM FORD,TOM FORD幻魅雙色塑顏膏 0.5 冷白皮  膏狀質地  INTENSITY  15g,3021,2201,352,650,5.4,2,2,2,500022204,3,c85626428,C103052
p15875688,504087060,100064,自然堂,CHANDO,CHANDO自然堂男士黑松露臻鑽修護三件套,3022,1100,270,596,4.5,2,2,2,500022204,3,c85715021,IN100353
p15764597,504087064,10174,魅可,MAC,MAC魅可 #129多用粉頰刷,3012,2278,243,440,5.5,2,2,9,500022204,3,c85580129,C038493
p15822813,504087066,13651,黛珂,DECORTE,DECORTE 黛珂牛油果植萃乳液--300毫升-2支裝-,3022,1091,430,954,4.5,2,2,85,500022204,3,c85645143,C105973
p15830846,504087068,12469,湯姆福特,TOM FORD,TOM FORD湯姆福特濃香水(啡縈珍瑰香型) 100ml,3037,2352,1052,1835,5.7,1,1,2,500022204,3,c85656182,C107916
p15868121,504087069,31845,聖羅蘭,YSL,YSL聖羅蘭敢愛光耀釉光唇膏3.2G,3016,2195,227,380,6.0,2,2,22,500022204,3,c85704079,C114272
p15866235,504086985,10174,魅可,MAC,MAC魅可煥采元氣腮紅泥,3021,2213,166,265,6.3,4,4,11,500022204,3,c85700823,C113737
p15740340,504087071,10174,魅可,MAC,MAC魅可絲緞柔霧唇膏/口紅 3g,3016,2195,108,200,5.4,1,1,19,500022204,3,c85553507,C041863
p15737353,504087073,10213,資生堂,SHISEIDO,SHISEIDO資生堂百優精純乳霜 75ML,3022,1093,449,815,5.5,11,11,41,500022204,3,c85549686,C026774
p15743710,504087074,13558,植村秀,SHU UEMURA,shu uemura植村秀無色限絹感唇膏 KS BG964 3.3g,3016,2195,182,305,6.0,2,2,6,500022204,3,c85557073,C055890
p15736240,504087076,10085,芭比波朗,BOBBI BROWN,BOBBI BROWN芭比波朗繽紛唇頰霜#6嫩玫紅0.13 oz/ 3.8 ml,3021,2213,169,310,5.5,1,1,8,500022204,3,c85548339,C023847
p15875892,504087078,14721,祖瑪瓏,JO MALONE LONDON,JO MALONE LONDON祖瑪瓏檜木與雪松芳醇古龍水,3037,3204,650,1165,5.6,1,1,7,500022204,3,c85715537,C115260
p15736700,504087079,14721,祖瑪瓏,JO MALONE LONDON,JO MALONE祖·瑪瓏潤膚乳霜175ML(黑莓與月桂葉香型),3028,2269,400,725,5.5,1,1,14,500022204,3,c85548453,C029998
p15865819,504087080,14721,祖瑪瓏,JO MALONE LONDON,JO MALONE祖瑪瓏香氛蠟燭 英國梨與小蒼蘭香型 2100G,3037,1525,2095,3670,5.7,2,2,1,500022204,3,c85701317,C105947
p15809669,504087081,14721,祖瑪瓏,JO MALONE LONDON,JO MALONE LONDON 祖瑪瓏古龍水-緋紅虞美人-100ML,3037,3204,956,1685,5.7,1,1,6,500022204,3,c85631185,C105483
p15875689,504087082,100064,自然堂,CHANDO,CHANDO自然堂喜馬拉雅茶泥淨顏清潔面膜(免稅店)100g*2支裝,3022,1100,137,249,5.5,1,1,11,500022204,3,c85715022,IN100389
p15737338,504087084,12469,湯姆福特,TOM FORD,TOM FORD 柔霧緞采唇膏 【細黑管】26 0.12OZ  / 3.5ml,3016,2195,270,490,5.5,1,1,3,500022204,3,c85550085,C048151
p15876081,504087085,100064,自然堂,CHANDO,CHANDO自然堂金鑽淨采煥活鎏金潔顏蜜 200ml,3022,1088,157,346,4.5,2,2,3,500022204,3,c85714713,IN100502
p15764594,504087086,10174,魅可,MAC,MAC魅可時尚焦點小眼影 0,3038,2217,61,110,5.5,1,1,2,500022204,3,c85580125,C049334
p15739286,504087087,12290,喬治阿瑪尼,GIORGIO ARMANI,GIORGIO ARMANI 阿瑪尼設計師全能氣墊水粉霜 2 3 4 5 14g,3021,2201,425,720,5.9,2,2,20,500022204,3,c85551733,C050065
p15876074,504087089,31474,薇诺娜,薇诺娜,薇諾娜 30ml極潤保濕精華液,3022,1096,149,323,4.6,1,1,12,500022204,3,c85714701,IN100229
p15881533,504087090,10162,蘭蔻,LANCOME,LANCOME蘭蔻奇跡濃香氛 50ml,3037,2352,578,965,6.0,1,1,4,500022204,3,c85722240,C000278
p15737196,504087091,14721,祖瑪瓏,JO MALONE LONDON,JO MALONE祖·瑪瓏瓏香水(青檸羅勒與柑橘香型)30ml,3037,3204,342,640,5.3,2,2,3,500022204,3,c85549508,C030054
p15831824,504087092,10162,蘭蔻,LANCOME,LANCOME蘭蔻菁純精華散粉 15g,3021,2214,536,885,6.1,1,1,24,500022204,3,c85657634,C108202
p15737370,504087093,10085,芭比波朗,BOBBI BROWN,BOBBI BROWN芭比波朗炙戀精油唇蜜2號6 ml,3016,2197,135,245,5.5,1,1,13,500022204,3,c85549725,C049495
p15743700,504087094,13558,植村秀,SHU UEMURA,shu uemura植村秀無色限絹感唇膏 KS BR784 3.3g,3016,2195,182,305,6.0,2,2,5,500022204,3,c85557059,C055891
p15825265,504087096,12290,喬治阿瑪尼,GIORGIO ARMANI-香化,GIORGIO ARMANI阿瑪尼印記濃香水-75ML,3037,2351,588,980,6.0,2,2,2,500022204,3,c85648202,C107274
p15894213,504087097,10120,伊麗莎白·雅頓,ELIZABETH ARDEN,Elizabeth Arden伊莉莎白雅頓亮澤彈力霜50ml,3022,1093,341,620,5.5,2,2,3,500022204,3,c85737084,C118147
p15883660,504087098,12290,喬治阿瑪尼,GIORGIO ARMANI,Giorgio Armani阿瑪尼紅管緞光唇釉-15（4ml）,3016,2197,224,380,5.9,2,2,1,500022204,3,c85725060,C117430
p15794727,504087099,12290,喬治阿瑪尼,GIORGIO ARMANI,GIORGIO ARMANI阿瑪尼紅管唇釉 311 6.5ml,3016,2197,227,380,6.0,2,2,1,500022204,3,c85614670,C103404
p15891092,504087100,12290,喬治阿瑪尼,GIORGIO ARMANI,Giorgio Armani 喬治阿瑪尼液體眼影-25M 3.9ml,3038,2217,208,330,6.3,2,2,,500022204,3,c85733264,C118374
p15890634,504087101,12290,喬治阿瑪尼,GIORGIO ARMANI,Giorgio Armani 喬治阿瑪尼液體眼影-69S 3.9ml,3038,2217,208,330,6.3,2,2,,500022204,3,c85733266,C119084
p15890627,504087102,12290,喬治阿瑪尼,GIORGIO ARMANI,Giorgio Armani 喬治阿瑪尼液體眼影-90M 3.9ml,3038,2217,208,330,6.3,2,2,,500022204,3,c85732855,C119088
p15825384,504087103,10120,伊麗莎白·雅頓,ELIZABETH ARDEN,Elizabeth伊麗莎白雅頓白茶淡香水 EDT,3037,2352,161,354,4.5,2,2,3,500022204,3,c85647967,C107069
p15887948,504087104,10120,伊麗莎白·雅頓,ELIZABETH ARDEN,Elizabeth Arden伊莉莎白雅頓香氛套裝(10ml + 15ml + 15ml),3037,1145,164,355,4.6,1,1,1,500022204,3,c85730513,C116162
p15876391,504118371,10131,紀梵希,Givenchy,GIVENCHY 紀梵希明星四宮格柔霧散粉,3021,2214,306,565,5.4,37,37,100+,500022390,1,c85715623,C113678
p15825637,504087106,10131,紀梵希,Givenchy,GIVENCHY紀梵希高定香榭粉絲絨唇膏3.4g,3016,2195,157,360,4.4,3,3,23,500022204,3,c85652544,C103664
p15781818,504087107,10131,紀梵希,Givenchy,GIVENCHY紀梵希明星柔霧粉底液 30ml,3021,2201,232,504,4.6,4,4,31,500022204,3,c85600968,C101922
p15890622,504087108,10131,紀梵希,Givenchy,GIVENCHY 紀梵希傾城裸絲絨香水50ML,3037,2352,687,1145,6.0,2,2,,500022204,3,c85732851,C118153
p15891083,504087109,10131,紀梵希,Givenchy,GIVENCHY 紀梵希傾城裸絲絨香水-80ML,3037,2352,804,1340,6.0,2,2,,500022204,3,c85732849,C118155
p15828345,504087110,10123,雅詩蘭黛,ESTEE LAUDER,ESTEE LAUDER雅詩蘭黛絕色由我絨霧唇膏3.5g,3016,2195,178,360,4.9,2,2,8,500022204,3,c85653023,C105813
p15825603,504087111,10123,雅詩蘭黛,ESTEE LAUDER,ESTEE LAUDER雅詩蘭黛絕色由我緞光唇膏3.5g,3016,2195,182,360,5.1,3,3,7,500022204,3,c85648149,C105788
p15828347,504087112,10123,雅詩蘭黛,ESTEE LAUDER,ESTEE LAUDER雅詩蘭黛絕色由我緞光唇膏3.5g,3016,2195,180,360,5.0,2,2,14,500022204,3,c85652614,C105800
p15764150,504087113,31887,倩碧,CLINIQUE,CLINIQUE倩碧清爽控油粉餅 03 7.6g,3021,2201,163,295,5.5,2,2,1,500022204,3,c85580118,C036833
p15884179,504087115,31845,聖羅蘭,YSL,YSL 聖羅蘭自由至上女士香水-淡香版 50ML,3037,2352,690,1150,6.0,1,1,7,500022204,3,c85725063,C118030
p15872929,504087118,13558,植村秀,SHU UEMURA,SHU UEMURA植村秀絹感柔霧唇膏 KM,3016,2195,186,315,5.9,3,3,1,500022204,3,c85710761,C115501
p15943011,504087119,13558,植村秀,SHU UEMURA,SHU UEMURA植村秀絹感潤護水光唇釉 PK377,3016,2197,186,310,6.0,2,2,,500022204,3,c85787356,C121490
p15764044,504087120,10085,芭比布朗,BOBBI BROWN,BOBBI BROWN芭比波朗純色奢金璀璨眼影銅光,3038,2217,180,330,5.5,2,2,6,500022204,3,c85580002,C041310
p15736923,504087122,10085,芭比布朗,BOBBI BROWN,BOBBI BROWN芭比波朗炙戀柔霧唇膏15號 3.4g,3016,2195,141,270,5.2,2,2,2,500022204,3,c85548892,C039024
p15829477,504087123,13651,黛珂,DECORTE,COSME DECORTE黛珂AQ珍萃精顏臻悅粉餅401 11g,3021,2214,577,1140,5.1,2,2,,500022204,3,c85655104,C052842
p15883140,504087124,13651,黛珂,DECORTE,DECORTE黛珂-心悅容光幻紗蜜粉-05,3021,2214,195,360,5.4,1,1,1,500022204,3,c85723535,C113956
p15736708,504087125,14721,祖瑪瓏,JO MALONE LONDON,JO MALONE祖·瑪瓏黑石榴香水30毫升,3037,3204,348,640,5.4,2,2,1,500022204,3,c85548462,C030078
p15735495,504087126,14721,祖瑪瓏,JO MALONE LONDON,JO MALONE祖·瑪瓏青檸羅勒葉與柑橘香水100毫升,3037,3204,743,1355,5.5,2,2,4,500022204,3,c85548103,C030050
p15871545,504087095,10174,魅可,MAC,MAC魅可定制鎏金遮瑕,3021,2220,168,280,6.0,7,7,13,500022204,3,c85708772,C115233
p15876794,504087127,10174,魅可,MAC,MAC魅可定制無瑕粉底霜 NC50 15g,3021,2201,200,370,5.4,2,2,,500022204,3,c85716533,C103539
p15737670,504087128,10174,魅可,MAC,MAC魅可24小時持久遮瑕乳7ML,3021,2220,153,280,5.5,2,2,13,500022204,3,c85550038,C045113
p15736407,504087129,10174,魅可,MAC,MAC魅可感光粉底液按壓嘴,3013,1141,19,35,5.4,1,1,8,500022204,3,c85549021,C031753
p15919641,504087130,10174,魅可,MAC,MAC魅可節日限定高光碟03,3021,2219,186,310,6.0,2,2,,500022204,3,c85763816,C120335
p15884711,504087131,10174,魅可,MAC,MAC魅可晶亮液體腮紅01,3021,2213,152,240,6.3,2,2,,500022204,3,c85726129,C116276
p15885164,504087132,10174,魅可,MAC,MAC魅可晶亮液體腮紅09,3021,2213,152,240,6.3,2,2,,500022204,3,c85725762,C116275
p15792968,504087133,10174,魅可,MAC,MAC魅可時尚焦點小眼影2G 1.5g,3038,2217,61,110,5.5,2,2,2,500022204,3,c85612827,C049347
p15885184,504087134,10174,魅可,MAC,MAC魅可絲柔啞光唇膏629 BARE M·A·CXIMAL 深色調濃郁朱古力棕色3.5g,3016,2195,104,190,5.5,2,2,,500022204,3,c85726139,C116122
p15743205,504087135,10174,魅可,MAC,MAC魅可立體絨光修容餅 9g,3021,2219,221,360,6.1,2,2,15,500022204,3,c85557086,C040630
p15737802,504087048,10174,魅可,MAC,MAC魅可啞光唇膏/口紅 3g,3016,2195,105,185,5.7,8,8,7,500022204,3,c85654018,C037813
p15885182,504087136,12469,湯姆福特,TOM FORD,TOM FORD 柔霧緞采唇膏 【細黑管】91 古銅橘紅3.3g,3016,2195,268,490,5.5,2,2,,500022204,3,c85725780,C105176
p15839487,504087137,12469,湯姆福特,TOM FORD,TOM FORD湯姆福特柔霧緞采唇膏 3.3g,3016,2195,268,490,5.5,1,1,7,500022204,3,c85667169,C105173
p15896484,504087138,12469,湯姆福特,TOM FORD,Tom Ford湯姆福特新烈焰幻魅唇膏-10,3016,2195,270,490,5.5,2,2,,500022204,3,c85739459,C114476
p15913048,504087139,12469,湯姆福特,TOM FORD,TOM FORD湯姆福新烈焰幻魅唇膏-18,3016,2195,294,490,6.0,2,2,,500022204,3,c85756224,C114492
p15875681,504087140,100064,自然堂,CHANDO,CHANDO自然堂雪肌追光煥白緊致乳液110ml*2支裝,3022,1100,318,704,4.5,2,2,,500022204,3,c85715017,IN100496
p15741342,504087141,31878,碧歐泉,BIOTHERM (Beauty),BIOTHERM 碧歐泉男士城市防護隔離霜 30ml 舊包裝隨機髮貨,3022,1092,299,500,6.0,1,1,12,500022204,3,c85555129,C031414
p15810804,504087142,14721,祖瑪瓏,JO MALONE LONDON,JO MALONE祖瑪瓏香水馥鬱系列-烏木與佛手柑香型-50ML,3037,3204,662,1175,5.6,2,2,8,500022204,3,c85632352,C105487
p15919487,504087143,14721,祖瑪瓏,JO MALONE LONDON,Jo Malone祖瑪瓏黃金大麥香氛蠟燭‌（200克/7盎司）‌,3037,1525,333,555,6.0,2,2,2,500022204,3,c85763445,C121544
p15919473,504087146,12469,湯姆福特,TOM FORD,Tom Ford湯姆福特雪映流光香水,3037,3204,819,1365,6.0,2,2,6,500022204,3,c85763428,C120299
p15828348,504087149,14721,祖瑪瓏,JO MALONE LONDON,JO MALONE London祖瑪瓏滿室幽香香薰-絲絨玫瑰與烏木165ml,3037,1525,519,930,5.6,1,1,18,500022204,3,c85653025,C105500
p15741372,504087152,10085,芭比布朗,BOBBI BROWN,BOBBI BROWN芭比波朗炙戀精油唇蜜#7自然美力6 ml,3016,2197,134,245,5.5,1,1,4,500022204,3,c85555165,C049499
p15831474,504087153,30983,伊芙蘭,EVE LOM,EVE LOM伊芙蘭亮采修護視黃醇精華液 30ml,3022,1096,886,1870,4.7,1,1,8,500022204,3,c85657683,C107101
p15900699,504087154,10091,卡尔文·克莱恩,CALVIN KLEIN,Calvin Klein卡爾文克雷恩香水-CK-ONE-香氛套裝-200-毫升---50-毫升,3037,1145,370,900,4.1,1,1,5,500022204,3,c85744360,C119614
p15736644,504087155,31845,聖羅蘭,YSL BEAUTY,YSL聖羅蘭 自由之水清版淡香水 90ML,3037,2352,936,1560,6.0,1,1,4,500022204,3,c85548559,C100192
p15740552,504087156,12469,湯姆福特,TOM FORD,TOM FORD 奢金柔光粉底液 SPF50/PA++++ 30ML,3021,2201,572,1035,5.5,1,1,18,500022204,3,c85650752,C049252
p15891801,504087157,21511,AHC,AHC,A.H.C 愛和純第三代臻致舒潤保濕面膜-27ml*10片,3022,1097,80,165,4.8,37,37,100+,500022204,3,c85735077,C119063
p15802041,504087158,10174,魅可,MAC,MAC魅可絲緞絨霧細管唇膏16 2g,3016,2195,131,235,5.6,1,1,8,500022204,3,c85621944,C103056
p15764514,504087160,12469,汤姆福特,TOM FORD,TOM FORD湯姆福特柔霧緞采唇膏51 3.3g,3016,2195,270,490,5.5,1,1,10,500022204,3,c85579725,C100703
p15845297,504087161,14721,祖瑪瓏,JO MALONE LONDON,JO MALONE 祖 瑪瓏潤膚乳霜馥鬱系列（末藥與冬加豆香型）200ml,3028,2269,545,990,5.5,1,1,2,500022204,3,c85673493,C105499
p15738562,504087163,13558,植村秀,SHU UEMURA,shu uemura 植村秀55號粉底刷,3012,2278,299,500,6.0,1,1,8,500022204,3,c85550545,C037328
p15738726,504087164,14721,祖玛珑,JO MALONE LONDON,JO MALONE祖·瑪瓏潤膚乳液黑莓與月桂葉250ml,3028,2269,296,545,5.4,1,1,7,500022204,3,c85550716,C032521
p15735615,504087165,31878,碧歐泉,BIOTHERM (Beauty),BIOTHERM  碧歐泉男士淨膚細緻爽膚水 200ml,3022,1090,230,385,6.0,1,1,7,500022204,3,c85547369,C039619
p15864123,504087167,10174,魅可,MAC,MAC魅可唇彩 59 3.1ML,3016,2197,98,180,5.4,1,1,3,500022204,3,c85699607,C037776
p15806092,504087168,10174,魅可,MAC,MAC魅可絲緞絨霧細管唇膏25 2g,3016,2195,128,235,5.4,1,1,3,500022204,3,c85626431,C103065
p15881983,504087169,10174,魅可,MAC,MAC魅可絲緞柔霧液體唇膏954 REKINDLED 5ml,3016,2195,117,215,5.4,1,1,2,500022204,3,c85722823,C116141
p15742411,504087170,10224,蒂芙尼,TIFFANY & CO,TIFFANY蒂芙尼傾心女士淡香水,3037,2352,454,1135,4.0,2,2,16,500022204,3,c85556203,C043329
p15848021,504087172,31887,倩碧,CLINIQUE,CLINIQUE倩碧銀管滋潤唇膏-PINK-HONEY-1.9G,3016,2195,100,185,5.4,1,1,9,500022204,3,c85675451,C110720
p15735875,504087173,10120,伊麗莎白·雅頓,ELIZABETH ARDEN,Elizabeth Arden伊麗莎白雅頓鉑粹禦膚肌活露 140ml,3022,1090,350,636,5.5,1,1,4,500022204,3,c85547793,C031054
p15797276,504087175,10120,伊麗莎白·雅頓,ELIZABETH ARDEN,Elizabeth Arden  伊麗莎白雅頓白茶精華露 30ml,3022,1096,239,567,4.2,1,1,4,500022204,3,c85617531,C102039
p15881889,504087177,10197,悦木之源,ORIGINS,Origins 悅木之源蘋果肌青春肌底液,3022,1096,199,320,6.2,1,1,4,500022204,3,c85722724,C115041
p15736615,504087180,10120,伊麗莎白·雅頓,ELIZABETH ARDEN,Elizabeth Arden伊麗莎白雅頓紅門淡香氛,3037,2352,231,512,4.5,1,1,3,500022204,3,c85548372,C000970
p15825599,504087182,31887,倩碧,CLINIQUE,CLINIQUE倩碧勻淨科研亮白粉底液30ML,3021,2201,215,385,5.6,1,1,8,500022204,3,c85648142,C053165
p15885157,504087184,10174,魅可,MAC,MAC魅可輕羽纖密睫毛膏,3038,2203,172,315,5.5,1,1,1,500022204,3,c85726118,C116266
p15782315,504087185,31845,聖羅蘭,YSL,YSL  聖羅蘭細管絲絨純口紅  2g,3016,2195,230,390,5.9,1,1,32,500022204,3,c85600961,C101393
p15782328,504087186,10131,紀梵希,Givenchy,GIVENCHY紀梵希紳士濃香水 60ml,3037,2351,352,696,5.1,1,1,3,500022204,3,c85600976,C056033
p15942682,504087187,13558,植村秀,SHU UEMURA,SHU UEMURA植村秀絹感潤護裸感唇膏 RD168,3016,2195,189,315,6.0,1,1,1,500022204,3,c85786867,C121486
p15737319,504087188,12469,湯姆福特,TOM FORD,TOM FORD 柔霧緞采唇膏 【細黑管】0.12OZ  / 3.5ml24 MAROCAIN,3016,2195,268,490,5.5,1,1,3,500022204,3,c85549652,C048149
p15875682,504087189,100064,自然堂,CHANDO,CHANDO自然堂雪肌追光煥白緊致面霜55g,3022,1093,180,390,4.6,1,1,1,500022204,3,c85714712,IN100330
p15831816,504087190,31845,聖羅蘭,YSL BEAUTY,YSL 聖羅蘭NEW MASC香水,3037,2352,504,850,5.9,4,4,11,500022204,3,c85658192,C108165
p15742434,504087194,21523,雪肌精,SEKKISEI,SEKKISEI雪肌精優醇菁華水乳霜3件套 200ml+140ml+50ml,3022,1100,550,1332,4.1,1,1,6,500022204,3,c85556237,C054983
p15871378,504087195,10085,芭比布朗,BOBBI BROWN,BOBBI BROWN芭比波朗密集奢采精華粉霜N-012號-30ML,3021,2201,388,770,5.0,1,1,4,500022204,3,c85708576,C111270
p15743242,504087197,10162,蘭蔻,LANCOME,LANCOME蘭蔻空氣輕墊持妝輕透粉底盒（外盒）,3013,1141,59,100,5.9,1,1,,500022204,3,c85557138,C040275
p15770456,504087198,10120,伊麗莎白·雅頓,ELIZABETH ARDEN,Elizabeth Arden伊麗莎白雅頓綠茶荔枝身體霜 500ml,3028,2269,148,268,5.5,1,1,1,500022204,3,c85588448,C102042
p15735889,504087199,10120,伊麗莎白·雅頓,ELIZABETH ARDEN,Elizabeth Arden伊麗莎白雅頓白茶淡香水 100ml,3037,2352,176,432,4.1,1,1,3,500022204,3,c85548132,C035934
p15830822,504087051,10123,雅詩蘭黛,ESTEE LAUDER,ESTEE LAUDER雅詩蘭黛絕色由我緞光唇膏3.5g,3016,2195,180,360,5.0,3,3,11,500022204,3,c85656142,C105751
p15886984,504087200,10123,雅詩蘭黛,ESTEE LAUDER,Estee Lauder雅詩蘭黛絕色由我絨霧唇膏185,3016,2195,180,275,6.5,1,1,2,500022204,3,c85729401,C116223
p15869029,504087201,31887,倩碧,CLINIQUE,Clinique倩碧淨顏潔膚水200ml,3022,1088,119,215,5.5,1,1,4,500022204,3,c85704744,C009393
p15830825,504087203,10085,芭比布朗,BOBBI BROWN,BOBBI BROWN芭比波朗五色眼影盤,3038,2217,266,490,5.4,1,1,13,500022204,3,c85656154,C108799
p15881987,504087204,10085,芭比布朗,BOBBI BROWN,Bobbi Brown芭比波朗奢金啞光唇膏Charmed淡雅玫紅3.5g,3016,2195,190,350,5.4,1,1,1,500022204,3,c85722829,C116198
p15737054,504087205,10085,芭比布朗,BOBBI BROWN,BOBBI BROWN芭比波朗炙戀唇膏2號,3016,2195,145,270,5.4,1,1,1,500022204,3,c85549232,C039012
p15737738,504087206,10085,芭比布朗,BOBBI BROWN,BOBBI BROWN芭比波朗炙戀精油唇蜜8號6 ml,3016,2197,135,245,5.5,1,1,1,500022204,3,c85549735,C049500
p15891799,504087207,13651,黛珂,DECORTE,DECORTE 黛珂-AQ-舒活耀白麵霜50ml,3022,1093,1133,2060,5.5,1,1,1,500022204,3,c85734686,C114152
p15875291,504087208,10174,魅可,MAC,MAC魅可定制柔雾保湿粉(饼盒),3021,2201,58,105,5.5,1,1,1,500022204,3,c85714127,C045105
p15870914,504087209,10174,魅可,MAC,MAC魅可24HR KAJAL眼線筆Extreme Black (8g),3038,3623,69,125,5.5,1,1,6,500022204,3,c85708490,C115456
p15885183,504087210,10174,魅可,MAC,MAC魅可霧面修容-深色 DEEP GOLDEN,3021,2219,237,430,5.5,1,1,1,500022204,3,c85725781,C115741
p15737346,504087211,12469,湯姆福特,TOM FORD,TOM FORD 至奢賦活精華面霜50ml/ 1.7 fl.OZ,3022,1093,1957,3155,6.2,1,1,,500022204,3,c85550108,C047986
p15875683,504087212,100064,自然堂,CHANDO,CHANDO自然堂金鑽微雕抗皺緊致悅享三件套(水乳精),3022,1100,742,1581,4.7,1,1,1,500022204,3,c85715018,IN100380
p15891088,504087213,31845,聖羅蘭,YSL,YSL 聖羅蘭黑管啞光唇釉-237,3016,2197,234,390,6.0,1,1,1,500022204,3,c85733258,C119090
p15871372,504087063,14721,祖瑪瓏,JO MALONE LONDON,JO MALONE LONDON祖瑪瓏香水馥鬱系列（無垢木與雪松香型）,3037,3204,662,1175,5.6,3,3,7,500022204,3,c85708476,C115258
p15890118,504087214,31887,倩碧,CLINIQUE,CLINIQUE倩碧水嫩煥膚精華50ml,3022,1096,393,525,7.5,1,1,5,500022204,3,c85731777,C116203
p15742797,504087216,20490,科顏氏,KIEHL'S,Kiehl's 科顏氏金盞花舒緩保濕面膜 100ml,3022,1097,284,475,6.0,8,8,78,500022204,3,c85556098,C054260
