goodsID,goodsCode,leFoxID,chineseBrandName,englishBrandName,goodsName,goodsSubName,backstageCategory,price,originalPrice,costPrice,buyPrice,lowestPrice,lowestPriceText,stock,onSale,purchaseTypeId,purchaseModeType,timestamp,source
694cc26ff52aff00011238cd,20110454,4871746,祖·玛珑,JO MALONE LONDON,鼠尾草与海盐车载香薰补充装（无外壳）,木质香调/2.5g,美妆护肤-香水香氛-家居香氛,223,280.0,280.0,170,,,9999,True,0,,,fragrance
694cc2aaf52aff000112412b,20111787,4872910,祖·玛珑,JO MALONE LONDON,薰衣草与月光花枕香喷雾,50ml,美妆护肤-香水香氛-家居香氛,268,315.0,315.0,268,,,9999,True,0,,,fragrance
694cc2ff9cc20b00019bf30d,20113681,4874665,庭润,THANN,香木系列芳香精油,,美妆护肤-香水香氛-家居香氛,119,,119.0,119,,,9999,True,0,,,fragrance
694cc20d56e4f10001019dc2,20108715,4869844,祖·玛珑,JO MALONE LONDON,英国梨与小苍兰香氛满室幽香香薰,165ml,美妆护肤-香水香氛-家居香氛,410,697.0,697.0,410,,,9999,True,0,,,fragrance
694cc29bf52aff0001123e76,20111498,4872665,祖·玛珑,JO MALONE LONDON,青柠罗勒与柑橘满室幽香香薰-预包装版,165ml,美妆护肤-香水香氛-家居香氛,593,697.0,697.0,593,,,9999,True,0,,,fragrance
694cc2ab5b103b0001aea2ce,20111794,4872943,祖·玛珑,JO MALONE LONDON,月色洋甘菊枕香喷雾,50ml,美妆护肤-香水香氛-家居香氛,268,315.0,315.0,268,,,9999,True,0,,,fragrance
694cc20ef52aff0001122888,20108801,4869862,祖·玛珑,JO MALONE LONDON,青柠罗勒与柑橘满室幽香香薰,165ml,美妆护肤-香水香氛-家居香氛,593,697.0,697.0,593,,,9999,True,0,,,fragrance
694cc2ef56e4f1000101c111,20113259,4874370,祖·玛珑,JO MALONE LONDON,丝绒玫瑰与乌木满室幽香香薰,165ml,美妆护肤-香水香氛-家居香氛,714,840.0,840.0,714,,,9999,True,0,,,fragrance
694cc2a69cc20b00019be29f,20111793,4872818,祖·玛珑,JO MALONE LONDON,薰衣草与月光花满室幽香香薰,165ml,美妆护肤-香水香氛-家居香氛,593,410.0,410.0,593,,,9999,True,0,,,fragrance
694cc2165b103b0001abd29f,20108794,4870034,祖·玛珑,JO MALONE LONDON,青柠罗勒与柑橘香氛蜡烛,柑橘香调/200g,美妆护肤-香水香氛-家居香氛,425,501.0,501.0,425,,,9999,True,0,,,fragrance
694cc24856e4f1000101a76d,20109835,4871042,祖·玛珑,JO MALONE LONDON,蓝风铃满室幽香香薰,165ml,美妆护肤-香水香氛-家居香氛,593,410.0,410.0,593,,,9999,True,0,,,fragrance
694cc39b9cc20b00019c0b94,20116850,4877648,祖·玛珑,JO MALONE LONDON,鼠尾草与海盐满室幽香香薰,165ml,美妆护肤-香水香氛-家居香氛,593,697.0,697.0,593,,,9999,True,0,,,fragrance
694cc2985b103b0001abe9b2,20111499,4872609,祖·玛珑,JO MALONE LONDON,英国梨与小苍兰蜡烛-预包装版,200g,美妆护肤-香水香氛-家居香氛,425,399.0,399.0,425,,,9999,True,0,,,fragrance
694cc20e5b103b0001abd10d,20108793,4869870,祖·玛珑,JO MALONE LONDON,鼠尾草与海盐香氛蜡烛,200g,美妆护肤-香水香氛-家居香氛,425,501.0,501.0,425,,,9999,True,0,,,fragrance
694cc2139cc20b00019bc816,20108791,4869984,祖·玛珑,JO MALONE LONDON,红玫瑰满室幽香香薰,165ml,美妆护肤-香水香氛-家居香氛,593,697.0,697.0,593,,,9999,True,0,,,fragrance
694cc2149cc20b00019bc844,20108795,4870007,祖·玛珑,JO MALONE LONDON,牡丹与胭红麂绒香氛蜡烛,200g,美妆护肤-香水香氛-家居香氛,425,501.0,501.0,425,,,9999,True,0,,,fragrance
694cc3b15b103b0001df3213,20117093,4878078,祖·玛珑,JO MALONE LONDON,鼠尾草与海盐满室幽香香薰（预包装）,165ml,美妆护肤-香水香氛-家居香氛,593,697.0,697.0,593,,,9999,True,0,,,fragrance
6972e7e6891e960001519603,20111497,5039692,祖·玛珑,JO MALONE LONDON,青柠罗勒与柑橘蜡烛-预包装版,200g,美妆护肤-香水香氛-家居香氛,425,399.0,399.0,425,,,9999,True,0,,,fragrance
694cc2269cc20b00019bcae7,20109175,4870322,祖·玛珑,JO MALONE LONDON,蓝风铃香氛蜡烛,200g,美妆护肤-香水香氛-家居香氛,425,501.0,501.0,425,,,9999,True,0,,,fragrance
694cc3e99cc20b00019c1754,20118250,4879199,祖·玛珑,JO MALONE LONDON,英国橡树与榛子香氛蜡烛,200g,美妆护肤-香水香氛-家居香氛,425,399.0,399.0,425,,,9999,True,0,,,fragrance
694cc26456e4f1000101aa65,20110457,4871576,祖·玛珑,JO MALONE LONDON,车载香熏外壳,111.6g,美妆护肤-香水香氛-家居香氛,278,392.0,392.0,250,,,9999,True,0,,,fragrance
694cc21256e4f10001019f41,20108714,4869977,祖·玛珑,JO MALONE LONDON,黑莓与月桂叶香氛蜡烛,200g,美妆护肤-香水香氛-家居香氛,425,501.0,501.0,425,,,9999,True,0,,,fragrance
694cc20e5b103b0001abd117,20108796,4869875,祖·玛珑,JO MALONE LONDON,红玫瑰香氛蜡烛,200g,美妆护肤-香水香氛-家居香氛,425,501.0,501.0,425,,,9999,True,0,,,fragrance
694cc21256e4f10001019f17,20108792,4869966,祖·玛珑,JO MALONE LONDON,英国梨与小苍兰香氛蜡烛,200g,美妆护肤-香水香氛-家居香氛,425,501.0,501.0,425,,,9999,True,0,,,fragrance
694cc2b456e4f1000101b953,20111965,4873174,祖·玛珑,JO MALONE LONDON,黑莓与月桂叶满室幽香香薰,165ml,美妆护肤-香水香氛-家居香氛,593,697.0,697.0,593,,,9999,True,0,,,fragrance
694cc2259cc20b00019bcaad,20109174,4870295,祖·玛珑,JO MALONE LONDON,黑石榴香氛蜡烛,200g,美妆护肤-香水香氛-家居香氛,425,500.0,500.0,425,,,9999,True,0,,,fragrance
694cc3d156e4f1000101eb79,20117870,4878745,梅森马吉拉,Maison Margiela,松间落雪香氛蜡烛,165g,美妆护肤-香水香氛-家居香氛,420,350.0,350.0,420,,,9999,True,0,,,fragrance
694cc30b56e4f1000101c555,20113671,4874841,蒂普提克,DIPTYQUE,车载香氛补充包-圣日尔曼大道34号,2.1g,美妆护肤-香水香氛-家居香氛,380,383.0,383.0,240,,,9999,True,0,,,fragrance
694cc307f52aff00011250df,20113663,4874791,蒂普提克,DIPTYQUE,电子扩香器香氛补充包-橙花,2.1g,美妆护肤-香水香氛-家居香氛,380,349.0,349.0,210,,,9999,True,0,,,fragrance
694cc20e56e4f10001019e22,20108843,4869884,蒂普提克,DIPTYQUE,车载香氛补充包-浆果香,2.1g,美妆护肤-香水香氛-家居香氛,380,349.0,349.0,210,,,9999,True,0,,,fragrance
694cc3b85b103b0001df3354,20117339,4878232,欧舒丹,L'OCCITANE,菁纯修护洗发露,500ml,个护家清-美发护发-洗发,170,169.0,169.0,170,,,9999,True,0,,,shampoo
694cc3e556e4f1000101edf4,20118152,4879123,欧舒丹,L'OCCITANE,草本香强韧丰盈洗发露,500ml,个护家清-美发护发-洗发,170,169.0,169.0,140,,,9999,True,0,,,shampoo
694cc2eb56e4f1000101c026,20113135,4874273,茱莉蔻,JURLIQUE,薰衣草洗发露,300ml,个护家清-美发护发-洗发,112,146.0,146.0,90,,,9999,True,0,,,shampoo
694cc30e9cc20b00019bf588,20113890,4874875,欧舒丹,L'OCCITANE,五合一草本菁纯舒缓去屑洗发露,300ml,个护家清-美发护发-洗发,128,,128.0,100,,,9999,True,0,,,shampoo
694cc27b5b103b0001abe444,20110669,4872041,馥绿德雅,RENE FURTERER,丰盈蓬松强韧洗发水光玻尿酸小粉珠,600ml,个护家清-美发护发-洗发,197,288.0,288.0,140,,,9999,True,0,,,shampoo
694cc3e956e4f1000101eea6,20118607,4879217,欧舒丹,L'OCCITANE,菁纯修护洗发套装,,个护家清-美发护发-洗发,320,490.0,490.0,245,,,9999,True,0,,,shampoo
694cc3bc9cc20b00019c1165,20117349,4878337,欧舒丹,L'OCCITANE,草本香菁纯平衡洗发露,500ml,个护家清-美发护发-洗发,170,169.0,169.0,170,,,9999,True,0,,,shampoo
694cc3b156e4f1000101e6fa,20117179,4878065,馥绿德雅,RENE FURTERER,润泽奢护洗发露,200ml,个护家清-美发护发-洗发,93,138.0,138.0,75,,,9999,True,0,,,shampoo
694cc3e8f52aff00011274fe,20118204,4879194,馥绿德雅,RENE FURTERER,活力强韧洗发露小绿珠,200ml,个护家清-美发护发-洗发,103,158.0,158.0,93,,,9999,True,0,,,shampoo
694cc3d956e4f1000101ed00,20117895,4878933,欧舒丹,L'OCCITANE,草本香强韧丰盈免洗柔顺喷雾,125ml,个护家清-美发护发-洗发,160,,160.0,120,,,9999,True,0,,,shampoo
694cc33256e4f1000101cd54,20114579,4875608,馥绿德雅,RENE FURTERER,活力强韧洗发露控油小绿珠,600ml,个护家清-美发护发-洗发,171,301.0,301.0,139,,,9999,True,0,,,shampoo
698b3a01b25b840001279f64,20163902,5161447,欧舒丹,L'OCCITANE,草本香菁纯平衡洗发套装,,个护家清-美发护发-洗发,310,470.0,470.0,310,,,9999,True,0,,,shampoo
694cc4009cc20b00019c1a5a,20119061,4879656,卡诗,KERASTASE,釉光玫瑰莹润洗发水,250ml,个护家清-美发护发-洗发,157,252.0,252.0,120,,,9999,True,0,,,shampoo
694cc3ce56e4f1000101eb0e,20117709,4878666,艾梵达,Aveda,植愈修护发芯重塑洗发露,200ml,个护家清-美发护发-洗发,225,263.0,263.0,180,,,9999,True,0,,,shampoo
694cc3799cc20b00019c066a,20115952,4876962,卡诗,KERASTASE,焕盈塑芯洗发水,250ml,个护家清-美发护发-洗发,185,242.0,242.0,150,,,9999,True,0,,,shampoo
694cc378f52aff0001126208,20116092,4876936,艾梵达,Aveda,丰盈强韧赋活洗发露,200ml,个护家清-美发护发-洗发,225,263.0,263.0,202,,,9999,True,0,,,shampoo
694cc32956e4f1000101cb46,20114213,4875390,卡诗,KERASTASE,赋源芯丝沁透洗发水,250ml,个护家清-美发护发-洗发,147,242.0,242.0,120,,,9999,True,0,,,shampoo
694cc3269cc20b00019bf9ba,20114235,4875375,卡诗,KERASTASE,赋源芯丝沁透洗发水,500ml,个护家清-美发护发-洗发,214,329.0,329.0,170,,,9999,True,0,,,shampoo
694cc322f52aff000112561a,20114214,4875332,卡诗,KERASTASE,头皮系列根源特护洗发水,250ml,个护家清-美发护发-洗发,185,207.0,207.0,145,,,9999,True,0,,,shampoo
694cc2cd56e4f1000101bbf0,20112509,4873659,卡诗,KERASTASE,头皮系列新双重功能洗发水,500ml,个护家清-美发护发-洗发,280,329.0,329.0,170,,,9999,True,0,,,shampoo
694cc2cd5b103b0001aea8d0,20112508,4873648,卡诗,KERASTASE,男士活力洗发水,250ml,个护家清-美发护发-洗发,185,207.0,207.0,120,,,9999,True,0,,,shampoo
694cc2c35b103b0001aea68e,20112185,4873404,馥绿德雅,RENE FURTERER,固发育发洗发露小白珠,200ml,个护家清-美发护发-洗发,103,155.0,155.0,93,,,9999,True,0,,,shampoo
694cc27656e4f1000101af04,20110823,4871920,卡诗,KERASTASE,头皮系列新双重功能洗发水,250ml,个护家清-美发护发-洗发,185,147.0,147.0,145,,,9999,True,0,,,shampoo
694cc273f52aff000112395e,20110824,4871843,卡诗,KERASTASE,耀光凝色晶透洗发水,250ml,个护家清-美发护发-洗发,185,207.0,207.0,120,,,9999,True,0,,,shampoo
694cc3aff52aff0001126b75,20117180,4878021,馥绿德雅,RENE FURTERER,滋养奢护发膜,200ml,个护家清-美发护发-护发,169,242.0,242.0,135,,,9999,True,0,,,hair
6972e822ab782600011c43bb,20116514,5040056,欧舒丹,L'OCCITANE,草本香菁纯臻萃焕活护发精华油,100ml,个护家清-美发护发-护发,180,166.0,166.0,130,,,9999,True,0,,,hair
694cc3f25b103b0001df4033,20118419,4879435,欧舒丹,L'OCCITANE,草本香强韧丰盈护发素,500ml,个护家清-美发护发-护发,190,189.0,189.0,130,,,9999,True,0,,,hair
694cc3b256e4f1000101e761,20117182,4878105,馥绿德雅,RENE FURTERER, 强韧护发素,150ml,个护家清-美发护发-护发,95,131.0,131.0,76,,,9999,True,0,,,hair
694cc3ec56e4f1000101ef26,20118199,4879273,宝丽,POLA,馥美修护护发素（柔顺型）(540g) ,540g,个护家清-美发护发-护发,190,,190.0,142,,,9999,True,0,,,hair
694cc3bb9cc20b00019c110f,20117336,4878307,欧舒丹,L'OCCITANE,焕活强韧头皮精华（“生机瓶”头皮精华）,50ml,个护家清-美发护发-护发,210,285.0,285.0,210,,,9999,True,0,,,hair
69f1f90a229c800001373954,20187862,5381641,卡诗,KERASTASE,新赋源芯丝头皮防脱精华液,90ml,个护家清-美发护发-护发,410,,410.0,410,,,9999,True,0,,,hair
694cc41c9cc20b00019c1f66,20119334,4880241,欧舒丹,L'OCCITANE,全新【焕新瓶】御龄头皮修护精华,50ml,个护家清-美发护发-护发,245,395.0,395.0,245,,,9999,True,0,,,hair
694cc4055b103b0001df42f0,20119066,4879789,卡诗,KERASTASE,釉光玫瑰奢护焕亮精华霜,250ml,个护家清-美发护发-护发,240,200.0,200.0,160,,,9999,True,0,,,hair
694cc4039cc20b00019c1ac6,20118674,4879729,艾梵达,Aveda,奇迹精萃焕亮精油,50ml,个护家清-美发护发-护发,212,252.0,252.0,180,,,9999,True,0,,,hair
694cc3d59cc20b00019c14f5,20117811,4878851,卡诗,KERASTASE,菁纯亮泽梦幻香氛修护油,75ml,个护家清-美发护发-护发,350,449.0,449.0,350,,,9999,True,0,,,hair
694cc3d056e4f1000101eb3c,20117708,4878707,艾梵达,Aveda,植愈修护发芯重塑奢养发膜,200ml,个护家清-美发护发-护发,421,459.0,459.0,378,,,9999,True,0,,,hair
694cc3cf9cc20b00019c13dc,20117705,4878688,艾梵达,Aveda,植愈修护发芯重塑精华乳,100ml,个护家清-美发护发-护发,259,295.0,295.0,233,,,9999,True,0,,,hair
694cc3c8f52aff0001126f96,20117706,4878526,艾梵达,Aveda,植愈修护发芯重塑护发乳,200ml,个护家清-美发护发-护发,259,295.0,295.0,233,,,9999,True,0,,,hair
694cc3be9cc20b00019c11e1,20117424,4878393,卡诗,KERASTASE,山茶花经典香氛护发油 双瓶装,2件装,个护家清-美发护发-护发,494,,494.0,450,,,9999,True,0,,,hair
694cc3b65b103b0001df3305,20117325,4878198,欧舒丹,L'OCCITANE,菁纯修护护发素,500ml,个护家清-美发护发-护发,190,290.0,290.0,190,,,9999,True,0,,,hair
694cc3a09cc20b00019c0c8b,20116902,4877769,卡诗,KERASTASE,山茶花经典香氛护发油,75ml,个护家清-美发护发-护发,285,497.0,497.0,270,,,9999,True,0,,,hair
694cc3845b103b0001df2cc0,20116243,4877205,欧舒丹,L'OCCITANE,防脱发头皮精华,50ml,个护家清-美发护发-护发,190,320.0,320.0,190,,,9999,True,0,,,hair
694cc383f52aff000112655d,20116425,4877196,欧舒丹,L'OCCITANE,五合一草本香菁纯头皮夜精华,50ml,个护家清-美发护发-护发,180,335.0,335.0,180,,,9999,True,0,,,hair
694cc37756e4f1000101db69,20115953,4876909,卡诗,KERASTASE,焕盈塑芯发膜,200ml,个护家清-美发护发-护发,320,421.0,421.0,320,,,9999,True,0,,,hair
694cc32cf52aff00011256e9,20114602,4875459,卡诗,KERASTASE,赋源芯丝奢护精华霜,200ml,个护家清-美发护发-护发,240,311.0,311.0,210,,,9999,True,0,,,hair
694cc3045b103b0001df1a77,20113601,4874747,艾梵达,Aveda,头皮管理温和净化啫喱,150ml,个护家清-美发护发-护发,259,222.0,222.0,233,,,9999,True,0,,,hair
694cc277f52aff00011239ba,20110725,4871944,馥绿德雅,RENE FURTERER,三相固发育发精华液【防掉发安瓶】,5.5ml*8,个护家清-美发护发-护发,338,285.0,285.0,240,,,9999,True,0,,,hair
694cc2739cc20b00019bd9df,20110672,4871830,卡诗,KERASTASE,赋源芯丝头皮防脱精华液,90ml,个护家清-美发护发-护发,285,397.0,397.0,285,,,9999,True,0,,,hair
694cc2545b103b0001abde42,20110008,4871211,卡诗,KERASTASE,黑钻钥源发膜,200ml,个护家清-美发护发-护发,314,439.0,439.0,310,,,9999,True,0,,,hair
694cc2385b103b0001abd8ab,20109400,4870657,艾梵达,Aveda,植萃菁纯洗发露,250ml,个护家清-美发护发-护发,136,161.0,161.0,136,,,9999,True,0,,,hair
694cc2005b103b0001abcf79,20108403,4869555,卡诗,KERASTASE,新防脱发喷雾,125ml,个护家清-美发护发-护发,280,373.0,373.0,280,,,9999,True,0,,,hair
694cc25256e4f1000101a851,20109956,4871156,雅诗兰黛,ESTÉE LAUDER,第七代小棕瓶精华双支装 修护淡纹,100ml*2,美妆护肤-面部护肤-精华,2418,1359.0,1359.0,1199,1080.0,买6件 低至￥1080/件,9999,True,0,,,serum
694cc2469cc20b00019bd0c9,20109958,4870997,雅诗兰黛,ESTÉE LAUDER,第七代小棕瓶精华 修护淡纹,100ml,美妆护肤-面部护肤-精华,1345,1344.0,1344.0,699,,,9999,True,0,,,serum
694cc2539cc20b00019bd310,20109957,4871190,雅诗兰黛,ESTÉE LAUDER,第七代小棕瓶精华 修护淡纹,50ml,美妆护肤-面部护肤-精华,473,840.0,840.0,450,,,9999,True,0,,,serum
694cc3dc5b103b0001df3a78,20118066,4879002,娇韵诗,CLARINS,透亮焕白淡斑匀净专研精华,50ml,美妆护肤-面部护肤-精华,885,856.0,856.0,885,797.0,买7件 低至￥797/件,9999,True,0,,,serum
694cc1f15b103b0001abcdb2,20108092,4869286,伊丽莎白雅顿,Elizabeth Arden,金胶精华油次抛胶囊维稳精华神经酰胺套组 约180粒,14ml*6,美妆护肤-面部护肤-精华,854,1275.0,1275.0,683,,,9999,True,0,,,serum
694cc3889cc20b00019c08df,20116173,4877316,娇韵诗,CLARINS,双萃焕活修护精华,50ml,美妆护肤-面部护肤-精华,855,900.0,900.0,855,,,9999,True,0,,,serum
694cc27f5b103b0001abe4e0,20110851,4872124,伊丽莎白雅顿,Elizabeth Arden,180粒【二代粉胶】次抛A醇精华套组,42ml*2 约180粒,美妆护肤-面部护肤-精华,1025,1375.0,1375.0,765,689.0,买8件 低至￥689/件,9999,True,0,,,serum
694cc245f52aff0001123183,20109777,4870963,馥蕾诗,FRESH,玫瑰润泽密集保湿双萃精华,100ml,美妆护肤-面部护肤-精华,350,468.0,468.0,245,,,9999,True,0,,,serum
694cc37656e4f1000101db1f,20115926,4876895,娇韵诗,CLARINS,双萃焕活修护精华,100ml,美妆护肤-面部护肤-精华,1500,,1500.0,898,,,9999,True,0,,,serum
694cc3ebf52aff0001127570,20118312,4879249,莱珀妮,LA PRAIRIE,鱼子精华琼贵新升紧颜液3.0,50ml,美妆护肤-面部护肤-精华,3345,,3345.0,2400,,,9999,True,0,,,serum
694cc3c8f52aff0001126fa6,20117554,4878530,资生堂,SHISEIDO,红妍肌活精华露,100ml,美妆护肤-面部护肤-精华,764,1228.0,1228.0,659,,,9999,True,0,,,serum
694cc3c65b103b0001df35b8,20117736,4878504,倩碧,CLINIQUE,【302光子镭射瓶】美白祛斑精华露双支装套装,100ml*2,美妆护肤-面部护肤-精华,2238,2237.0,2237.0,1158,1043.0,买6件 低至￥1043/件,9999,True,0,,,serum
694cc3d29cc20b00019c146a,20118069,4878767,娇韵诗,CLARINS,双萃焕活修护精华-轻盈版,50ml,美妆护肤-面部护肤-精华,900,855.0,855.0,900,,,9999,True,0,,,serum
694cc35df52aff0001125d3a,20115560,4876412,海蓝之谜,LA MER,焕活保湿喷雾,100ml,美妆护肤-面部护肤-精华,570,690.0,690.0,570,,,9999,True,0,,,serum
698b39ec4e0c690001ded9ef,20163999,5160318,雅诗兰黛,ESTÉE LAUDER, 智妍胶原精华,50ml,美妆护肤-面部护肤-精华,1173,,1173.0,1173,1056.0,买6件 低至￥1056/件,9999,True,0,,,serum
694cc26b9cc20b00019bd7fd,20110386,4871666,雅漾,AVENE,恒润保湿精华液,200ml,美妆护肤-面部护肤-精华,117,171.0,171.0,95,,,9999,True,0,,,serum
694cc29f56e4f1000101b6e4,20111483,4872708,黛珂,DECORTÉ,肌源修护精华液双支装,100ml*2,美妆护肤-面部护肤-精华,1790,1793.0,1793.0,1790,1611.0,买4件 低至￥1611/件,9999,True,0,,,serum
694cc2ae56e4f1000101b887,20111982,4873024,雅诗兰黛,ESTÉE LAUDER,白金级蕴能黑钻光璨肌活精华液 黑钻松露精华 ,30ml,美妆护肤-面部护肤-精华,1247,,1247.0,1040,936.0,买6件 低至￥936/件,9999,True,0,,,serum
694cc39e9cc20b00019c0c2d,20116589,4877731,伊丽莎白雅顿,Elizabeth Arden,90粒【二代粉胶】时空焕活淡纹紧致胶囊精华液 ,42ml,美妆护肤-面部护肤-精华,578,763.0,763.0,432,,,9999,True,0,,,serum
694cc31d56e4f1000101c9f1,20114263,4875222,海蓝之谜,LA MER,焕活精华油,30ml,美妆护肤-面部护肤-精华,1510,2258.0,2258.0,1359,1224.0,买5件 低至￥1224/件,9999,True,0,,,serum
694cc40e5b103b0001df4437,20119244,4880026,海蓝之谜,LA MER,夜间焕肤精华油,30ml,美妆护肤-面部护肤-精华,2200,2300.0,2300.0,1725,1553.0,买4件 低至￥1553/件,9999,True,0,,,serum
694cc3ef5b103b0001df3f27,20118342,4879347,雪花秀,Sulwhasoo,第六代润致焕活肌底精华液,120ml,美妆护肤-面部护肤-精华,627,,627.0,627,,,9999,True,0,,,serum
694cc2965b103b0001abe925,20111482,4872548,黛珂,DECORTÉ,肌源修护精华液,100ml,美妆护肤-面部护肤-精华,736,995.0,995.0,736,,,9999,True,0,,,serum
69dda8fb95777300010b0e8c,20203250,5340686,莱珀妮,LA PRAIRIE,纯皙紧致聚光微囊精华液,30ml,美妆护肤-面部护肤-精华,3200,622.0,622.0,2800,2520.0,买3件 低至￥2520/件,9999,True,0,,,serum
694cc3d95b103b0001df39c8,20118074,4878928,娇韵诗,CLARINS,双萃焕活修护精华-轻盈版,100ml,美妆护肤-面部护肤-精华,1500,1425.0,1425.0,1500,,,9999,True,0,,,serum
694cc32a9cc20b00019bfa1a,20114262,4875417,海蓝之谜,LA MER,提升紧致精华露,30ml,美妆护肤-面部护肤-精华,2700,2797.0,2797.0,1728,1556.0,买4件 低至￥1556/件,9999,True,0,,,serum
694cc34df52aff0001125b7f,20115210,4876139,雅漾,AVENE,恒润肌活保湿精华露,30ml,美妆护肤-面部护肤-精华,132,221.0,221.0,90,,,9999,True,0,,,serum
694cc2285b103b0001abd5c5,20109147,4870374,肌肤之钥,CLE DE PEAU BEAUTE,沁肌调理精华露,170ml,美妆护肤-面部护肤-精华,479,637.0,637.0,479,,,9999,True,0,,,serum
694cc36056e4f1000101d6d2,20115390,4876477,海蓝之谜,LA MER,沁润型精华凝霜,60ml,美妆护肤-面部护肤-精华,2875,2993.0,2993.0,1796,1617.0,买4件 低至￥1617/件,9999,True,0,,,serum
694cc3365b103b0001df2148,20114617,4875702,倩碧,CLINIQUE,智慧专研修护精华,50ml,美妆护肤-面部护肤-精华,612,456.0,456.0,612,,,9999,True,0,,,serum
694cc3785b103b0001df2b32,20115949,4876930,伊丽莎白雅顿,Elizabeth Arden,90粒【轻感金胶】时空焕活清透修护胶囊精华液,42ml  约90粒,美妆护肤-面部护肤-精华,545,726.0,726.0,545,,,9999,True,0,,,serum
694cc27356e4f1000101adff,20110611,4871849,伊丽莎白雅顿,Elizabeth Arden,新铂粹御肤精华,50ml,美妆护肤-面部护肤-精华,674,903.0,903.0,674,,,9999,True,0,,,serum
694cc2e4f52aff0001124b1b,20113122,4874097,莱珀妮,LA PRAIRIE,臻爱铂金尊宠夜间精华露,20ml,美妆护肤-面部护肤-精华,6648,,6648.0,5800,5220.0,买2件 低至￥5220/件,9999,True,0,,,serum
694cc3e25b103b0001df3b8a,20118089,4879071,兰芝,LANEIGE,神经酰胺胜肽微精华水,170ml,美妆护肤-面部护肤-精华,95,145.0,145.0,95,,,9999,True,0,,,serum
694cc37556e4f1000101daf5,20115947,4876886,伊丽莎白雅顿,Elizabeth Arden,60粒【二代粉胶】时空焕活淡纹紧致胶囊精华液,28ml,美妆护肤-面部护肤-精华,437,598.0,598.0,437,,,9999,True,0,,,serum
694cc33956e4f1000101cf12,20114858,4875767,馥蕾诗,FRESH,古源传奇面部精华油,30ml,美妆护肤-面部护肤-精华,1290,1800.0,1800.0,1290,1161.0,买5件 低至￥1161/件,9999,True,0,,,serum
694cc40ff52aff0001127b47,20119103,4880035,伊丽莎白雅顿,Elizabeth Arden,【水润嘭嘭胶】90粒 时空焕活水润充盈胶囊精华液,42ml,美妆护肤-面部护肤-精华,566,763.0,763.0,423,,,9999,True,0,,,serum
698b39f64e0c690001dedb8f,20163963,5160902,莱珀妮,LA PRAIRIE,纯皙紧致聚光奢润精萃液,20ml,美妆护肤-面部护肤-精华,2450,564.0,564.0,2400,2160.0,买3件 低至￥2160/件,9999,True,0,,,serum
694cc3ed9cc20b00019c17ff,20118231,4879308,倩碧,CLINIQUE,【水磁场水光瓶】水嫩焕肤精华 ,30ml,美妆护肤-面部护肤-精华,348,410.0,410.0,348,,,9999,True,0,,,serum
694cc3525b103b0001df26bf,20115391,4876244,海蓝之谜,LA MER,沁润型精华凝霜,30ml,美妆护肤-面部护肤-精华,1187,1083.0,1083.0,1187,1069.0,买6件 低至￥1069/件,9999,True,0,,,serum
694cc29556e4f1000101b548,20111481,4872539,黛珂,DECORTÉ,肌源修护精华液,75ml,美妆护肤-面部护肤-精华,595,824.0,824.0,595,,,9999,True,0,,,serum
694cc4039cc20b00019c1aef,20118778,4879752,资生堂,SHISEIDO,盼丽风姿智感抚纹精华液,30ml,美妆护肤-面部护肤-精华,436,580.0,580.0,436,,,9999,True,0,,,serum
694cc25756e4f1000101a8ae,20110243,4871268,雅诗兰黛,ESTÉE LAUDER,白金级花菁萃紧颜精华蜜露 高端冻龄 淡褪纹路 色提因,30ml,美妆护肤-面部护肤-精华,1993,2814.0,2814.0,1893,1704.0,买4件 低至￥1704/件,9999,True,0,,,serum
694cc2e1f52aff0001124a62,20113116,4874027,莱珀妮,LA PRAIRIE,臻爱铂金尊宠精华露,30ml,美妆护肤-面部护肤-精华,6648,9845.0,9845.0,5900,5310.0,买2件 低至￥5310/件,9999,True,0,,,serum
694cc36656e4f1000101d8a4,20115568,4876614,莱珀妮,LA PRAIRIE,臻爱铂金尊宠焕颜精粹露,115ml,美妆护肤-面部护肤-精华,3669,5345.0,5345.0,3000,2700.0,买2件 低至￥2700/件,9999,True,0,,,serum
694cc41d56e4f1000101f8a2,20119301,4880263,伊丽莎白雅顿,Elizabeth Arden,【水润嘭嘭胶】30粒 时空焕活水润充盈胶囊精华液,14ml,美妆护肤-面部护肤-精华,240,218.0,218.0,179,,,9999,True,0,,,serum
694cc3b356e4f1000101e793,20117167,4878128,悦木之源,ORIGINS,咖啡因焕亮精华,30ml,美妆护肤-面部护肤-精华,323,382.0,382.0,323,,,9999,True,0,,,serum
6972e7e65bac8d00015082f1,20119300,5039688,伊丽莎白雅顿,Elizabeth Arden,【水润嘭嘭胶】60粒 时空焕活水润充盈胶囊精华液,28ml,美妆护肤-面部护肤-精华,444,598.0,598.0,331,,,9999,True,0,,,serum
694cc3cf56e4f1000101eb2f,20117737,4878690,海蓝之谜,LA MER,浓缩修护精华膏,50ml,美妆护肤-面部护肤-精华,4418,4186.0,4186.0,2920,2628.0,买3件 低至￥2628/件,9999,True,0,,,serum
694cc317f52aff00011253a8,20113979,4875091,馥蕾诗,FRESH,古源白松露面部精华乳,30ml,美妆护肤-面部护肤-精华,1685,2530.0,2530.0,1500,1350.0,买4件 低至￥1350/件,9999,True,0,,,serum
694cc37cf52aff000112631f,20116063,4877023,悦木之源,ORIGINS,祛痘保湿精华露 ,50ml,美妆护肤-面部护肤-精华,217,256.0,256.0,217,,,9999,True,0,,,serum
694cc40af52aff0001127a69,20119028,4879927,纪梵希,GIVENCHY,修颜紧致精华,30ml,美妆护肤-面部护肤-精华,759,1070.0,1070.0,759,684.0,买8件 低至￥684/件,9999,True,0,,,serum
694cc35df52aff0001125cfe,20115322,4876396,悦木之源,ORIGINS,榆绿木提拉紧致淡纹精华  A肽精华 ,48ml,美妆护肤-面部护肤-精华,570,676.0,676.0,570,,,9999,True,0,,,serum
69f2029e229c80000137447e,20197825,5384374,赫莲娜,HR,至美琉光恒采密集焕颜精华油,30ml,美妆护肤-面部护肤-精华,1685,1909.0,1909.0,1685,1517.0,买4件 低至￥1517/件,9999,True,0,,,serum
69bbd27c63cc6b0001adf0d3,20187289,5276781,SK-II,,肌因光蕴祛斑精华露,50ml,美妆护肤-面部护肤-精华,1631,1350.0,1350.0,1631,1468.0,买4件 低至￥1468/件,9999,True,0,,,serum
698b40a7b25b840001281bb2,20190769,5204918,科颜氏,KIEHLS,精研多重防晒精华乳,50ml,美妆护肤-面部护肤-精华,309,,309.0,250,,,9999,True,0,,,serum
698b3f8fb25b84000128182f,20197083,5204358,娇韵诗,CLARINS,至臻凝时焕白精华,30ml,美妆护肤-面部护肤-精华,2375,,2375.0,2375,2138.0,买3件 低至￥2138/件,9999,True,0,,,serum
698b3e3900116300016c98b5,20187290,5194153,SK-II,,光蕴恒璨祛斑精华露,75ml,美妆护肤-面部护肤-精华,2285,1.0,1.0,2285,2057.0,买3件 低至￥2057/件,9999,True,0,,,serum
698b3a0f00116300016c3a14,20163974,5162332,欧莱雅,L’ORÉAL,巴黎欧莱雅青春密码密集肌能精华肌底液两支装 100ml*2,100m*2,美妆护肤-面部护肤-精华,975,,975.0,348,,,9999,True,0,,,serum
6972e7ee3ae2ea0001906223,20114011,5039754,赫莲娜,HR,悦活强韧青春精华露,100ml,美妆护肤-面部护肤-精华,2779,,2779.0,1570,1413.0,买4件 低至￥1413/件,9999,True,0,,,serum
6972e7e9891e960001519645,20119447,5039704,SK-II,,光蕴恒璨焕亮精华露,50ml,美妆护肤-面部护肤-精华,1855,1605.0,1605.0,1100,990.0,买6件 低至￥990/件,9999,True,0,,,serum
6972e7113ae2ea00019051a0,20116439,5036798,迪奥,DIOR,花秘瑰萃微凝珠焕活精华套组,,美妆护肤-面部护肤-精华,5045,5310.0,5310.0,5045,,,9999,True,0,,,serum
694cca3f5b103b0001af0b0f,20158643,4915322,欧莱雅,L’ORÉAL,巴黎欧莱雅青春密码密集肌能精华肌底液,100ml,美妆护肤-面部护肤-精华,530,,530.0,530,,,9999,True,0,,,serum
694cc3fd56e4f1000101f1c1,20118759,4879582,理肤泉,LA ROCHE POSAY,清痘多重调理精华乳,40ml,美妆护肤-面部护肤-精华,155,128.0,128.0,115,,,9999,True,0,,,serum
694cc3ed9cc20b00019c17ef,20118537,4879296,修丽可,SkinCeuticals,胶原蛋白多肽精华液,30ml,美妆护肤-面部护肤-精华,640,907.0,907.0,640,,,9999,True,0,,,serum
694cc3e55b103b0001df3c36,20118120,4879109,高美蓝,TAKAMI,黄金C精华小蓝瓶,,美妆护肤-面部护肤-精华,790,622.0,622.0,741,,,9999,True,0,,,serum
694cc3d556e4f1000101ec30,20118173,4878833,娇兰,GUERLAIN,【全新第四代复原蜜】帝皇蜂姿复原蜜精华双套装,复原蜜50ml*2,美妆护肤-面部护肤-精华,1780,1110.0,1110.0,960,,,9999,True,0,,,serum
694cc3c1f52aff0001126ecd,20117560,4878452,安热沙,ANESSA,焕采亮肤修护精华乳,180ml,美妆护肤-面部护肤-精华,143,152.0,152.0,143,,,9999,True,0,,,serum
694cc3c05b103b0001df355f,20117565,4878440,修丽可,SkinCeuticals,多肽抗皱精华液,30ml,美妆护肤-面部护肤-精华,890,581.0,581.0,520,,,9999,True,0,,,serum
694cc3ba9cc20b00019c10eb,20117555,4878295,资生堂,SHISEIDO,红妍肌活精华露组合,,美妆护肤-面部护肤-精华,1349,2222.0,2222.0,1349,1215.0,买5件 低至￥1215/件,9999,True,0,,,serum
694cc3995b103b0001df2f1c,20116436,4877589,高美蓝,TAKAMI,五重维C维E精华液,30ml,美妆护肤-面部护肤-精华,399,532.0,532.0,399,,,9999,True,0,,,serum
694cc39156e4f1000101dfcb,20116375,4877419,科颜氏,KIEHLS,精研三酸焕肤精华,50ml,美妆护肤-面部护肤-精华,333,559.0,559.0,300,,,9999,True,0,,,serum
694cc3885b103b0001df2d79,20116428,4877321,高美蓝,TAKAMI,角质护理精华液,60ml,美妆护肤-面部护肤-精华,450,588.0,588.0,369,,,9999,True,0,,,serum
694cc3879cc20b00019c08c7,20116443,4877300,迪奥,DIOR,克丽丝汀花秘瑰萃玫瑰微凝珠焕活精华,50ml,美妆护肤-面部护肤-精华,2470,2600.0,2600.0,2470,,,9999,True,0,,,serum
694cc382f52aff000112650d,20116326,4877178,修丽可,SkinCeuticals,臻白焕亮日间精华液 30ml,30ml,美妆护肤-面部护肤-精华,941,,941.0,900,810.0,买7件 低至￥810/件,9999,True,0,,,serum
694cc3715b103b0001df2a96,20115860,4876849,茱莉蔻,JURLIQUE,草本肌源焕新双重精华,30ml,美妆护肤-面部护肤-精华,342,490.0,490.0,342,,,9999,True,0,,,serum
694cc3709cc20b00019c0544,20115845,4876829,迪奥,DIOR,克丽丝汀花秘瑰萃光皙焕润精萃露,150ml,美妆护肤-面部护肤-精华,1232,1240.0,1240.0,1232,,,9999,True,0,,,serum
694cc35f56e4f1000101d697,20115597,4876456,海蓝之谜,LA MER, 鎏金焕颜密集赋活精华露,30ml,美妆护肤-面部护肤-精华,4985,6108.0,6108.0,4888,4400.0,买2件 低至￥4400/件,9999,True,0,,,serum
694cc34f56e4f1000101d381,20115225,4876179,娇韵诗,CLARINS,沁润奇肌保湿舒缓精华,30ml,美妆护肤-面部护肤-精华,314,500.0,500.0,314,,,9999,True,0,,,serum
694cc3299cc20b00019bf9e2,20114347,4875387,迪奥,DIOR,花秘瑰萃微凝珠精华水,150ml,美妆护肤-面部护肤-精华,960,1040.0,1040.0,960,,,9999,True,0,,,serum
694cc2ec5b103b0001aeadf1,20113170,4874281,修丽可,SkinCeuticals,【色修精华】植萃舒缓修复精华露,55ml,美妆护肤-面部护肤-精华,910,,910.0,450,,,9999,True,0,,,serum
694cc2e75b103b0001aeace3,20112978,4874167,欧莱雅,L’ORÉAL,青春密语精华肌底液,115ml,美妆护肤-面部护肤-精华,440,605.0,605.0,199,,,9999,True,0,,,serum
694cc2e456e4f1000101bf0e,20112999,4874080,修丽可,SkinCeuticals,B5密集保湿凝胶,55ml,美妆护肤-面部护肤-精华,1039,999.0,999.0,600,,,9999,True,0,,,serum
694cc2dd5b103b0001aeaaf9,20112977,4873934,欧莱雅,L’ORÉAL,巴黎黑精华年轻密语新修护肌底液双支装,115ml*2,美妆护肤-面部护肤-精华,810,1115.0,1115.0,399,,,9999,True,0,,,serum
694cc2cf9cc20b00019beb42,20112755,4873697,兰蔻,LANCOME,【塑颜三管精华】三重紧致焕白精华,50ml,美妆护肤-面部护肤-精华,641,1055.0,1055.0,610,,,9999,True,0,,,serum
694cc2cd5b103b0001aea8dc,20112541,4873650,娇兰,GUERLAIN,帝皇蜂姿双效焕新紧塑精华露,50ml,美妆护肤-面部护肤-精华,899,1499.0,1499.0,899,810.0,买7件 低至￥810/件,9999,True,0,,,serum
694cc295f52aff0001123d9d,20111222,4872546,修丽可,SkinCeuticals,果酸焕活复颜精华液 五酸精华,30ml,美妆护肤-面部护肤-精华,560,467.0,467.0,560,,,9999,True,0,,,serum
694cc261f52aff0001123722,20110486,4871513,黛珂,DECORTÉ,智密紧颜精华液,50ml,美妆护肤-面部护肤-精华,408,659.0,659.0,408,,,9999,True,0,,,serum
694cc22456e4f1000101a1c4,20109075,4870282,赫莲娜,HR,至美琉光恒彩精华乳,100ml,美妆护肤-面部护肤-精华,2910,3868.0,3868.0,2910,2619.0,买3件 低至￥2619/件,9999,True,0,,,serum
694cc2155b103b0001abd271,20108952,4870021,理肤泉,LA ROCHE POSAY,清痘净肤细致精华乳K+ ,40ml,美妆护肤-面部护肤-精华,160,185.0,185.0,120,,,9999,True,0,,,serum
694cc1f8f52aff00011222f2,20108236,4869441,SK-II,,肌因光蕴祛斑精华露【匀净透白 绽现清透肌肤】淡斑提亮,50ml,美妆护肤-面部护肤-精华,1283,1350.0,1350.0,990,891.0,买7件 低至￥891/件,9999,True,0,,,serum
694cc1f8f52aff00011222e5,20108237,4869437,SK-II,,肌因光蕴祛斑精华露【匀净透白 绽现清透肌肤】淡斑提亮,75ml,美妆护肤-面部护肤-精华,1762,1855.0,1855.0,1350,1215.0,买5件 低至￥1215/件,9999,True,0,,,serum
694cc1eaf52aff00011220ee,20107912,4869114,SK-II,,金钻臻致凝润修护精华液【滋润紧致】补水修护,50ml,美妆护肤-面部护肤-精华,2183,2465.0,2465.0,2183,1965.0,买3件 低至￥1965/件,9999,True,0,,,serum
694cc2b59cc20b00019be639,20111994,4873183,雅诗兰黛,ESTÉE LAUDER,智妍紧塑精华面霜  胶原面霜(滋润款),75ml,美妆护肤-面部护肤-乳液面霜,609,987.0,987.0,518,,,9999,True,0,,,cream
694cc1e556e4f100010196f2,20107819,4869007,倩碧,CLINIQUE,天才黄油无油款两件装,125ml*2,美妆护肤-面部护肤-乳液面霜,405,403.0,403.0,405,,,9999,True,0,,,cream
694cc2c65b103b0001aea758,20112389,4873485,馥蕾诗,FRESH,玫瑰密集保湿面霜,100ml,美妆护肤-面部护肤-乳液面霜,356,615.0,615.0,356,,,9999,True,0,,,cream
694cc1e95b103b0001abcbee,20107916,4869103,倩碧,CLINIQUE,天才黄油有油款两件装,125ml*2,美妆护肤-面部护肤-乳液面霜,236,,236.0,208,,,9999,True,0,,,cream
694cc3d8f52aff00011272c7,20118071,4878918,娇韵诗,CLARINS,焕颜紧塑弹力乳液,100ml,美妆护肤-面部护肤-乳液面霜,635,614.0,614.0,380,,,9999,True,0,,,cream
694cc2fc56e4f1000101c3bd,20113968,4874632,黛珂,DECORTÉ,植物欣韵弹润乳液,200ml,美妆护肤-面部护肤-乳液面霜,202,268.0,268.0,202,,,9999,True,0,,,cream
694cc34b56e4f1000101d2a0,20115235,4876088,馥蕾诗,FRESH,莲花青春保湿霜,50ml,美妆护肤-面部护肤-乳液面霜,340,508.0,508.0,235,,,9999,True,0,,,cream
6972e70e3ae2ea00019050eb,20113292,5036676,娇韵诗,CLARINS,沁润奇肌保湿轻盈面霜,50ml,美妆护肤-面部护肤-乳液面霜,285,415.0,415.0,255,,,9999,True,0,,,cream
694cc312f52aff00011252cd,20113984,4874979,馥蕾诗,FRESH,玫瑰密集保湿平衡乳,100ml,美妆护肤-面部护肤-乳液面霜,228,385.0,385.0,200,,,9999,True,0,,,cream
694cc2b35b103b0001aea3d6,20111852,4873131,娇韵诗,CLARINS,焕白透亮淡斑乳液,75ml,美妆护肤-面部护肤-乳液面霜,333,455.0,455.0,265,,,9999,True,0,,,cream
694cc27e9cc20b00019bdc36,20110870,4872117,海蓝之谜,LA MER,修护精萃乳,125ml,美妆护肤-面部护肤-乳液面霜,2100,2188.0,2188.0,1231,1108.0,买5件 低至￥1108/件,9999,True,0,,,cream
694cc2dc5b103b0001aeaabe,20112626,4873906,雅诗兰黛,ESTÉE LAUDER,智妍紧塑精华乳  胶原乳,100ml,美妆护肤-面部护肤-乳液面霜,512,798.0,798.0,512,,,9999,True,0,,,cream
694cc380f52aff0001126477,20116180,4877128,娇韵诗,CLARINS,青春赋活焕采乳液,100ml,美妆护肤-面部护肤-乳液面霜,333,495.0,495.0,333,,,9999,True,0,,,cream
694cc2c756e4f1000101bb4e,20112401,4873503,馥蕾诗,FRESH,红茶凝时焕活面霜,50ml,美妆护肤-面部护肤-乳液面霜,420,770.0,770.0,360,,,9999,True,0,,,cream
694cc3d156e4f1000101eb6a,20117749,4878736,雅诗兰黛,ESTÉE LAUDER,智妍紧塑焕白淡斑精华霜 白胶原霜,75ml,美妆护肤-面部护肤-乳液面霜,1035,155.0,155.0,1035,932.0,买6件 低至￥932/件,9999,True,0,,,cream
694cc3f69cc20b00019c1981,20118563,4879501,肌肤之钥,CLE DE PEAU BEAUTE,光采焕颜防护日乳,125ml,美妆护肤-面部护肤-乳液面霜,580,,580.0,580,,,9999,True,0,,,cream
694cc3d1f52aff000112714d,20118077,4878751,娇韵诗,CLARINS, 焕颜紧塑弹力面霜,50ml,美妆护肤-面部护肤-乳液面霜,750,725.0,725.0,750,675.0,买8件 低至￥675/件,9999,True,0,,,cream
698b3eb796a4df0001f2478d,20190767,5198377,娇韵诗,CLARINS,匀净焕白淡斑乳液,100ml,美妆护肤-面部护肤-乳液面霜,480,71.0,71.0,480,,,9999,True,0,,,cream
694cc1e65b103b0001abcb06,20107792,4869016,海蓝之谜,LA MER,经典型精华面霜  ,60ml,美妆护肤-面部护肤-乳液面霜,2875,2993.0,2993.0,1510,1359.0,买4件 低至￥1359/件,9999,True,0,,,cream
694cc40556e4f1000101f3e6,20118777,4879787,肌肤之钥,CLE DE PEAU BEAUTE,光采焕颜修护夜乳,125ml,美妆护肤-面部护肤-乳液面霜,675,,675.0,675,,,9999,True,0,,,cream
694cc3ccf52aff0001127072,20117751,4878614,雅诗兰黛,ESTÉE LAUDER,智妍白胶原乳液  ,100ml,美妆护肤-面部护肤-乳液面霜,571,830.0,830.0,571,,,9999,True,0,,,cream
694cc1e1f52aff0001121fd6,20107690,4868910,倩碧,CLINIQUE,天才黄油无油款,125ml,美妆护肤-面部护肤-乳液面霜,216,252.0,252.0,216,,,9999,True,0,,,cream
698b312e39f57c0001b6648f,20113293,5118977,娇韵诗,CLARINS,沁润奇肌保湿滋润面霜,50ml,美妆护肤-面部护肤-乳液面霜,285,415.0,415.0,285,,,9999,True,0,,,cream
694cc3fd5b103b0001df415b,20118562,4879600,肌肤之钥,CLE DE PEAU BEAUTE,光采紧致防护日霜,50ml,美妆护肤-面部护肤-乳液面霜,638,856.0,856.0,638,,,9999,True,0,,,cream
694cc334f52aff000112586c,20114574,4875659,黛珂,DECORTÉ,AQ舒活凝光乳液（滋润型）,200ml,美妆护肤-面部护肤-乳液面霜,400,537.0,537.0,400,,,9999,True,0,,,cream
694cc3fd5b103b0001df4148,20118560,4879585,肌肤之钥,CLE DE PEAU BEAUTE,光采紧致修护夜霜,50ml,美妆护肤-面部护肤-乳液面霜,684,,684.0,684,,,9999,True,0,,,cream
694cc3535b103b0001df271c,20115297,4876270,雅诗兰黛,ESTÉE LAUDER,鲜活亮采红石榴二合一面霜 两瓶装,50ml*2,美妆护肤-面部护肤-乳液面霜,1048,1047.0,1047.0,588,,,9999,True,0,,,cream
694cc39b9cc20b00019c0b9b,20116860,4877652,资生堂,SHISEIDO,悦薇智感紧颜亮肤乳,100ml,美妆护肤-面部护肤-乳液面霜,408,662.0,662.0,376,,,9999,True,0,,,cream
698b3130de05310001a00559,20113316,5119025,娇韵诗,CLARINS,透亮焕白淡斑保湿凝霜,50ml,美妆护肤-面部护肤-乳液面霜,408,565.0,565.0,408,,,9999,True,0,,,cream
694cc35556e4f1000101d4e0,20115441,4876323,雅诗兰黛,ESTÉE LAUDER,智妍夜胶原晚霜 紧致 修护 淡纹,75ml,美妆护肤-面部护肤-乳液面霜,675,1089.0,1089.0,618,,,9999,True,0,,,cream
694cc3179cc20b00019bf750,20113971,4875082,黛珂,DECORTÉ,植物欣韵 弹润乳液 滋润型,200ml,美妆护肤-面部护肤-乳液面霜,182,280.0,280.0,137,,,9999,True,0,,,cream
694cc2fa9cc20b00019bf24e,20113534,4874611,黛珂,DECORTÉ,牛油果植萃乳液,300ml,美妆护肤-面部护肤-乳液面霜,305,409.0,409.0,229,,,9999,True,0,,,cream
694cc2f19cc20b00019bf087,20113531,4874398,黛珂,DECORTÉ,牛油果植萃乳液,150ml,美妆护肤-面部护肤-乳液面霜,186,262.0,262.0,140,,,9999,True,0,,,cream
694cc39c5b103b0001df2f7f,20116854,4877665,资生堂,SHISEIDO,悦薇智感紧颜亮肤乳(滋润型) ,100ml,美妆护肤-面部护肤-乳液面霜,499,662.0,662.0,373,,,9999,True,0,,,cream
694cc22656e4f1000101a22b,20109123,4870339,资生堂,SHISEIDO,盼丽风姿智感抚痕乳霜,50ml,美妆护肤-面部护肤-乳液面霜,337,554.0,554.0,303,,,9999,True,0,,,cream
694cc2f4f52aff0001124e7c,20113514,4874491,黛珂,DECORTÉ,牛油果植萃乳液套装,300ml*2,美妆护肤-面部护肤-乳液面霜,549,738.0,738.0,412,,,9999,True,0,,,cream
694cc3b6f52aff0001126cdf,20117274,4878195,雅诗兰黛,ESTÉE LAUDER,【全新】大棕罐封愈膜霜 淡纹 修护 抗老,65ml,美妆护肤-面部护肤-乳液面霜,738,868.0,868.0,738,,,9999,True,0,,,cream
694cc2f256e4f1000101c182,20113533,4874441,黛珂,DECORTÉ,牛油果乳霜,39ml,美妆护肤-面部护肤-乳液面霜,157,,157.0,157,,,9999,True,0,,,cream
694cc35c9cc20b00019c0139,20115298,4876376,雅诗兰黛,ESTÉE LAUDER,全新白金黑钻面霜 紧致美白,50ml,美妆护肤-面部护肤-乳液面霜,1793,2639.0,2639.0,1613,1452.0,买4件 低至￥1452/件,9999,True,0,,,cream
69dda8cc95777300010b0991,20202300,5339691,海蓝之谜,LA MER,平衡修护精萃乳,125ml,美妆护肤-面部护肤-乳液面霜,1692,312.5,312.5,1692,1523.0,买4件 低至￥1523/件,9999,True,0,,,cream
694cc3a256e4f1000101e491,20116964,4877825,雪花秀,Sulwhasoo,御时参养乳,125ml,美妆护肤-面部护肤-乳液面霜,347,497.0,497.0,270,,,9999,True,0,,,cream
694cc3a35b103b0001df3051,20117008,4877836,海蓝之谜,LA MER,紧致焕颜奇迹晚霜,30ml,美妆护肤-面部护肤-乳液面霜,1406,1754.0,1754.0,1350,1215.0,买5件 低至￥1215/件,9999,True,0,,,cream
694cc3d15b103b0001df386b,20118073,4878747,娇韵诗,CLARINS,焕颜紧塑弹力晚安霜,50ml,美妆护肤-面部护肤-乳液面霜,513,738.0,738.0,513,,,9999,True,0,,,cream
694cc2d05b103b0001aea98c,20112742,4873720,黛珂,DECORTÉ,肌源修护面霜两支装,50ml*2,美妆护肤-面部护肤-乳液面霜,958,603.0,603.0,603,,,9999,True,0,,,cream
694cc3a49cc20b00019c0d71,20116973,4877867,后,WHOO,拱辰享紧塑弹润乳,110ml,美妆护肤-面部护肤-乳液面霜,227,305.0,305.0,227,,,9999,True,0,,,cream
694cc1e5f52aff000112208f,20107793,4869012,海蓝之谜,LA MER,经典型精华面霜,100ml,美妆护肤-面部护肤-乳液面霜,4240,4417.0,4417.0,2388,2150.0,买3件 低至￥2150/件,9999,True,0,,,cream
694cc3cef52aff00011270b6,20117704,4878667,倩碧,CLINIQUE,天才黄油无油款,200ml,美妆护肤-面部护肤-乳液面霜,285,217.0,217.0,285,,,9999,True,0,,,cream
694cc1e85b103b0001abcb95,20107914,4869074,倩碧,CLINIQUE,天才黄油有油款,125ml,美妆护肤-面部护肤-乳液面霜,216,252.0,252.0,216,,,9999,True,0,,,cream
698b312dde05310001a004b1,20113271,5118917,海蓝之谜,LA MER,轻盈型精华乳霜,100ml,美妆护肤-面部护肤-乳液面霜,4245,4417.0,4417.0,4245,3821.0,买2件 低至￥3821/件,9999,True,0,,,cream
694cc2569cc20b00019bd3c5,20110005,4871252,怡丽丝尔,ELIXIR,蕴能凝时柔滑紧实乳（清爽型）,130ml,美妆护肤-面部护肤-乳液面霜,223,311.0,311.0,223,,,9999,True,0,,,cream
694cc34ef52aff0001125b9c,20115256,4876164,馥蕾诗,FRESH,莲花青春晚霜,50ml,美妆护肤-面部护肤-乳液面霜,350,515.0,515.0,350,,,9999,True,0,,,cream
694cc20256e4f10001019b2b,20108393,4869596,倩碧,CLINIQUE,美白乳 匀净卓研润肤乳液,,美妆护肤-面部护肤-乳液面霜,323,382.0,382.0,323,,,9999,True,0,,,cream
694cc37ff52aff00011263ec,20116189,4877090,娇韵诗,CLARINS,青春赋活焕采日霜,50ml,美妆护肤-面部护肤-乳液面霜,399,615.0,615.0,399,,,9999,True,0,,,cream
694cc307f52aff0001125109,20114129,4874800,倩碧,CLINIQUE,【水磁场乳霜】水嫩保湿修护面霜,75ml,美妆护肤-面部护肤-乳液面霜,395,285.0,285.0,395,,,9999,True,0,,,cream
694cc1e45b103b0001abcad2,20107791,4868989,海蓝之谜,LA MER,经典型精华面霜,30ml,美妆护肤-面部护肤-乳液面霜,1073,1628.0,1628.0,949,855.0,买7件 低至￥855/件,9999,True,0,,,cream
694cc3385b103b0001df21c6,20114986,4875754,怡丽丝尔,ELIXIR,优悦活颜弹润保湿乳（滋润型）,130ml,美妆护肤-面部护肤-乳液面霜,184,256.0,256.0,138,,,9999,True,0,,,cream
694cc3259cc20b00019bf9ac,20114316,4875357,悦木之源,ORIGINS,韦博士灵芝焕能强韧乳,100ml,美妆护肤-面部护肤-乳液面霜,280,189.0,189.0,280,,,9999,True,0,,,cream
694cc2eef52aff0001124d2d,20113120,4874336,莱珀妮,LA PRAIRIE,鱼子精华充盈面霜,60ml,美妆护肤-面部护肤-乳液面霜,3325,,3325.0,2800,2520.0,买3件 低至￥2520/件,9999,True,0,,,cream
694cc3305b103b0001df200c,20114401,4875549,莱珀妮,LA PRAIRIE,鱼子精华琼贵紧致乳霜,50ml,美妆护肤-面部护肤-乳液面霜,2900,2907.0,2907.0,2600,2340.0,买3件 低至￥2340/件,9999,True,0,,,cream
694cc3def52aff0001127393,20118094,4879030,雪花秀,Sulwhasoo,滋盈琉光紧致霜,75ml,美妆护肤-面部护肤-乳液面霜,379,587.0,587.0,282,,,9999,True,0,,,cream
694cc330f52aff00011257b1,20114756,4875554,怡丽丝尔,ELIXIR,优悦活颜弹润保湿乳（清爽型） ,130ml,美妆护肤-面部护肤-乳液面霜,183,256.0,256.0,137,,,9999,True,0,,,cream
694cc3a456e4f1000101e54e,20117009,4877880,海蓝之谜,LA MER,紧致焕颜精华晚霜,60ml,美妆护肤-面部护肤-乳液面霜,3380,3451.0,3451.0,2326,2094.0,买3件 低至￥2094/件,9999,True,0,,,cream
694cc25d5b103b0001abdfe9,20110245,4871428,雅诗兰黛,ESTÉE LAUDER,白金面霜  紧致提拉 修护淡纹 改善暗沉 （经典版）,50ml,美妆护肤-面部护肤-乳液面霜,1625,2489.0,2489.0,1380,1242.0,买5件 低至￥1242/件,9999,True,0,,,cream
694cc36956e4f1000101d96f,20115752,4876683,伊丽莎白雅顿,Elizabeth Arden,时空焕活淡纹紧致面霜,50ml,美妆护肤-面部护肤-乳液面霜,370,488.0,488.0,370,,,9999,True,0,,,cream
694cc2aa56e4f1000101b801,20111740,4872930,黛珂,DECORTÉ,沁活晶澈柔肤乳,200ml,美妆护肤-面部护肤-乳液面霜,205,275.0,275.0,154,,,9999,True,0,,,cream
694cc3a25b103b0001df3048,20117007,4877833,海蓝之谜,LA MER,紧致焕颜精华晚霜,100ml,美妆护肤-面部护肤-乳液面霜,5050,5124.0,5124.0,3700,3330.0,买2件 低至￥3330/件,9999,True,0,,,cream
694cc3815b103b0001df2c79,20116137,4877149,黛珂,DECORTÉ,莹润粹白澄亮菁华液,40ml,美妆护肤-面部护肤-乳液面霜,498,671.0,671.0,498,,,9999,True,0,,,cream
698b312039f57c0001b662e5,20113119,5118636,莱珀妮,LA PRAIRIE,臻爱铂金尊宠面霜,50ml,美妆护肤-面部护肤-乳液面霜,7500,8419.0,8419.0,6800,,,9999,True,0,,,cream
694cc34e9cc20b00019bff5e,20115252,4876156,倩碧,CLINIQUE,智慧专研多效抚纹面颈霜,50ml,美妆护肤-面部护肤-乳液面霜,491,333.0,333.0,491,,,9999,True,0,,,cream
694cc3b79cc20b00019c1057,20117266,4878213,倩碧,CLINIQUE,天才黄油有油款,200ml,美妆护肤-面部护肤-乳液面霜,285,336.0,336.0,285,,,9999,True,0,,,cream
698b39fa96a4df0001f1d8c1,20163962,5161135,莱珀妮,LA PRAIRIE,纯皙紧致聚光面霜,50ml,美妆护肤-面部护肤-乳液面霜,2800,668.0,668.0,2500,2250.0,买3件 低至￥2250/件,9999,True,0,,,cream
694cc2ad56e4f1000101b86e,20111742,4872998,黛珂,DECORTÉ,沁活晶澈精华霜,49ml,美妆护肤-面部护肤-乳液面霜,288,384.0,384.0,288,,,9999,True,0,,,cream
694cc25d9cc20b00019bd5b0,20110197,4871410,海蓝之谜,LA MER,鎏金焕颜夜间修护霜,50ml,美妆护肤-面部护肤-乳液面霜,4840,5929.0,5929.0,4760,4284.0,买2件 低至￥4284/件,9999,True,0,,,cream
694cc27c56e4f1000101b132,20110884,4872065,雅诗兰黛,ESTÉE LAUDER,白金面霜  紧致提拉 修护淡纹 改善暗沉 （滋润版）,50ml,美妆护肤-面部护肤-乳液面霜,1672,2489.0,2489.0,1600,1440.0,买4件 低至￥1440/件,9999,True,0,,,cream
694cc2e49cc20b00019bee77,20113117,4874082,莱珀妮,LA PRAIRIE,臻爱铂金尊宠面霜,30ml,美妆护肤-面部护肤-乳液面霜,5400,5396.0,5396.0,4500,4050.0,买2件 低至￥4050/件,9999,True,0,,,cream
694cc2ac9cc20b00019be3df,20111739,4872964,黛珂,DECORTÉ,沁活晶澈柔肤乳（滋润型）,200ml,美妆护肤-面部护肤-乳液面霜,208,275.0,275.0,208,,,9999,True,0,,,cream
698b398bb25b8400012794e0,20161486,5155342,伊丽莎白雅顿,Elizabeth Arden,显效复合活肤霜,100ml,美妆护肤-面部护肤-乳液面霜,166,178.0,178.0,99,,,9999,True,0,,,cream
694cc3c4f52aff0001126f37,20117769,4878488,悦木之源,ORIGINS,活力水润光泽乳霜 ,50ml,美妆护肤-面部护肤-乳液面霜,246,169.0,169.0,246,,,9999,True,0,,,cream
694cc37f5b103b0001df2c1b,20116138,4877081,黛珂,DECORTÉ,莹润粹白澄亮菁华液,60ml,美妆护肤-面部护肤-乳液面霜,624,848.0,848.0,624,,,9999,True,0,,,cream
694cc3ec5b103b0001df3e28,20118430,4879269,伊丽莎白雅顿,Elizabeth Arden,晶璨皙颜焕白弹润霜,50ml,美妆护肤-面部护肤-乳液面霜,355,294.0,294.0,355,,,9999,True,0,,,cream
694cc2e85b103b0001aead10,20113291,4874180,娇韵诗,CLARINS,沁润奇肌保湿水感凝露,75ml,美妆护肤-面部护肤-乳液面霜,285,415.0,415.0,285,,,9999,True,0,,,cream
698b39f300116300016c3688,20163412,5160711,娇韵诗,CLARINS,多维塑颜焕采晚霜,50ml,美妆护肤-面部护肤-乳液面霜,1130,972.0,972.0,1130,1017.0,买6件 低至￥1017/件,9999,True,0,,,cream
6972e79e3ae2ea0001905dac,20113403,5038728,雅诗兰黛,ESTÉE LAUDER,鲜活亮采红石榴二合一面霜,50ml,美妆护肤-面部护肤-乳液面霜,493,371.0,371.0,493,,,9999,True,0,,,cream
694cc32556e4f1000101cac5,20114354,4875354,欧舒丹,L'OCCITANE,腊菊赋颜御龄紧致精华乳,30ml,美妆护肤-面部护肤-乳液面霜,500,810.0,810.0,500,,,9999,True,0,,,cream
694cc3f55b103b0001df40c3,20118436,4879486,莱珀妮,LA PRAIRIE,鱼子精华紧颜精萃乳,70ml,美妆护肤-面部护肤-乳液面霜,1900,2317.0,2317.0,1600,1440.0,买4件 低至￥1440/件,9999,True,0,,,cream
694cc31c56e4f1000101c9bd,20114467,4875203,宝丽,POLA,POLA 碧艾精华泡沫乳液,84g,美妆护肤-面部护肤-乳液面霜,689,725.0,725.0,689,,,9999,True,0,,,cream
694cc2cc9cc20b00019beaa0,20112490,4873630,雅漾,AVENE,专研修护霜,40ml,美妆护肤-面部护肤-乳液面霜,85,133.0,133.0,85,,,9999,True,0,,,cream
694cc39d56e4f1000101e307,20116840,4877696,黛珂,DECORTÉ,AQ舒活耀白乳液,200ml,美妆护肤-面部护肤-乳液面霜,387,537.0,537.0,387,,,9999,True,0,,,cream
694cc3b0f52aff0001126bb8,20117203,4878057,悦木之源,ORIGINS,苹果肌青春精华霜  ,50ml,美妆护肤-面部护肤-乳液面霜,280,333.0,333.0,280,,,9999,True,0,,,cream
694cc27656e4f1000101aefb,20110809,4871918,宝丽,POLA,POLA 碧艾乳液 （经典版）,80ml,美妆护肤-面部护肤-乳液面霜,1197,1260.0,1260.0,838,755.0,买8件 低至￥755/件,9999,True,0,,,cream
698b3ea6b25b840001280922,20190755,5197694,悦木之源,ORIGINS,榆绿木紧致淡纹密集修护晚霜,50ml,美妆护肤-面部护肤-乳液面霜,548,92.5,92.5,548,,,9999,True,0,,,cream
69dda8adf46c420001035c41,20201664,5339052,赫莲娜,HR,活颜修护晚霜 (PX30 15ML) ,15ml,美妆护肤-面部护肤-乳液面霜,810,1.0,1.0,810,729.0,买8件 低至￥729/件,9999,True,0,,,cream
69bbd27463cc6b0001adf067,20164009,5276698,碧欧泉,BIOTHERM,男士全新水动力保湿乳液,30ml,美妆护肤-面部护肤-乳液面霜,245,,245.0,245,,,9999,True,0,,,cream
698b3eb396a4df0001f246d5,20190770,5198141,乔治·阿玛尼,GIORGIO ARMANI,黑钥匙丝润焕颜面霜 ,50ml,美妆护肤-面部护肤-乳液面霜,2300,2985.0,2985.0,2300,2070.0,买3件 低至￥2070/件,9999,True,0,,,cream
698b3e9996a4df0001f24279,20190763,5196962,科颜氏,KIEHLS,高保湿特护霜 50ml,50ml,美妆护肤-面部护肤-乳液面霜,268,44.0,44.0,195,,,9999,True,0,,,cream
698b39f696a4df0001f1d811,20163973,5160883,赫莲娜,HR,活颜至浓修护晚霜,100ml,美妆护肤-面部护肤-乳液面霜,5420,5494.0,5494.0,3200,2880.0,买2件 低至￥2880/件,9999,True,0,,,cream
698b31e018ba480001be6113,20116424,5121391,怡丽丝尔,ELIXIR,纯肌净白 焕亮弹润乳（滋润型） ,130ml,美妆护肤-面部护肤-乳液面霜,201,277.0,277.0,150,,,9999,True,0,,,cream
6972e7d33ae2ea00019060e1,20118651,5039608,悦木之源,ORIGINS,韦博士灵芝焕能密集修护晚霜,50ml,美妆护肤-面部护肤-乳液面霜,506,595.0,595.0,506,,,9999,True,0,,,cream
6972e70d5bac8d0001507103,20116385,5036624,科颜氏,KIEHLS,金盏花舒缓平衡乳液,125ml,美妆护肤-面部护肤-乳液面霜,280,366.0,366.0,280,,,9999,True,0,,,cream
694cc4129cc20b00019c1d97,20119318,4880083,兰蔻,LANCOME,塑颜三重紧致焕颜视黄醇精华乳,50ml,美妆护肤-面部护肤-乳液面霜,1088,1368.0,1368.0,1088,980.0,买6件 低至￥980/件,9999,True,0,,,cream
694cc40e5b103b0001df442d,20119073,4880023,科颜氏,KIEHLS,高保湿霜 套装,,美妆护肤-面部护肤-乳液面霜,999,146.0,146.0,524,,,9999,True,0,,,cream
694cc4095b103b0001df439e,20118824,4879892,科颜氏,KIEHLS,高保湿霜两件装,,美妆护肤-面部护肤-乳液面霜,604,,604.0,604,,,9999,True,0,,,cream
694cc3ff5b103b0001df41ae,20118599,4879638,欧舒丹,L'OCCITANE,腊菊赋颜御龄紧致精华面霜,50ml,美妆护肤-面部护肤-乳液面霜,520,820.0,820.0,520,,,9999,True,0,,,cream
694cc3fc5b103b0001df413e,20118553,4879581,资生堂,SHISEIDO,盼丽风姿智感抚痕日乳,75ml,美妆护肤-面部护肤-乳液面霜,353,483.0,483.0,353,,,9999,True,0,,,cream
694cc3eaf52aff0001127552,20118339,4879235,科颜氏,KIEHLS,集焕亮舒缓乳液,100ml,美妆护肤-面部护肤-乳液面霜,355,483.0,483.0,355,,,9999,True,0,,,cream
694cc3e6f52aff0001127493,20118181,4879146,修丽可,SkinCeuticals,【AGE面霜】全新紧致提升精华霜,48ml,美妆护肤-面部护肤-乳液面霜,1599,1680.0,1680.0,750,675.0,买8件 低至￥675/件,9999,True,0,,,cream
694cc3e6f52aff0001127489,20118180,4879143,兰蔻,LANCOME,全新菁纯臻颜乳霜 轻盈型,60ml,美妆护肤-面部护肤-乳液面霜,1490,1729.0,1729.0,1341,1207.0,买5件 低至￥1207/件,9999,True,0,,,cream
694cc3e55b103b0001df3c52,20118081,4879116,娇韵诗,CLARINS,焕颜紧塑弹力晚安霜（替换装） ,50ml,美妆护肤-面部护肤-乳液面霜,409,600.0,600.0,409,,,9999,True,0,,,cream
694cc3e49cc20b00019c16c4,20118392,4879102,兰蔻,LANCOME,全新菁纯臻颜乳霜 轻盈型,100ml,美妆护肤-面部护肤-乳液面霜,3349,2337.0,2337.0,3349,3015.0,买2件 低至￥3015/件,9999,True,0,,,cream
694cc3e2f52aff000112740a,20118083,4879076,娇韵诗,CLARINS,焕颜紧塑弹力晚霜（滋润型替换装） ,50ml,美妆护肤-面部护肤-乳液面霜,409,,409.0,409,,,9999,True,0,,,cream
694cc3d49cc20b00019c14bb,20118075,4878817,娇韵诗,CLARINS,焕颜紧塑弹力晚霜（滋润型） ,50ml,美妆护肤-面部护肤-乳液面霜,513,107.0,107.0,513,,,9999,True,0,,,cream
694cc3cc5b103b0001df3745,20117827,4878621,迪奥,DIOR,克丽丝汀肌活蕴能日霜,50ml,美妆护肤-面部护肤-乳液面霜,920,,920.0,920,,,9999,True,0,,,cream
694cc39ef52aff00011269bd,20116858,4877714,资生堂,SHISEIDO,时光琉璃丰盈日霜,50ml,美妆护肤-面部护肤-乳液面霜,1386,1779.0,1779.0,1386,1248.0,买5件 低至￥1248/件,9999,True,0,,,cream
694cc3929cc20b00019c09fd,20116409,4877434,娇兰,GUERLAIN,法国帝皇蜂姿蜜护日霜（滋润型） ,50ml,美妆护肤-面部护肤-乳液面霜,750,1150.0,1150.0,750,675.0,买8件 低至￥675/件,9999,True,0,,,cream
694cc38756e4f1000101de97,20116422,4877299,怡丽丝尔,ELIXIR,纯肌净白 焕亮弹润乳（清爽型） ,130ml,美妆护肤-面部护肤-乳液面霜,200,277.0,277.0,200,,,9999,True,0,,,cream
694cc3819cc20b00019c07a1,20116179,4877135,娇韵诗,CLARINS,青春赋活焕采晚霜,50ml,美妆护肤-面部护肤-乳液面霜,409,638.0,638.0,409,,,9999,True,0,,,cream
694cc37e5b103b0001df2bfb,20116150,4877066,娇韵诗,CLARINS,多维塑颜焕采日霜,50ml,美妆护肤-面部护肤-乳液面霜,713,,713.0,713,,,9999,True,0,,,cream
694cc364f52aff0001125ecc,20115627,4876569,馥蕾诗,FRESH,玫瑰润泽密集保湿霜双支装,,美妆护肤-面部护肤-乳液面霜,470,695.0,695.0,390,,,9999,True,0,,,cream
694cc352f52aff0001125c12,20115218,4876254,娇兰,GUERLAIN,御廷兰花金致焕采面霜,50ml,美妆护肤-面部护肤-乳液面霜,4646,,4646.0,4646,4182.0,买2件 低至￥4182/件,9999,True,0,,,cream
694cc339f52aff00011258f5,20114777,4875777,娇兰,GUERLAIN, 帝皇蜂姿蜜护晚霜（补充装）,50ml,美妆护肤-面部护肤-乳液面霜,808,1099.0,1099.0,808,728.0,买8件 低至￥728/件,9999,True,0,,,cream
694cc33456e4f1000101cddb,20114587,4875662,娇兰,GUERLAIN,帝皇蜂姿蜜护日霜（补充装） ,50ml,美妆护肤-面部护肤-乳液面霜,700,,700.0,700,,,9999,True,0,,,cream
694cc333f52aff000112582c,20114615,4875628,肌肤之钥,CLE DE PEAU BEAUTE,金致乳霜,50ml,美妆护肤-面部护肤-乳液面霜,3658,,3658.0,3658,3293.0,买2件 低至￥3293/件,9999,True,0,,,cream
694cc32956e4f1000101cb6b,20114269,4875398,SK-II,,致臻赋能焕采精华霜大红瓶面霜 轻盈型,50g,美妆护肤-面部护肤-乳液面霜,695,928.0,928.0,695,,,9999,True,0,,,cream
694cc3215b103b0001df1e34,20114274,4875316,SK-II,,致臻赋能焕采精华霜大红瓶面霜,50g,美妆护肤-面部护肤-乳液面霜,695,928.0,928.0,600,,,9999,True,0,,,cream
694cc31df52aff0001125524,20114266,4875230,SK-II,,致臻赋能焕采精华霜大红瓶面霜 轻盈型,80g,美妆护肤-面部护肤-乳液面霜,1355,,1355.0,900,810.0,买7件 低至￥810/件,9999,True,0,,,cream
694cc31456e4f1000101c7d6,20114330,4875022,娇兰,GUERLAIN,法国帝皇蜂姿蜜护日霜,50ml,美妆护肤-面部护肤-乳液面霜,750,1160.0,1160.0,750,675.0,买8件 低至￥675/件,9999,True,0,,,cream
694cc3109cc20b00019bf5d9,20113969,4874917,黛珂,DECORTÉ,植物欣韵蕴活精华霜,30ml,美妆护肤-面部护肤-乳液面霜,235,323.0,323.0,235,,,9999,True,0,,,cream
694cc2f19cc20b00019bf0a3,20113309,4874414,资生堂,SHISEIDO,鲜润赋活透润霜,50ml,美妆护肤-面部护肤-乳液面霜,304,249.0,249.0,304,,,9999,True,0,,,cream
694cc2f09cc20b00019bf071,20113269,4874388,海蓝之谜,LA MER,轻盈型精华乳霜,60ml,美妆护肤-面部护肤-乳液面霜,2185,2993.0,2993.0,2185,1967.0,买3件 低至￥1967/件,9999,True,0,,,cream
694cc2e39cc20b00019bee5c,20112976,4874069,欧莱雅,L’ORÉAL,金致臻颜焕活精华乳,30ml,美妆护肤-面部护肤-乳液面霜,240,315.0,315.0,175,,,9999,True,0,,,cream
694cc2e256e4f1000101bec7,20112815,4874047,悦木之源,ORIGINS,活力水润光泽凝霜,50ml,美妆护肤-面部护肤-乳液面霜,253,198.0,198.0,253,,,9999,True,0,,,cream
694cc2e09cc20b00019bedc6,20112868,4873992,科颜氏,KIEHLS,高保湿面霜,150ml,美妆护肤-面部护肤-乳液面霜,530,590.0,590.0,287,,,9999,True,0,,,cream
694cc2bff52aff00011244b6,20112210,4873303,纪梵希,GIVENCHY,光彩焕肤柔肤乳,50ml,美妆护肤-面部护肤-乳液面霜,330,520.0,520.0,330,,,9999,True,0,,,cream
694cc2b65b103b0001aea48e,20112241,4873221,纪梵希,GIVENCHY,光彩水漾丰润面霜,50ml,美妆护肤-面部护肤-乳液面霜,310,480.0,480.0,310,,,9999,True,0,,,cream
694cc26bf52aff0001123814,20110487,4871660,资生堂,SHISEIDO,百优全新精纯乳霜两件套组,75ml*2,美妆护肤-面部护肤-乳液面霜,1308,,1308.0,1308,1178.0,买5件 低至￥1178/件,9999,True,0,,,cream
694cc2265b103b0001abd556,20109178,4870337,科颜氏,KIEHLS,金盏花精华水活霜,50ml,美妆护肤-面部护肤-乳液面霜,290,365.0,365.0,290,,,9999,True,0,,,cream
694cc2269cc20b00019bcae9,20109179,4870323,科颜氏,KIEHLS,金盏花精华水活霜,100ml,美妆护肤-面部护肤-乳液面霜,445,585.0,585.0,445,,,9999,True,0,,,cream
694cc2229cc20b00019bca13,20109124,4870224,资生堂,SHISEIDO,盼丽风姿智感抚痕面霜,50ml,美妆护肤-面部护肤-乳液面霜,567,554.0,554.0,567,,,9999,True,0,,,cream
694cc1ee5b103b0001abccee,20108070,4869219,资生堂,SHISEIDO,百优全新精纯乳霜,75ml,美妆护肤-面部护肤-乳液面霜,444,727.0,727.0,444,,,9999,True,0,,,cream
694cc1e75b103b0001abcb7a,20107866,4869059,SK-II,,晶致美肤乳液【柔嫩润泽】补水保湿,100g,美妆护肤-面部护肤-乳液面霜,632,818.0,818.0,450,,,9999,True,0,,,cream
694cc2d5f52aff000112484c,20112542,4873810,雅诗兰黛,ESTÉE LAUDER,第五代小棕瓶熬夜眼霜双支装  紧致 淡化细纹黑眼圈,,美妆护肤-面部护肤-眼霜/眼部精华,584,882.0,882.0,450,,,9999,True,0,,,eye
694cc3fdf52aff0001127862,20118684,4879597,雅诗兰黛,ESTÉE LAUDER,新特润修护抗皱紧塑眼霜  小棕微雕眼霜,15ml,美妆护肤-面部护肤-眼霜/眼部精华,615,679.0,679.0,488,,,9999,True,0,,,eye
694cc2cd9cc20b00019beae7,20112572,4873656,雅诗兰黛,ESTÉE LAUDER,第五代小棕瓶熬夜眼霜  紧致 提拉 淡化黑眼圈,15ml,美妆护肤-面部护肤-眼霜/眼部精华,480,323.0,323.0,258,,,9999,True,0,,,eye
694cc3cff52aff00011270d4,20117750,4878679,雅诗兰黛,ESTÉE LAUDER,白金级蕴能黑钻光璨眼霜  白金6D黑钻眼霜,15ml,美妆护肤-面部护肤-眼霜/眼部精华,1150,1094.0,1094.0,875,788.0,买7件 低至￥788/件,9999,True,0,,,eye
694cc2415b103b0001abdaf5,20109668,4870862,海蓝之谜,LA MER,浓缩修护眼霜,15ml,美妆护肤-面部护肤-眼霜/眼部精华,1248,1876.0,1876.0,980,882.0,买7件 低至￥882/件,9999,True,0,,,eye
69f20299d9e7f2000102c2aa,20197805,5384365,海蓝之谜,LA MER,紧致焕颜精华眼霜 ,15 ml,美妆护肤-面部护肤-眼霜/眼部精华,1685,1755.0,1755.0,1567,1411.0,买4件 低至￥1411/件,9999,True,0,,,eye
694cc2e156e4f1000101be96,20113121,4874025,莱珀妮,LA PRAIRIE,鱼子精华琼贵眼霜,20ml,美妆护肤-面部护肤-眼霜/眼部精华,1973,,1973.0,1400,,,9999,True,0,,,eye
694cc2b49cc20b00019be60c,20111992,4873170,雅诗兰黛,ESTÉE LAUDER,智妍紧塑精华眼霜  抗皱紧致,15ml,美妆护肤-面部护肤-眼霜/眼部精华,588,,588.0,320,,,9999,True,0,,,eye
694cc3559cc20b00019c0079,20115257,4876326,馥蕾诗,FRESH,莲花青春焕采眼霜,15ml,美妆护肤-面部护肤-眼霜/眼部精华,265,390.0,390.0,265,,,9999,True,0,,,eye
694cc3f69cc20b00019c19a0,20118775,4879516,资生堂,SHISEIDO, 悦薇智感紧致抗皱眼霜,15ml,美妆护肤-面部护肤-眼霜/眼部精华,525,428.0,428.0,525,,,9999,True,0,,,eye
694cc20656e4f10001019c32,20108472,4869687,伊丽莎白雅顿,Elizabeth Arden,60粒【眼胶】时空焕活眼部胶囊精华,10.5ml,美妆护肤-面部护肤-眼霜/眼部精华,317,420.0,420.0,225,,,9999,True,0,,,eye
694cc3c49cc20b00019c129d,20117556,4878493,莱珀妮,LA PRAIRIE,鱼子精华眼部啫喱,15ml,美妆护肤-面部护肤-眼霜/眼部精华,711,,711.0,600,,,9999,True,0,,,eye
694cc2ef9cc20b00019bf020,20113263,4874353,黛珂,DECORTÉ,肌源修护眼部精华液 两支装 ,,美妆护肤-面部护肤-眼霜/眼部精华,745,464.0,464.0,745,,,9999,True,0,,,eye
698b39f3b25b840001279e32,20163886,5160739,莱珀妮,LA PRAIRIE,鱼子精华琼贵眼霜双件套装,,美妆护肤-面部护肤-眼霜/眼部精华,3600,805.2,805.2,3000,,,9999,True,0,,,eye
694cc27556e4f1000101aeb5,20110872,4871897,雅诗兰黛,ESTÉE LAUDER,白金眼霜 淡纹 紧致 保湿 （滋润版 ）,15ml,美妆护肤-面部护肤-眼霜/眼部精华,930,970.0,970.0,618,,,9999,True,0,,,eye
69f2029784016900015867ea,20197802,5384360,雅诗兰黛,ESTÉE LAUDER,白金级花菁萃紧致眼部精华霜双支装 ,15ml*2,美妆护肤-面部护肤-眼霜/眼部精华,1215,249.5,249.5,1215,1094.0,买5件 低至￥1094/件,9999,True,0,,,eye
694cc3e25b103b0001df3b65,20118076,4879064,娇韵诗,CLARINS,密集多维提拉眼霜,15ml,美妆护肤-面部护肤-眼霜/眼部精华,475,614.0,614.0,475,,,9999,True,0,,,eye
694cc20bf52aff00011227a2,20108513,4869793,海蓝之谜,LA MER,鎏金焕颜精华眼霜,15ml,美妆护肤-面部护肤-眼霜/眼部精华,3358,3497.0,3497.0,1900,1710.0,买4件 低至￥1710/件,9999,True,0,,,eye
694cc25d9cc20b00019bd5cb,20110239,4871424,雅诗兰黛,ESTÉE LAUDER,白金级蕴能黑钻奢华眼部精华 黑松露眼精华 色提因,15ml,美妆护肤-面部护肤-眼霜/眼部精华,950,1400.0,1400.0,880,792.0,买7件 低至￥792/件,9999,True,0,,,eye
694cc35f9cc20b00019c01ad,20115372,4876441,莱珀妮,LA PRAIRIE,鱼子精华琼贵眼部紧颜液,20ml,美妆护肤-面部护肤-眼霜/眼部精华,2439,,2439.0,2100,1890.0,买3件 低至￥1890/件,9999,True,0,,,eye
694cc1e09cc20b00019bc12d,20107789,4868907,海蓝之谜,LA MER,紧塑焕采眼霜,15ml,美妆护肤-面部护肤-眼霜/眼部精华,1745,1796.0,1796.0,1200,1080.0,买5件 低至￥1080/件,9999,True,0,,,eye
694cc276f52aff000112398f,20110799,4871898,伊丽莎白雅顿,Elizabeth Arden,时空焕活抗皱紧致眼霜,15ml,美妆护肤-面部护肤-眼霜/眼部精华,288,384.0,384.0,288,,,9999,True,0,,,eye
694cc3015b103b0001df19d9,20113867,4874685,宝丽,POLA,POLA 碧艾重塑紧致眼霜（经典版） ,26g,美妆护肤-面部护肤-眼霜/眼部精华,1045,,1045.0,799,720.0,买8件 低至￥720/件,9999,True,0,,,eye
694cc376f52aff0001126147,20115924,4876893,肌肤之钥,CLE DE PEAU BEAUTE,紧致御纹精华眼霜,15ml,美妆护肤-面部护肤-眼霜/眼部精华,1161,1688.0,1688.0,1161,1045.0,买6件 低至￥1045/件,9999,True,0,,,eye
694cc2e3f52aff0001124ae9,20112871,4874077,莱珀妮,LA PRAIRIE,臻爱铂金尊宠眼霜,20ml,美妆护肤-面部护肤-眼霜/眼部精华,4300,7600.0,7600.0,3900,3510.0,买2件 低至￥3510/件,9999,True,0,,,eye
698b312f18ba480001be4ad6,20113315,5119002,悦木之源,ORIGINS,视黄醇抗皱眼霜,15ml,美妆护肤-面部护肤-眼霜/眼部精华,323,224.0,224.0,323,,,9999,True,0,,,eye
698b3e0400116300016c9423,20186864,5192570,莱珀妮,LA PRAIRIE,纯皙紧致聚光眼部精华液,15ml,美妆护肤-面部护肤-眼霜/眼部精华,1900,437.0,437.0,1800,1620.0,买4件 低至￥1620/件,9999,True,0,,,eye
698b3f964e0c690001df5d17,20197463,5204554,娇兰,GUERLAIN,Guerlain 娇兰 娇兰帝皇蜂姿眼霜,15ml,美妆护肤-面部护肤-眼霜/眼部精华,420,98.0,98.0,420,,,9999,True,0,,,eye
698b3e2600116300016c974b,20187857,5193713,圣罗兰,YSL,悦享青春眼霜,15ml,美妆护肤-面部护肤-眼霜/眼部精华,580,730.0,730.0,580,,,9999,True,0,,,eye
698b3a0ab25b840001279ff3,20163937,5162025,资生堂,SHISEIDO,悦薇智感视黄醇抗皱霜两件套套装,20ml*2,美妆护肤-面部护肤-眼霜/眼部精华,1470,1419.0,1419.0,1470,1323.0,买5件 低至￥1323/件,9999,True,0,,,eye
694cc39a56e4f1000101e211,20116740,4877620,SK-II,,金缮匠心眼霜,15g,美妆护肤-面部护肤-眼霜/眼部精华,2242,2360.0,2360.0,2242,2018.0,买3件 低至￥2018/件,9999,True,0,,,eye
694cc39af52aff000112690f,20116741,4877618,SK-II,,金缮匠心眼霜双支装,金缮匠心眼霜15g*2,美妆护肤-面部护肤-眼霜/眼部精华,4200,4261.0,4261.0,4200,3780.0,买2件 低至￥3780/件,9999,True,0,,,eye
694cc39856e4f1000101e17c,20116753,4877559,兰蔻,LANCOME,全新菁纯眼霜,20ml,美妆护肤-面部护肤-眼霜/眼部精华,690,1092.0,1092.0,600,,,9999,True,0,,,eye
694cc37ef52aff00011263cd,20115905,4877080,资生堂,SHISEIDO, 悦薇新智感塑颜抗皱霜,20ml,美妆护肤-面部护肤-眼霜/眼部精华,546,,546.0,546,,,9999,True,0,,,eye
694cc36856e4f1000101d934,20115702,4876659,馥蕾诗,FRESH,红茶凝时焕活眼霜,15ml,美妆护肤-面部护肤-眼霜/眼部精华,400,376.0,376.0,400,,,9999,True,0,,,eye
694cc366f52aff0001125f09,20115604,4876606,兰蔻,LANCOME,全新黑金臻宠眼霜,15ml,美妆护肤-面部护肤-眼霜/眼部精华,2000,1900.0,1900.0,2000,1800.0,买3件 低至￥1800/件,9999,True,0,,,eye
694cc338f52aff00011258cd,20114634,4875740,赫莲娜,HR,【黑绷带眼霜】活颜修护眼霜,15ml,美妆护肤-面部护肤-眼霜/眼部精华,1283,1835.0,1835.0,1155,1040.0,买6件 低至￥1040/件,9999,True,0,,,eye
694cc2f39cc20b00019bf0e8,20113579,4874461,赫莲娜,HR,悦活强韧青春眼部精华乳套装,15ml*2,美妆护肤-面部护肤-眼霜/眼部精华,1398,998.0,998.0,1398,1259.0,买5件 低至￥1259/件,9999,True,0,,,eye
694cc2e69cc20b00019beec3,20113166,4874142,娇兰,GUERLAIN,御廷兰花臻兰眼唇霜,20ml,美妆护肤-面部护肤-眼霜/眼部精华,4200,5035.0,5035.0,4200,3780.0,买2件 低至￥3780/件,9999,True,0,,,eye
694cc2dd56e4f1000101bdb1,20112703,4873924,欧莱雅,L’ORÉAL,巴黎复颜玻尿酸水光充盈淡纹眼霜双支装,65ml*2,美妆护肤-面部护肤-眼霜/眼部精华,603,1040.0,1040.0,358,,,9999,True,0,,,eye
694cc2cef52aff0001124713,20112451,4873689,兰蔻,LANCOME,全新眼部肌底精华液「小黑瓶」家族大眼精华,,美妆护肤-面部护肤-眼霜/眼部精华,903,1168.0,1168.0,800,720.0,买8件 低至￥720/件,9999,True,0,,,eye
694cc2c15b103b0001aea61b,20112310,4873360,科颜氏,KIEHLS,科颜氏多重修颜眼霜 ,28ml,美妆护肤-面部护肤-眼霜/眼部精华,485,,485.0,485,,,9999,True,0,,,eye
694cc25d5b103b0001abdfd1,20110238,4871420,雅诗兰黛,ESTÉE LAUDER,白金眼霜  抗皱 紧致 淡纹 （轻盈版）   ,15ml,美妆护肤-面部护肤-眼霜/眼部精华,637,970.0,970.0,550,,,9999,True,0,,,eye
694cc340f52aff0001125976,20114865,4875856,欧舒丹,L'OCCITANE,甜扁桃味沐浴油,500ml,个护家清-身体护理-沐浴露,219,,219.0,170,,,9999,True,0,,,bodywash
694cc31956e4f1000101c925,20114139,4875148,欧舒丹,L'OCCITANE,甜蜜樱花香氛沐浴啫喱,500ml,个护家清-身体护理-沐浴露,190,189.0,189.0,140,,,9999,True,0,,,bodywash
694cc31156e4f1000101c6c9,20114137,4874942,欧舒丹,L'OCCITANE,马鞭草清新沐浴啫喱,500ml,个护家清-身体护理-沐浴露,190,189.0,189.0,140,,,9999,True,0,,,bodywash
694cc3115b103b0001df1bfb,20113981,4874937,馥蕾诗,FRESH,清新西柚果香沐浴露,300ml,个护家清-身体护理-沐浴露,170,239.0,239.0,115,,,9999,True,0,,,bodywash
694cc346f52aff0001125a2a,20114963,4875960,欧舒丹,L'OCCITANE,甜扁桃味沐浴油(环保补充装),500ml,个护家清-身体护理-沐浴露,160,200.0,200.0,140,,,9999,True,0,,,bodywash
694cc41a56e4f1000101f7f8,20119297,4880200,欧舒丹,L'OCCITANE,甜蜜樱花香氛沐浴啫喱,500ml,个护家清-身体护理-沐浴露,190,290.0,290.0,190,,,9999,True,0,,,bodywash
694cc32c9cc20b00019bfa7d,20114686,4875463,茱莉蔻,JURLIQUE,玫瑰柔肤沐浴露,300ml,个护家清-身体护理-沐浴露,125,105.0,105.0,100,,,9999,True,0,,,bodywash
694cc31b9cc20b00019bf848,20114072,4875190,欧舒丹,L'OCCITANE,甜蜜樱花香氛沐浴啫喱,250ml,个护家清-身体护理-沐浴露,110,104.0,104.0,90,,,9999,True,0,,,bodywash
694cc1e25b103b0001abca34,20107704,4868932,欧舒丹,L'OCCITANE, 欧舒丹甜扁桃味沐浴油,250ml,个护家清-身体护理-沐浴露,145,133.0,133.0,100,,,9999,True,0,,,bodywash
698b3a0796a4df0001f1d9d4,20163899,5161794,欧舒丹,L'OCCITANE,欧舒丹 瑰香之心香氛沐浴啫喱,250ml,个护家清-身体护理-沐浴露,110,165.0,165.0,110,,,9999,True,0,,,bodywash
694cc3f656e4f1000101f0a2,20118452,4879502,欧舒丹,L'OCCITANE,马鞭草清新沐浴啫喱 替换装,500ml,个护家清-身体护理-沐浴露,155,152.0,152.0,155,,,9999,True,0,,,bodywash
694cc3b65b103b0001df32e3,20117331,4878191,欧舒丹,L'OCCITANE,青提恋樱香氛沐浴啫喱,250ml,个护家清-身体护理-沐浴露,110,104.0,104.0,90,,,9999,True,0,,,bodywash
694cc31d56e4f1000101c9ec,20114123,4875220,祖·玛珑,JO MALONE LONDON,英国梨与小苍兰沐浴露,500ml,个护家清-身体护理-沐浴露,455,536.0,536.0,455,,,9999,True,0,,,bodywash
694cc31956e4f1000101c8ee,20114121,4875130,欧舒丹,L'OCCITANE,清新马鞭草香氛沐浴啫喱,250ml,个护家清-身体护理-沐浴露,110,104.0,104.0,90,,,9999,True,0,,,bodywash
694cc3129cc20b00019bf670,20113975,4874977,馥蕾诗,FRESH,晨露玫瑰香沐浴露,300ml,个护家清-身体护理-沐浴露,170,239.0,239.0,170,,,9999,True,0,,,bodywash
694cc2075b103b0001abd025,20108581,4869713,祖·玛珑,JO MALONE LONDON,英国梨与小苍兰沐浴露,250ml,个护家清-身体护理-沐浴露,310,364.0,364.0,310,,,9999,True,0,,,bodywash
698b3a0100116300016c3852,20163896,5161452,欧舒丹,L'OCCITANE,白色薰衣草香氛沐浴啫喱,250ml,个护家清-身体护理-沐浴露,110,165.0,165.0,110,,,9999,True,0,,,bodywash
694cc35a5b103b0001df27cf,20115509,4876366,祖·玛珑,JO MALONE LONDON,丝绒玫瑰与乌木沐浴露,250ml,个护家清-身体护理-沐浴露,390,459.0,459.0,390,,,9999,True,0,,,bodywash
694cc35956e4f1000101d55d,20115507,4876362,祖·玛珑,JO MALONE LONDON,乌木与佛手柑沐浴露 ,250ml,个护家清-身体护理-沐浴露,390,283.0,283.0,390,,,9999,True,0,,,bodywash
694cc34456e4f1000101d117,20115000,4875918,宝丽,POLA,玫瑰沁香沐浴露 500ml,500ml,个护家清-身体护理-沐浴露,114,120.0,120.0,85,,,9999,True,0,,,bodywash
694cc32ff52aff000112577c,20114685,4875530,茱莉蔻,JURLIQUE,薰衣草舒感沐浴露,300ml,个护家清-身体护理-沐浴露,125,165.0,165.0,100,,,9999,True,0,,,bodywash
6972e7c5891e960001519373,20114623,5039464,欧舒丹,L'OCCITANE,格拉斯橙花香氛沐浴啫喱,250ml,个护家清-身体护理-沐浴露,110,104.0,104.0,90,,,9999,True,0,,,bodywash
694cc1e856e4f10001019757,20107833,4869073,伊丽莎白雅顿,Elizabeth Arden,绿茶香型沐浴啫喱,500ml,个护家清-身体护理-沐浴露,132,178.0,178.0,132,,,9999,True,0,,,bodywash
694cc3489cc20b00019bfe87,20114999,4876023,宝丽,POLA,百合沁香沐浴露 500ml,500ml,个护家清-身体护理-沐浴露,114,120.0,120.0,85,,,9999,True,0,,,bodywash
694cc3019cc20b00019bf34e,20113632,4874679,欧舒丹,L'OCCITANE,瑰香之心沐浴啫喱,250ml,个护家清-身体护理-沐浴露,110,104.0,104.0,110,,,9999,True,0,,,bodywash
694cc3609cc20b00019c01e9,20115582,4876473,Rituals,Rituals,梵心仪式发泡沐浴露,200ml,个护家清-身体护理-沐浴露,72,94.0,94.0,72,,,9999,True,0,,,bodywash
694cc2fc56e4f1000101c3a2,20113749,4874627,帕尔玛之水,ACQUA DI PARMA,格调手部身体洁肤露（木兰未央调）,300ml,个护家清-身体护理-沐浴露,300,490.0,490.0,300,,,9999,True,0,,,bodywash
694cc4229cc20b00019c20e1,20119479,4880415,梅森马吉拉,Maison Margiela,慵懒周末沐浴啫喱 400ml,400ml,个护家清-身体护理-沐浴露,260,350.0,350.0,260,,,9999,True,0,,,bodywash
694cc40f9cc20b00019c1d38,20119489,4880038,纪梵希,GIVENCHY,心无禁忌沐浴油,200ml,个护家清-身体护理-沐浴露,260,417.0,417.0,260,,,9999,True,0,,,bodywash
694cc3ee5b103b0001df3eb7,20118685,4879314,汤姆福特,TOM FORD,珍华乌木香氛沐浴露,240ml,个护家清-身体护理-沐浴露,455,428.0,428.0,455,,,9999,True,0,,,bodywash
694cc3b2f52aff0001126c0c,20117094,4878099,祖·玛珑,JO MALONE LONDON,柏木与葡萄藤沐浴露,250ml,个护家清-身体护理-沐浴露,390,459.0,459.0,390,,,9999,True,0,,,bodywash
694cc36256e4f1000101d766,20115701,4876519,馥蕾诗,FRESH,铃兰茉莉香沐浴露,300ml,个护家清-身体护理-沐浴露,170,239.0,239.0,170,,,9999,True,0,,,bodywash
694cc31ef52aff0001125555,20114127,4875255,祖·玛珑,JO MALONE LONDON,牡丹与胭红麂绒沐浴露,500ml,个护家清-身体护理-沐浴露,455,536.0,536.0,455,,,9999,True,0,,,bodywash
694cc20a9cc20b00019bc726,20108589,4869783,祖·玛珑,JO MALONE LONDON,鼠尾草与海盐沐浴露,250ml,个护家清-身体护理-沐浴露,310,364.0,364.0,310,,,9999,True,0,,,bodywash
694cc209f52aff0001122749,20108580,4869762,祖·玛珑,JO MALONE LONDON,黑莓与月桂叶沐浴露,250ml,个护家清-身体护理-沐浴露,310,364.0,364.0,310,,,9999,True,0,,,bodywash
6972e7c5891e96000151936a,20119298,5039452,欧舒丹,L'OCCITANE,甜蜜樱花香氛身体乳,500ml,个护家清-身体护理-润肤乳,280,410.0,410.0,280,,,9999,True,0,,,bodylotion
694cc2fd9cc20b00019bf2df,20113992,4874645,欧舒丹,L'OCCITANE,乳木果滋润身体乳,250ml,个护家清-身体护理-润肤乳,155,141.0,141.0,155,,,9999,True,0,,,bodylotion
698b3a0396a4df0001f1d978,20163898,5161597,欧舒丹,L'OCCITANE,瑰香之心香氛身体乳,250ml,个护家清-身体护理-润肤乳,155,1.0,1.0,155,,,9999,True,0,,,bodylotion
694cc2f956e4f1000101c33d,20113848,4874596,馥蕾诗,FRESH,清新西柚果香身体乳,300ml,个护家清-身体护理-润肤乳,175,255.0,255.0,120,,,9999,True,0,,,bodylotion
694cc3729cc20b00019c05b6,20115700,4876857,馥蕾诗,FRESH,铃兰茉莉香身体乳,300ml,个护家清-身体护理-润肤乳,175,255.0,255.0,125,,,9999,True,0,,,bodylotion
698b39f896a4df0001f1d870,20163900,5161020,欧舒丹,L'OCCITANE,白色薰衣草香氛身体乳,250ml,个护家清-身体护理-润肤乳,155,1.0,1.0,155,,,9999,True,0,,,bodylotion
694cc2049cc20b00019bc638,20108460,4869641,伊丽莎白雅顿,Elizabeth Arden,白茶香型身体霜,400ml,个护家清-身体护理-润肤乳,151,200.0,200.0,113,,,9999,True,0,,,bodylotion
694cc3b7f52aff0001126d0e,20117327,4878212,欧舒丹,L'OCCITANE,青提恋樱香氛润肤乳,250ml,个护家清-身体护理-润肤乳,155,134.0,134.0,120,,,9999,True,0,,,bodylotion
694cc33e56e4f1000101d005,20114697,4875849,茱莉蔻,JURLIQUE,玫瑰柔肤身体乳,300ml,个护家清-身体护理-润肤乳,188,152.0,152.0,150,,,9999,True,0,,,bodylotion
694cc1f59cc20b00019bc4b0,20108170,4869388,祖·玛珑,JO MALONE LONDON,英国梨与小苍兰润肤乳液,250ml,个护家清-身体护理-润肤乳,421,494.0,494.0,320,,,9999,True,0,,,bodylotion
6972e80d5bac8d0001508595,20119331,5039898,欧舒丹,L'OCCITANE,全新升级【第二代】格拉斯橙花香美肤乳,250ml,个护家清-身体护理-润肤乳,155,235.0,235.0,155,,,9999,True,0,,,bodylotion
694cc3185b103b0001df1d1f,20114098,4875113,欧舒丹,L'OCCITANE,马鞭草润肤露,250ml,个护家清-身体护理-润肤乳,155,134.0,134.0,155,,,9999,True,0,,,bodylotion
694cc20f5b103b0001abd168,20108707,4869903,祖·玛珑,JO MALONE LONDON,牡丹与胭红麂绒润肤乳液,250ml,个护家清-身体护理-润肤乳,421,494.0,494.0,421,,,9999,True,0,,,bodylotion
694cc24ef52aff00011232c0,20109839,4871112,娇韵诗,CLARINS,修抚身体乳,175ml,个护家清-身体护理-润肤乳,333,510.0,510.0,333,,,9999,True,0,,,bodylotion
694cc3b95b103b0001df339a,20117333,4878257,欧舒丹,L'OCCITANE,甜扁桃味美肤乳 轻盈版,240ml,个护家清-身体护理-润肤乳,220,188.0,188.0,190,,,9999,True,0,,,bodylotion
694cc33b5b103b0001df2257,20114698,4875810,茱莉蔻,JURLIQUE,柑橘沁心身体乳,300ml,个护家清-身体护理-润肤乳,188,250.0,250.0,150,,,9999,True,0,,,bodylotion
694cc1e556e4f10001019702,20107823,4869014,伊丽莎白雅顿,Elizabeth Arden,绿茶蜜滴润体霜,500ml,个护家清-身体护理-润肤乳,119,230.0,230.0,95,,,9999,True,0,,,bodylotion
694cc1f35b103b0001abce2e,20108165,4869330,祖·玛珑,JO MALONE LONDON,青柠罗勒与柑橘润肤乳液,250ml,个护家清-身体护理-润肤乳,421,494.0,494.0,421,,,9999,True,0,,,bodylotion
694cc2f59cc20b00019bf126,20113496,4874506,祖·玛珑,JO MALONE LONDON,鼠尾草与海盐润肤乳液,250ml,个护家清-身体护理-润肤乳,421,494.0,494.0,421,,,9999,True,0,,,bodylotion
694cc2699cc20b00019bd7a8,20110468,4871630,娇韵诗,CLARINS,乳木果滋润身体乳,200ml,个护家清-身体护理-润肤乳,219,350.0,350.0,219,,,9999,True,0,,,bodylotion
6972e7d2ab782600011c402b,20113499,5039592,祖·玛珑,JO MALONE LONDON,英国梨与小苍兰润肤喷雾,100ml,个护家清-身体护理-润肤乳,398,469.0,469.0,398,,,9999,True,0,,,bodylotion
694cc33356e4f1000101cd98,20114681,4875630,茱莉蔻,JURLIQUE,薰衣草舒感身体乳 ,300ml,个护家清-身体护理-润肤乳,188,250.0,250.0,150,,,9999,True,0,,,bodylotion
694cc1f35b103b0001abce64,20108171,4869343,祖·玛珑,JO MALONE LONDON,橙花润肤乳液,250ml,个护家清-身体护理-润肤乳,421,494.0,494.0,421,,,9999,True,0,,,bodylotion
694cc34bf52aff0001125b1b,20115214,4876084,海蓝之谜,LA MER,修护身体乳,160ml,个护家清-身体护理-润肤乳,1148,1400.0,1400.0,1148,1034.0,买6件 低至￥1034/件,9999,True,0,,,bodylotion
694cc32ff52aff000112577b,20114682,4875528,茱莉蔻,JURLIQUE,柠檬天竺葵活力身体乳,300ml,个护家清-身体护理-润肤乳,188,250.0,250.0,150,,,9999,True,0,,,bodylotion
694cc3fe9cc20b00019c1a33,20118693,4879607,汤姆福特,TOM FORD,珍华乌木香氛润肤乳,240ml,个护家清-身体护理-润肤乳,523,637.0,637.0,523,,,9999,True,0,,,bodylotion
698b39dcb25b840001279c38,20163834,5159780,娇韵诗,CLARINS,莹亮丝滑身体精华露套组,200ml*2,个护家清-身体护理-润肤乳,768,990.0,990.0,768,692.0,买8件 低至￥692/件,9999,True,0,,,bodylotion
694cc2f9f52aff0001124f0d,20113497,4874587,祖·玛珑,JO MALONE LONDON,蓝风铃润肤喷雾,100ml,个护家清-身体护理-润肤乳,398,266.0,266.0,398,,,9999,True,0,,,bodylotion
694cc3fef52aff000112787c,20118843,4879610,科颜氏,KIEHLS,高保湿润肤角鲨烷身体霜,250ml,个护家清-身体护理-润肤乳,215,317.0,317.0,215,,,9999,True,0,,,bodylotion
694cc39d9cc20b00019c0bd5,20116684,4877692,宝格丽,BVLGARI,白晶柔润香体乳,200ml,个护家清-身体护理-润肤乳,371,445.0,445.0,371,,,9999,True,0,,,bodylotion
694cc2cb9cc20b00019bea58,20112483,4873605,欧珑,Atelier Cologne,莹润身体乳无极乌龙,200ml,个护家清-身体护理-润肤乳,265,355.0,355.0,265,,,9999,True,0,,,bodylotion
694cc2c7f52aff00011245ec,20112268,4873502,宝格丽,BVLGARI,沐光玫香润体乳,200ml,个护家清-身体护理-润肤乳,371,445.0,445.0,371,,,9999,True,0,,,bodylotion
694cc1f49cc20b00019bc450,20108108,4869355,科颜氏,KIEHLS,婴儿营养舒缓保湿霜,200ml,个护家清-身体护理-润肤乳,188,177.0,177.0,125,,,9999,True,0,,,bodylotion
694cc1da56e4f100010195e7,20107622,4868825,碧欧泉,BIOTHERM,凝乳丝滑润体乳,400ml,个护家清-身体护理-润肤乳,250,245.0,245.0,250,,,9999,True,0,,,bodylotion
