product_id,activity_product_id,brand_id,brand,name,category,subcategory,price,original_price,discount,stock,activity_stock,sell_num,activity_id,activity_type,catalog_id,sku
p15743579,504137637,31847,,BURBERRY博柏利之吻晶潤緞彩唇膏 3.3g,3016,2195,160,315,5.1,18,18,37,500022564,23,,
p15891087,504137638,31847,,Burberry 博柏利女神馥鬱香水50ML,3037,2352,590,1134,5.2,2,2,1,500022564,23,c85732853,
p15740184,504137639,31847,,BURBERRY博柏利紅粉戀歌女士淡香水 50mL/100mL,3037,2352,503,579,8.7,2,2,,500022564,23,,
p15828292,504137640,31847,,BURBERRY博柏利之吻液體絨霧啞光唇膏6ml,3016,2197,177,340,5.2,6,6,14,500022564,23,,
p15743675,504137641,31847,,BURBERRY博柏利先生英倫男士濃香水 50ml/100ml,3037,2351,517,626,8.3,2,2,4,500022564,23,,
p15890288,504137642,31847,,Burberry博柏利之吻倫敦臻霧啞光唇釉86  Darjeeling 6 ML,3016,2197,177,340,5.2,1,1,,500022564,23,c85731948,
p15890281,504137643,31847,,Burberry博柏利之吻絨霧啞光唇膏02 Cream Tea 6 ML,3016,2195,177,340,5.2,1,1,2,500022564,23,c85732351,
p15889829,504137644,31847,,"Burberry""博柏利高定香氛-沙漠玫瑰100ml",3037,2352,1014,1950,5.2,1,1,,500022564,23,c85732354,
p15889838,504137645,31847,,"Burberry""博柏利高定香氛-晨曦金霧100ml",3037,2352,1014,1950,5.2,1,1,,500022564,23,c85732366,
p15739929,504137646,31847,,BURBERRY  博柏利之吻啞光唇膏  3.3g,3016,2195,160,340,4.7,13,13,42,500022564,23,,
p15872385,504137647,31847,,BURBERRY博柏利卓越持妝遮瑕液8ml,3021,2220,149,315,4.7,3,3,9,500022564,23,,
p15890289,504137648,31847,,Burberry博柏利之吻絨霧啞光唇膏90  -6 ML,3016,2195,177,340,5.2,1,1,1,500022564,23,c85732365,
p15740984,504137649,31847,,BURBERRY博柏利倫敦女士濃香水  50mL/100mL,3037,2352,546,750,7.3,1,1,2,500022564,23,,
p15885153,504137650,31847,,Burberry博柏利英雄男士濃香精100ml,3037,2351,749,1440,5.2,1,1,1,500022564,23,c85725752,
p15885165,504137651,31847,,Burberry博柏利英雄男士濃香精50ml,3037,2351,718,1380,5.2,1,1,,500022564,23,c85725763,
p15915110,504137652,31847,,Burberry博柏利女士淡香水三件套禮盒套裝100ml+75ml+10ml,3037,1145,765,1700,4.5,1,1,2,500022564,23,c85759018,
p15914736,504137653,31847,,Burberry博柏利卓越持妝柔霧氣墊粉底液C20,3021,2201,281,540,5.2,0,0,3,500022564,23,c85758846,
p15737864,504137654,31847,,BURBERRY博柏利花與她果漾淡香水 50ml/100ml,3037,2352,405,860,4.7,2,2,7,500022564,23,,
p15915108,504137656,31847,,Burberry博柏利女神香水節日限定奢享騎士禮盒,3037,1145,572,1100,5.2,0,0,12,500022564,23,c85759017,
p15915117,504137657,31847,,Burberry博柏利英雄男士三件套禮品套裝,3037,1145,246,545,4.5,0,0,3,500022564,23,c85759025,
p15915114,504137658,31847,,Burberry博柏利花與她果漾淡香水節日限定騎士禮盒,3037,1145,428,950,4.5,0,0,3,500022564,23,c85759022,
p15914738,504137659,31847,,Burberry博柏利英雄男士淡香精雙人禮盒套裝,3037,1145,416,800,5.2,0,0,6,500022564,23,c85759019,
p15915116,504137660,31847,,Burberry博柏利英雄男士淡香水節日限定騎士禮盒,3037,1145,364,700,5.2,0,0,6,500022564,23,c85759024,
p15868250,504137661,31885,,CLARINS嬌韻詩植萃精油護唇膏,3022,1098,144,240,6.0,4,4,78,500022564,23,,
p15866261,504137662,31885,,CLARINS嬌韻詩輕透隔離防曬乳（自然色）雙瓶裝50ml*2,3022,1092,576,960,6.0,2,2,15,500022564,23,c85701316,
p15820477,504137663,31885,,CLARINS嬌韻詩活力之水 100ml,3022,1090,258,430,6.0,2,2,4,500022564,23,c85643048,
p15739003,504137664,31885,,CLARINS嬌韻詩緞光水漾精華粉底液 30ml,3021,2201,246,410,6.0,10,10,36,500022564,23,,
p15883539,504137665,31885,,Clarins嬌韻詩水漾精華粉底液-100.3N 30ml,3021,2201,246,410,6.0,1,1,2,500022564,23,c85724581,
p15883542,504137666,31885,,Clarins嬌韻詩水漾精華粉底液-100.5W 30ml,3021,2201,246,410,6.0,1,1,,500022564,23,c85724410,
p15884052,504137667,31885,,Clarins嬌韻詩絲滑持妝精華粉底液-100.4N 30ml,3021,2201,246,410,6.0,2,2,1,500022564,23,c85724409,
p15884051,504137668,31885,,Clarins嬌韻詩絲滑持妝精華粉底液-100C 30ml,3021,2201,246,410,6.0,1,1,,500022564,23,c85724408,
p15883541,504137669,31885,,Clarins嬌韻詩絲滑持妝精華粉底液-101W 30ml,3021,2201,246,410,6.0,2,2,1,500022564,23,c85724583,
p15786789,504137670,31885,,CLARINS嬌韻詩植萃凝亮護唇油 04 7ml,3022,1098,144,240,6.0,0,0,40,500022564,23,c85605973,
p15743775,504137671,31885,,CLARINS嬌韻詩男士超效保濕凝露 50ml,3022,1091,280,430,6.5,0,0,10,500022564,23,c85557155,
p15866264,504137672,31885,,CLARINS嬌韻詩曬後舒緩霜 150ML,3022,1093,195,300,6.5,0,0,5,500022564,23,c85700872,
p15883543,504137673,31885,,Clarins嬌韻詩水漾精華粉底液-103N 30ml,3021,2201,246,410,6.0,1,1,1,500022564,23,c85724411,
p15884050,504137674,31885,,Clarins嬌韻詩玫瑰面霜-50ML,3022,1093,748,1150,6.5,0,0,6,500022564,23,c85724407,
p15872194,504137675,31885,,CLARINS嬌韻詩4D濃黑翹長防水睫毛膏 8ml,3038,2203,156,260,6.0,1,1,4,500022564,23,c85709408,
p15921785,504137676,31885,,Clarins嬌韻詩黃金雙萃馬年限定套組,3022,1100,1400,2000,7.0,0,0,30,500022564,23,c85766247,
p15743234,504137677,10134,,GUCCI 古馳玩視不恭眼線膠筆,3038,2203,125,245,5.1,4,4,28,500022564,23,,
p15741120,504137678,10134,,[NEW 410] GUCCI  古馳傾色絲潤唇膏,3016,2195,183,375,4.9,11,11,45,500022564,23,,
p15739020,504137679,10134,,GUCCI 古馳仙之頌濃香水 100mL,3037,2352,1402,2850,4.9,3,3,10,500022564,23,c85551391,
p15743096,504137680,10134,,GUCCI 古馳傾色琉光唇膏 1.8g,3016,2195,176,375,4.7,7,7,61,500022564,23,,
p15887955,504137681,10134,,Gucci古馳傾色雲霧唇釉308 6.5ml,3016,2197,203,390,5.2,3,3,,500022564,23,c85730517,
p15900702,504137682,10134,,Gucci古馳閃亮唇膏色彩套裝（多色）100-毫升---1-8-克,3016,2195,743,1650,4.5,2,2,4,500022564,23,c85744362,
p15742416,504137683,10134,,GUCCI 古馳柔焦凝光粉餅,3021,2201,291,540,5.4,1,1,20,500022564,23,,
p15740940,504137684,10134,,GUCCI 古馳花悅夢意女士濃香水,3037,2352,461,1040,4.4,2,2,5,500022564,23,,
p15743126,504137685,10134,,GUCCI  古馳美妝傾色雕繪塑唇筆,3016,2196,125,240,5.2,1,1,4,500022564,23,,
p15797916,504137686,10134,,GUCCI 古馳傾色琉光唇膏308 1.8g,3016,2195,203,390,5.2,1,1,5,500022564,23,c85617946,
p15888389,504137687,10134,,Gucci古馳花悅慕意香型女士香氛100ml,3037,2352,864,1660,5.2,0,0,1,500022564,23,c85730454,
p15887951,504137688,10134,,Gucci古馳CHRYLS香水50ML-IV,3037,2352,609,1170,5.2,1,1,,500022564,23,c85730459,
p15867849,504137689,10134,,GUCCI古馳星鑽亮采高光粉餅,3021,2214,355,545,6.5,2,2,9,500022564,23,,
p15888392,504137690,10134,,Gucci古馳傾色雲霧唇釉啞光217 6.5ml,3016,2197,203,390,5.2,1,1,4,500022564,23,c85730458,
p15741096,504137691,10134,,GUCCI 古馳傾色華緞唇膏,3016,2195,176,375,4.7,9,9,24,500022564,23,,
p15741621,504137692,10134,,GUCCI 古馳傾色柔紗潤唇膏,3022,1098,183,375,4.9,4,4,18,500022564,23,,
p15839636,504137693,10134,,GUCCI 古馳煉金士花園花之頌芳濃香水 100ml,3037,2352,1853,2850,6.5,0,0,4,500022564,23,c85666445,
p15864413,504137694,10134,,GUCCI古馳綺夢香草蘭香型女士香水,3037,2352,676,1040,6.5,2,2,7,500022564,23,,
p15741094,504137695,10134,,GUCCI 古馳傾色絨霧唇膏,3016,2195,184,375,4.9,10,10,64,500022564,23,,
p15792914,504137696,10134,,GUCCI古馳罪愛燃情女士淡香精 50ml,3037,2352,480,1120,4.3,1,1,3,500022564,23,c85613310,
p15885146,504137697,10134,,Gucci古馳煉金士花園獅之心香水-100ML,3037,2352,1853,2850,6.5,0,0,2,500022564,23,c85726110,
p15809820,504137698,10134,,GUCCI古馳柔霧持妝粉底液 30ml,3021,2201,323,620,5.2,4,4,12,500022564,23,,
p15878318,504137699,10134,,Gucci 古馳罪愛傾心女士香水,3037,2352,529,1170,4.5,2,2,2,500022564,23,,
p15839628,504137700,10134,,GUCCI 古馳傾色絨霧唇膏3.5g,3016,2195,184,390,4.7,2,2,10,500022564,23,,
p15823781,504137701,10134,,GUCCI古馳Where my Heart Beats濃香水 100ml,3037,3204,1345,2850,4.7,0,0,3,500022564,23,c85645841,
p15830192,504137702,10134,,GUCCI古馳霧柔羊絨淨采遮瑕筆 8ml,3021,2220,188,360,5.2,3,3,10,500022564,23,,
p15901190,504137703,10134,,Gucci古馳花之舞女士淡香水三件套禮品套裝,3037,1145,720,1600,4.5,0,0,18,500022564,23,c85744361,
p15900698,504137704,10134,,Gucci古馳綺夢梔子香型女士淡香水三件套禮品套裝,3037,1145,338,750,4.5,0,0,18,500022564,23,c85744678,
p15914737,504137705,10134,,Gucci古馳傾色絨霧唇膏128,3016,2195,176,390,4.5,0,0,9,500022564,23,c85758847,
p15914734,504137706,10134,,Gucci古馳傾色絨霧唇膏126,3016,2195,176,390,4.5,0,0,9,500022564,23,c85758844,
p15914735,504137707,10134,,Gucci古馳傾色絨霧唇膏505,3016,2195,176,390,4.5,0,0,9,500022564,23,c85758845,
p15915115,504137708,10134,,Gucci古馳絲潤氣墊粉底液03,3021,2201,279,620,4.5,0,0,6,500022564,23,c85759023,
p15915111,504137709,10134,,Gucci古馳絲潤氣墊粉底液02,3021,2201,279,620,4.5,0,0,6,500022564,23,c85758849,
p15915118,504137710,10134,,Gucci古馳唇彩-新色-08,3016,2197,158,350,4.5,0,0,3,500022564,23,c85759026,
p15839500,504137711,10215,,sisley希思黎 亮膚潔面泡沫125ml 深層潔凈卸除彩妝,3022,1088,585,950,6.2,1,1,5,500022564,23,c85666756,
p15738160,504137712,10215,,sisley希思黎伊莎香氛潤體乳150ml,3028,2269,416,850,4.9,0,0,9,500022564,23,c85550489,
p15828371,504137713,10215,,sisley希思黎夢之境修伯特香水100ml,3037,2352,780,1280,6.1,0,0,3,500022564,23,c85652644,
p15821482,504137714,10215,,sisley希思黎煥白淡斑精華露-7ML,3022,1096,660,1250,5.3,0,0,22,500022564,23,c85644037,
p15738272,504137715,10215,,sisley希思黎植物淨顏平衡保濕乳 50ml,3022,1091,663,1100,6.0,0,0,3,500022564,23,c85550661,
p15742531,504137716,10215,,sisley希思黎漾澤美唇彩筆9號 2.5g,3016,2195,185,390,4.7,1,1,1,500022564,23,c85554801,
p15743087,504137717,10215,,sisley希思黎伊莎香水 100ml,3037,2352,1230,2150,5.7,1,1,,500022564,23,c85555940,
p15738199,504137718,10215,,sisley希思黎修活防曬乳SPF50+ 40ml,3022,1092,660,1500,4.4,0,0,1,500022564,23,c85550590,
p15877263,504137719,10215,,Sisley希思黎漾澤美唇彩筆6號 2.5g,3016,2195,185,390,4.7,1,1,,500022564,23,c85716538,
p15877265,504137720,10215,,Sisley希思黎漾澤眼影彩筆 1.5g,3038,2217,185,390,4.7,1,1,,500022564,23,,
p15892317,504137721,13105,,FRESH馥蕾詩紅茶凝時煥顏面膜-100ML,3022,1097,488,840,5.8,8,8,33,500022564,23,c85734694,
p15833280,504137722,13105,,fresh 馥蕾詩古源白松露眼部精華乳 15ml,3039,2812,883,1750,5.0,0,0,14,500022564,23,c85659724,
p15915326,504137723,13105,,FRESH馥蕾詩光采緊致修護三部曲,3022,1100,900,1500,6.0,0,0,1,500022564,23,c85759625,
p15741668,504137724,30992,,Kilian凱利安黑夜魅影濃香水 50ml,3037,2352,1582,2260,7.0,0,0,2,500022564,23,c85554468,
p15741760,504137725,30992,,Kilian凱利安天使之享香水 50ml,3037,2352,1320,1880,7.0,0,0,,500022564,23,c85554552,
p15800843,504137726,30992,,BY Kilian 凱利安濃情一刻香水  50ml,3037,1145,1334,2260,5.9,0,0,1,500022564,23,c85621395,
p15802024,504137727,30992,,By Kilian 凱利安金衣女人濃香水 50ml,3037,2352,1582,2260,7.0,0,0,,500022564,23,c85622266,
p15846575,504137728,31873,,ALBION健康水面膜N 14ml*8,3022,1097,175,250,7.0,0,0,300+,500022564,23,c85674717,
p15846583,504137729,31873,,ALBION賦活彈力輪廓緊致精華液S套裝,3022,1100,540,830,6.5,0,0,22,500022564,23,c85674465,
p15882036,504137730,31873,,ALBION 賦活潤白緊緻淨透精華液 WN 40ml,3022,1096,432,830,5.2,1,1,5,500022564,23,c85722272,
p15846576,504137731,31873,,ALBION賦活彈力緊致柔膚水S 200ml,3022,1090,302,580,5.2,1,1,2,500022564,23,c85674719,
p16038764,504137732,10169,,L’occitane歐舒丹甜扁桃味沐浴油500ml,3028,2268,243,405,6.0,0,0,100+,500022564,23,c85895914,
p15875288,504137733,31873,,Elegance極致定妝蜜粉餅8.8g(精巧盒裝版)【每日限購2件】,3021,2214,720,900,8.0,38,38,3000+,500022564,23,,
p15846146,504137734,31873,,Elegance粉撲 1pcs,3012,3143,40,50,8.0,32,32,200+,500022564,23,c85674709,
p15874901,504137735,31873,,Elegance極致定妝蜜粉餅27g【每日限購2件】,3021,2214,1080,1350,8.0,40,40,3000+,500022564,23,,
p15846144,504137736,31873,,Elegance持久剔透防曬調色乳30g,3021,2222,266,380,7.0,29,29,200+,500022564,23,,
p15875287,504137737,31873,,Elegance極致定妝蜜粉餅27g(補充裝)【每日限購2件】,3021,2214,976,1220,8.0,10,10,500+,500022564,23,,
p15875289,504137738,31873,,Elegance極致定妝蜜粉餅精巧盒装版装8.8g(補充裝)【每日限購2件】,3021,2214,648,810,8.0,15,15,300+,500022564,23,,
p15846163,504137739,31873,,ALBION健康化妝水 N 330ml,3022,1090,490,700,7.0,15,15,400+,500022564,23,c85674462,
p15846149,504137740,31873,,ALBION全物理性溫和輕透防曬乳 40g,3022,1092,189,290,6.5,7,7,100+,500022564,23,c85674711,
p15846160,504137741,31873,,ALBION雅思臻鉑恒亮再生柔膚水 200ml,3022,1090,644,990,6.5,3,3,3,500022564,23,c85674459,
p15895890,504137742,31009,,ALBION澳爾濱3D膠原瑩白緊緻滲透乳,3022,1091,377,580,6.5,0,0,12,500022564,23,c85739521,
p15882035,504137743,31873,,ALBION 3D膠原緊緻柔膚水200ml,3022,1090,377,580,6.5,3,3,14,500022564,23,c85722271,
p16069830,504137744,31847,,Burberry博柏利女神套組100ml+50ml EDP,3037,2352,1073,1650,6.5,3,3,1,500022564,23,c85937395,
p15900695,504137745,10089,,Burberry博柏利自然頰彩腮紅32,3021,2213,308,440,7.0,0,0,9,500022564,23,c85744673,
p15901187,504137746,10089,,Burberry博柏利自然頰彩腮紅66,3021,2213,308,440,7.0,0,0,4,500022564,23,c85744675,
p15740803,504137747,31847,,BURBERRY博柏利英倫格調男士淡香水 50mL/100mL,3037,2351,585,525,11.1,1,1,,500022564,23,,
p15798149,504137748,31847,,BURBERRY 博柏利駿勇之心濃香水 100ml,3037,2351,715,1100,6.5,1,1,,500022564,23,c85617936,
p16108838,504137749,31847,,Burberry博柏利女士淡香精100ml,3037,2352,1079,1660,6.5,1,1,,500022564,23,c85980274,
p16108836,504137750,31847,,Burberry博柏利女士淡香精50ml,3037,2352,761,1170,6.5,1,1,,500022564,23,c85980676,
p15901188,504137751,10089,,Burberry博柏利自然頰彩腮紅11,3021,2213,308,440,7.0,0,0,9,500022564,23,c85744676,
p15941391,504137752,31847,,Burberry博柏利英倫小姐水霧液體唇膏筆601 3ml,3016,2196,208,320,6.5,1,1,1,500022564,23,c85786206,
p15941556,504137753,31847,,Burberry博柏利英倫小姐水霧液體唇膏筆611 3ml,3016,2195,208,320,6.5,0,0,,500022564,23,c85786200,
p15941560,504137754,31847,,Burberry博柏利英倫小姐水霧液體唇膏筆656 3ml,3016,2196,208,320,6.5,1,1,4,500022564,23,c85786205,
p15941561,504137755,31847,,Burberry博柏利英倫小姐水霧液體唇膏筆93 3ml,3016,2196,208,320,6.5,1,1,,500022564,23,c85785762,
p16091946,504137756,31847,,Burberry博柏利卓越持妝柔霧粉底液W20 30ml,3021,2201,351,540,6.5,0,0,2,500022564,23,c85963706,
p16091952,504137757,31847,,Burberry博柏利卓越持妝柔霧粉底液W30 30ml,3021,2201,351,540,6.5,1,1,,500022564,23,c85963209,
p15864419,504137758,31847,,BURBERRY博柏利英倫小姐水漾唇膏,3016,2195,192,320,6.0,16,16,100+,500022564,23,,
p16095247,504137759,31847,,BURBERRY博柏利英倫小姐水漾唇膏604,3016,2195,228,350,6.5,1,1,,500022564,23,c85966616,
p16095259,504137760,31847,,BURBERRY博柏利英倫水漾唇膏634,3016,2195,228,350,6.5,1,1,1,500022564,23,c85966629,
p15900713,504137762,10089,,Burberry博柏利自然頰彩腮紅20,3021,2213,308,440,7.0,0,0,8,500022564,23,c85744691,
p15941559,504137763,31847,,Burberry博柏利英倫小姐水霧液體唇膏筆652,3016,2196,208,320,6.5,0,0,2,500022564,23,c85786203,
p15901185,504137764,10089,,Burberry博柏利自然頰彩腮紅40,3021,2213,308,440,7.0,0,0,5,500022564,23,c85744357,
p15941387,504137765,31847,,Burberry博柏利英倫小姐水霧液體唇膏筆620,3016,2196,208,320,6.5,0,0,,500022564,23,c85786201,
p15843157,504137766,31847,,BURBERRY博柏利經典四色眼影盤 4.7g,3038,2217,312,520,6.0,0,0,35,500022564,23,,
p15865826,504137767,31885,,CLARINS嬌韻詩雙萃煥活修護精華100ML,3022,1096,1300,1630,8.0,329,329,400+,500022564,23,c85700873,
p15886466,504137768,31885,,Clarins嬌韻詩雙萃煥活修護精華-輕盈版100ml,3022,1096,1300,1630,8.0,31,31,64,500022564,23,c85727524,
p15793252,504137769,31885,,CLARINS嬌韻詩三檀面部護理油 30ml,3028,2272,319,490,6.5,7,7,61,500022564,23,c85613300,
p15886471,504137770,31885,,Clarins嬌韻詩煥顏緊致彈力日霜50ML,3022,1093,559,860,6.5,16,16,26,500022564,23,c85727530,
p15793254,504137771,31885,,CLARINS嬌韻詩緊塑輕盈護理油 100ml,3028,2272,384,590,6.5,16,16,77,500022564,23,c85612762,
p15866263,504137772,31885,,CLARINS嬌韻詩雙萃煥活修護精華50ml,3022,1096,816,1020,8.0,8,8,52,500022564,23,c85700867,
p15793253,504137773,31885,,CLARINS嬌韻詩蓮花面部護理油 30ml,3028,2272,319,490,6.5,9,9,56,500022564,23,c85613301,
p15876397,504137774,31885,,CLARINS嬌韻詩淨澈泡沫潔面乳125ml,3022,1088,182,280,6.5,10,10,21,500022564,23,c85715627,
p15739172,504137775,31885,,CLARINS嬌韻詩呵護潤手霜 100ml,3028,2264,163,250,6.5,9,9,32,500022564,23,c85551588,
p15922066,504137776,31885,,Clarins嬌韻詩煥顏彈力緊塑護膚套組200ml+50ml+50ml,3022,1100,1226,1885,6.5,17,17,55,500022564,23,c85766248,
p15770464,504137777,31885,,CLARINS嬌韻詩花樣年華精華水 200ml,3022,1090,397,610,6.5,5,5,28,500022564,23,c85588808,
p15743038,504137778,31885,,CLARINS嬌韻詩男士煥能保濕面霜 50ml,3022,1093,280,430,6.5,3,3,16,500022564,23,c85556380,
p15891800,504137779,31885,,Clarins嬌韻詩煥顏緊致日夜保養套組(50ML*2),3022,1100,1014,1560,6.5,8,8,28,500022564,23,c85734687,
p15948968,504137780,31885,,Clarins嬌韻詩輕透養膚防曬乳（自然色）50ml,3022,1092,358,550,6.5,5,5,5,500022564,23,c85794210,
p15886462,504137781,31885,,Clarins嬌韻詩煥顏緊致彈力日霜（滋潤型）50ML,3022,1093,516,860,6.0,5,5,16,500022564,23,c85727419,
p15875971,504137782,31885,,CLARINS嬌韻詩舒潤保濕泡沫潔面乳125ml,3022,1088,182,280,6.5,6,6,22,500022564,23,c85715417,
p15948974,504137783,31885,,Clarins嬌韻詩輕透養膚防曬乳（自然色）雙瓶裝50ml*2,3022,1092,624,960,6.5,6,6,2,500022564,23,c85794000,
p15948956,504137784,31885,,Clarins嬌韻詩勻淨煥白淡斑套裝200ml+50ml+100ml,3022,1100,1105,1700,6.5,3,3,8,500022564,23,c85794197,
p15872187,504137785,31885,,CLARINS嬌韻詩青春賦活透亮精華水 200ml,3022,1090,247,380,6.5,10,10,54,500022564,23,c85708991,
p15742445,504137786,31885,,CLARINS嬌韻詩乳木果保濕身體乳 200ml,3028,2269,280,430,6.5,3,3,17,500022564,23,c85556246,
p15897680,504137787,10101,,Clarins嬌韻詩舒潤磨砂膏50ML,3028,1109,202,310,6.5,4,4,4,500022564,23,c85740993,
p15863597,504137788,31885,,CLARINS嬌韻詩多維塑顏煥采晚霜（滋潤型）50ML,3022,1093,813,1250,6.5,2,2,14,500022564,23,c85698746,
p15865817,504137789,31885,,CLARINS嬌韻詩舒緩化妝水 400ML,3022,1090,286,440,6.5,5,5,16,500022564,23,c85700859,
p15871743,504137790,31885,,CLARINS嬌韻詩淨透化妝水 400ml,3022,1090,286,440,6.5,5,5,15,500022564,23,c85708996,
p15897677,504137791,10101,,Clarins嬌韻詩植物精油芳香沐浴露-200ML,3028,2268,169,260,6.5,3,3,11,500022564,23,c85741236,
p15864631,504137792,31885,,CLARINS嬌韻詩多維塑顏煥采日霜+晚霜套裝50ml*2,3022,1100,1404,2160,6.5,5,5,18,500022564,23,c85697828,
p15885935,504137793,31885,,Clarins嬌韻詩煥顏緊致彈力晚霜50ML,3022,1093,572,880,6.5,3,3,24,500022564,23,c85727528,
p15894223,504137794,31885,,CLARINS MEN-深層磨砂潔面膏125ml,3022,1088,176,270,6.5,6,6,9,500022564,23,c85736808,
p15828766,504137795,31885,,CLARINS嬌韻詩花樣年華身體緊致修形護理霜200ml,3028,2269,514,790,6.5,8,8,27,500022564,23,c85652648,
p16092554,504137796,31885,,CLARINS娇韵诗青春赋活透亮精华水 200ML,3022,1096,247,380,6.5,1,1,6,500022564,23,c85963815,
p16092420,504137797,31885,,CLARINS娇韵诗匀净焕白淡斑柔肤水乳液双件套200ml+100ml,3022,1100,553,850,6.5,1,1,6,500022564,23,c85963302,
p15820485,504137798,31885,,CLARINS嬌韻詩透亮煥白淡斑柔膚霜 50ml,3022,1093,442,680,6.5,1,1,21,500022564,23,c85643055,
p15894221,504137799,31885,,CLARINS嬌韻詩透亮煥白淡斑精華露150ml,3022,1096,423,650,6.5,2,2,8,500022564,23,c85737093,
p15851792,504137800,31885,,CLARINS嬌韻詩多維塑顏煥采晚霜 50ml,3022,1093,813,1250,6.5,2,2,10,500022564,23,c85681458,
p15851790,504137801,31885,,CLARINS嬌韻詩多維塑顏煥采日霜（滋潤型） 50ml,3022,1093,748,1150,6.5,3,3,14,500022564,23,c85681457,
p15885936,504137802,31885,,Clarins嬌韻詩雙萃煥活修護精華-輕盈版50ml,3022,1096,816,1020,8.0,7,7,43,500022564,23,c85727427,
p15793251,504137803,31885,,CLARINS嬌韻詩植萃炙色唇釉套裝7ml*3,3016,2197,416,640,6.5,0,0,36,500022564,23,c85613298,
p15893764,504137804,31885,,CLARINS嬌韻詩透亮煥白淡斑勻淨專研精華 50ML,3022,1096,663,1020,6.5,6,6,31,500022564,23,c85736794,
p15786784,504137805,31885,,CLARINS嬌韻詩花樣年華美頸霜 75ml,3022,1093,702,1080,6.5,1,1,3,500022564,23,c85606451,
p15865828,504137806,31885,,CLARINS嬌韻詩青春賦活日夜保養套組,3022,1100,819,1260,6.5,0,0,18,500022564,23,c85701320,
p15787220,504137807,31885,,CLARINS嬌韻詩男士活力潔面乳 125ml,3022,1088,176,270,6.5,3,3,17,500022564,23,c85606446,
p15893776,504137808,31885,,CLARINS嬌韻詩非凡之水女士香水-100ML,3037,2352,280,430,6.5,2,2,2,500022564,23,c85737092,
p15893775,504137809,31885,,CLARINS嬌韻詩歸根之水女士香水-100ML,3037,2352,280,430,6.5,1,1,2,500022564,23,c85736806,
p15893771,504137810,31885,,CLARINS嬌韻詩活力沐浴露-200ML,3028,2268,169,260,6.5,2,2,7,500022564,23,c85737089,
p15868251,504137811,31885,,CLARINS嬌韻詩沁潤奇肌保濕唇膏 15ML,3022,1098,156,240,6.5,3,3,20,500022564,23,c85703787,
p15948961,504137812,31885,,Clarins嬌韻詩勻淨煥白淡斑乳液100ml,3022,1091,377,580,6.5,3,3,5,500022564,23,c85793989,
p16081896,504137813,31885,,Clarins嬌韻詩保濕化妝水 400ML,3022,1090,286,440,6.5,0,0,6,500022564,23,c85952855,
p15893773,504137814,31885,,CLARINS嬌韻詩凝亮護唇油-10週年版7ml,3016,2195,156,240,6.5,0,0,19,500022564,23,c85736802,
p15770460,504137815,31885,,CLARINS嬌韻詩植萃凝亮護唇油 10 7ml,3016,2197,156,240,6.5,2,2,1,500022564,23,c85588803,
p15820710,504137816,31885,,CLARINS嬌韻詩男士須後舒緩爽膚水 100ml,3022,1090,208,320,6.5,1,1,9,500022564,23,c85643049,
p15913053,504137817,31885,,Clarins嬌韻詩瞬效豐盈唇蜜雙支裝12ml*2  (05+06),3016,2197,234,360,6.5,2,2,1,500022564,23,c85756678,
p15851480,504137818,31885,,CLARINS嬌韻詩沁潤奇肌保濕修護面膜 75ml,3022,1097,273,420,6.5,0,0,17,500022564,23,c85681453,
p15883540,504137819,31885,,Clarins嬌韻詩柔滑身體磨砂膏200ML,3028,1109,286,440,6.5,4,4,9,500022564,23,c85724582,
p15872190,504137820,31885,,CLARINS嬌韻詩多維塑顏煥采日霜 50ml,3022,1093,748,1150,6.5,0,0,5,500022564,23,c85709402,
p15820715,504137821,31885,,CLARINS嬌韻詩沁潤奇肌保濕滋潤面霜 50ml,3022,1093,332,510,6.5,4,4,27,500022564,23,c85643054,
p15886463,504137822,31885,,Clarins嬌韻詩瑩亮身體精華乳200ML,3022,1091,403,620,6.5,1,1,7,500022564,23,c85727420,
p15949224,504137823,31885,,Clarins嬌韻詩輕透養膚防曬乳（潤粉色）雙瓶裝50ml*2,3022,1092,624,960,6.5,3,3,29,500022564,23,c85793987,
p16092558,504137824,31885,,CLARINS娇韵诗植萃盈润护唇油双支装（#03、#09）,3022,1098,280,430,6.5,0,0,3,500022564,23,c85963303,
p16081894,504137825,31885,,Clarins嬌韻詩淨澈泡沫潔面乳 125ML,3022,1088,182,280,6.5,1,1,1,500022564,23,c85952854,
p16082388,504137826,31885,,Clarins嬌韻詩保濕化妝水 200ML,3022,1090,182,280,6.5,1,1,1,500022564,23,c85952857,
p15820478,504137827,31885,,CLARINS嬌韻詩沁潤奇肌保濕輕盈面霜 50ml,3022,1093,332,510,6.5,7,7,39,500022564,23,c85642761,
p15865820,504137828,31885,,CLARINS嬌韻詩緊致輕盈身體精華露,3028,2269,403,620,6.5,9,9,53,500022564,23,,
p15736281,504137829,31885,,CLARINS嬌韻詩男士煥能保濕凝露套裝50ml*2,3022,1091,488,750,6.5,0,0,27,500022564,23,c85548390,
p15885933,504137830,31885,,Clarins嬌韻詩煥顏緊致彈力晚霜（滋潤型）50ML,3022,1093,572,880,6.5,8,8,27,500022564,23,c85727527,
p15793258,504137831,31885,,CLARINS嬌韻詩柔潤乳 75ml,3022,1091,371,570,6.5,1,1,16,500022564,23,c85613305,
p15901184,504137832,10101,,Clarins嬌韻詩絲滑養膚妝前底霜-SPF30,3021,2222,247,380,6.5,0,0,3,500022564,23,c85744668,
p15922065,504137833,31885,,Clarins嬌韻詩瑩亮絲滑身體精華露雙瓶裝,3028,2269,686,1055,6.5,0,0,12,500022564,23,c85766246,
p15871744,504137834,31885,,CLARINS嬌韻詩淨透化妝水 200ml,3022,1090,182,280,6.5,3,3,10,500022564,23,c85709405,
p15875984,504137835,31885,,CLARINS嬌韻詩去角質潔面 125ml,3022,1088,189,290,6.5,1,1,19,500022564,23,c85715635,
p15894222,504137836,31885,,CLARINS嬌韻詩保濕煥采磨砂膏50ml,3028,1109,202,310,6.5,2,2,5,500022564,23,c85736807,
p15886468,504137837,31885,,Clarins嬌韻詩煥顏緊致彈力晚霜（滋潤型）-補充裝）50ML,3022,1093,455,700,6.5,1,1,12,500022564,23,c85727424,
p15893769,504137838,31885,,CLARINS嬌韻詩防曬棒SPF50,3022,1092,195,300,6.5,1,1,5,500022564,23,c85736801,
p15865815,504137839,31885,,CLARINS嬌韻詩眼部卸妝水 125ML,3022,2243,169,260,6.5,3,3,41,500022564,23,c85700857,
p16082387,504137840,31885,,Clarins嬌韻詩植物精油潤體乳 200ml,3028,2269,286,440,6.5,1,1,2,500022564,23,c85952856,
p15949233,504137841,31885,,Clarins嬌韻詩輕透養膚防曬乳（潤粉色）50ml,3022,1092,358,550,6.5,4,4,9,500022564,23,c85794208,
p16092556,504137842,31885,,CLARINS娇韵诗紧致焕颜弹力精华水 200ML,3022,1096,306,470,6.5,0,0,6,500022564,23,c85963301,
p15740823,504137843,31885,,CLARINS嬌韻詩撫紋身體乳 175ml,3028,2269,397,610,6.5,3,3,44,500022564,23,c85553391,
p15820713,504137844,31885,,CLARINS嬌韻詩透亮煥白淡斑安瓶精華 8ml*4,3022,1096,624,960,6.5,0,0,26,500022564,23,c85643052,
p15885930,504137845,31885,,Clarins嬌韻詩煥顏緊致彈力乳液100ML,3022,1091,449,690,6.5,3,3,62,500022564,23,c85727423,
p15866265,504137846,31885,,CLARINS嬌韻詩輕透隔離防曬乳（潤粉色） 50ML,3022,1092,390,600,6.5,1,1,35,500022564,23,c85701322,
p15894212,504137847,31885,,CLARINS嬌韻詩男士肌膚必備套組125ml+50ml,3022,1100,397,610,6.5,1,1,9,500022564,23,c85737083,
p15893770,504137848,31885,,CLARINS嬌韻詩防曬身體噴霧SPF50--150ML,3022,1092,195,300,6.5,3,3,11,500022564,23,c85737088,
p15885932,504137849,31885,,Clarins嬌韻詩煥顏緊致彈力日霜-補充裝-50ML,3022,1093,446,685,6.5,0,0,15,500022564,23,c85727526,
p15871742,504137850,31885,,CLARINS嬌韻詩防曬身體乳 150ml,3028,2269,195,300,6.5,3,3,6,500022564,23,c85708995,
p15865827,504137851,31885,,CLARINS嬌韻詩保濕卸妝水 200ML,3022,2243,182,280,6.5,1,1,9,500022564,23,c85700874,
p15921786,504137852,31885,,Clarins嬌韻詩男士煥活神采乳 50ML,3022,1091,358,550,6.5,0,0,2,500022564,23,c85766588,
p15873677,504137853,31885,,CLARINS嬌韻詩新生之美套組100ml+175ml,3022,1100,702,1080,6.5,14,14,39,500022564,23,c85711456,
p15876399,504137854,31885,,CLARINS嬌韻詩溫和煥活泡沫潔面慕斯 150ml,3022,1088,202,310,6.5,0,0,30,500022564,23,c85715423,
p15823800,504137855,31885,,CLARINS嬌韻詩沁潤奇肌保濕水感凝露75ml,3022,1090,332,510,6.5,2,2,4,500022564,23,c85646186,
p15921784,504137856,31885,,Clarins嬌韻詩植物精油芳香海鹽磨砂膏-250ML,3028,1109,286,440,6.5,4,4,5,500022564,23,c85766587,
p15886467,504137857,31885,,Clarins嬌韻詩煥顏緊致彈力晚霜-補充裝）50ML,3022,1093,455,700,6.5,0,0,10,500022564,23,c85727422,
p15894217,504137858,31885,,CLARINS嬌韻詩多維密集提拉眼霜15ml,3039,2813,472,725,6.5,4,4,40,500022564,23,c85737087,
p16082391,504137859,31885,,Clarins嬌韻詩男士抗皺精華 50ML,3022,1096,452,695,6.5,0,0,3,500022564,23,c85952483,
p15949234,504137860,31885,,Clarins嬌韻詩雙萃精華粉底液 L1C,3021,2201,345,530,6.5,0,0,21,500022564,23,c85794209,
p15948970,504137861,31885,,Clarins嬌韻詩勻淨煥白淡斑柔膚水200ml,3022,1090,273,420,6.5,4,4,6,500022564,23,c85793997,
p15743727,504137862,31885,,CLARINS嬌韻詩賦活修護眼部精華露 20ml,3039,2812,441,630,7.0,0,0,100+,500022564,23,c85557092,
p15866266,504137863,31885,,CLARINS嬌韻詩輕透隔離防曬乳（潤粉色） 50ML*2,3022,1092,624,960,6.5,0,0,58,500022564,23,c85700877,
p15825629,504137864,31885,,CLARINS嬌韻詩多重輕盈身體霜-200ML,3028,2269,403,620,6.5,2,2,50,500022564,23,c85648204,
p15770465,504137865,31885,,CLARINS嬌韻詩植萃凝亮護唇油 05 7ml,3016,2197,156,240,6.5,0,0,31,500022564,23,c85588809,
p15868252,504137867,31885,,CLARINS嬌韻詩雙萃煥活組合,3022,1100,1200,1500,8.0,0,0,43,500022564,23,c85704245,
p15871741,504137868,31885,,CLARINS嬌韻詩保濕化妝水 200ml,3022,1090,182,280,6.5,0,0,19,500022564,23,c85708994,
p15872189,504137869,31885,,CLARINS嬌韻詩舒緩化妝水 200ML,3022,1090,182,280,6.5,0,0,24,500022564,23,c85709401,
p15792905,504137870,31885,,CLARINS嬌韻詩生緊致滋潤身體護理霜 200ml,3028,2269,397,610,6.5,0,0,26,500022564,23,c85613299,
p15770463,504137871,31885,,CLARINS嬌韻詩植萃凝亮護唇油 01 7ml,3016,2197,156,240,6.5,0,0,45,500022564,23,c85588807,
p15740334,504137872,31885,,CLARINS嬌韻詩纖挺美胸凝露 50ml,3028,1115,403,620,6.5,0,0,12,500022564,23,c85553377,
p15873678,504137873,31885,,CLARINS嬌韻詩保濕溫和泡沫潔面乳-普通至幹性皮膚125ml,3022,1088,182,280,6.5,5,5,33,500022564,23,c85711457,
p15825596,504137874,31885,,CLARINS嬌韻詩沁潤奇肌保濕清爽凝露-75ML,3022,1093,332,510,6.5,5,5,8,500022564,23,c85648139,
p15770461,504137875,31885,,CLARINS嬌韻詩植萃凝亮護唇油 07 7ml,3016,2197,156,240,6.5,0,0,9,500022564,23,c85588804,
p15880961,504137876,31885,,CLARINS嬌韻詩淨膚卸妝油-150ML,3022,2243,215,330,6.5,0,0,11,500022564,23,c85722159,
p15770923,504137877,31885,,CLARINS嬌韻詩植萃凝亮護唇油 03 7ml,3016,2197,156,240,6.5,0,0,17,500022564,23,c85588452,
p15740806,504137878,31885,,CLARINS嬌韻詩美胸緊實乳 50ml,3028,1115,403,620,6.5,0,0,10,500022564,23,c85552999,
p15792913,504137879,31885,,CLARINS 嬌韻詩美胸豐盈乳 50ml,3028,1115,403,620,6.5,0,0,27,500022564,23,c85612769,
p15741163,504137880,31885,,CLARINS嬌韻詩煥顏彈力頸霜 75ml,3028,2269,494,760,6.5,0,0,26,500022564,23,c85553918,
p15872191,504137881,31885,,CLARINS嬌韻詩青春賦活煥采乳液 100ml,3022,1091,358,550,6.5,3,3,14,500022564,23,c85709403,
p15825219,504137882,31885,,CLARINS嬌韻詩天然調和身體護理油-100ML,3028,2272,384,590,6.5,18,18,83,500022564,23,c85647729,
p15893772,504137883,31885,,CLARINS嬌韻詩花園之水女士香水-100ML,3037,2352,280,430,6.5,0,0,2,500022564,23,c85737090,
p15786793,504137884,31885,,CLARINS嬌韻詩煥顏平滑眼霜 15ml,3039,2813,371,570,6.5,0,0,28,500022564,23,c85605976,
p15876394,504137885,31885,,CLARINS嬌韻詩沁潤奇肌保濕舒緩精華 30ml,3022,1096,345,530,6.5,5,5,21,500022564,23,c85715418,
p15922064,504137887,31885,,Clarins嬌韻詩長效定妝噴霧,3021,2214,189,290,6.5,0,0,8,500022564,23,c85766245,
p15872192,504137888,31885,,CLARINS嬌韻詩保濕化妝水 400ml,3022,1090,286,440,6.5,0,0,11,500022564,23,c85709406,
p15875974,504137889,31885,,CLARINS嬌韻詩立體塑顏精華露 50ml,3022,1096,481,740,6.5,0,0,15,500022564,23,c85715626,
p15770922,504137890,31885,,CLARINS嬌韻詩植萃凝亮護唇油 06 7ml,3016,2197,156,240,6.5,0,0,3,500022564,23,c85588802,
p15865821,504137891,31885,,CLARINS嬌韻詩緊致煥顏彈力精華水200ml,3022,1090,306,470,6.5,33,33,93,500022564,23,c85700866,
p15884049,504137892,31885,,Clarins嬌韻詩透亮煥白淡斑套裝(50ML + 200ML + 75ML),3022,1100,1086,1670,6.5,0,0,4,500022564,23,c85724580,
p15742148,504137893,31885,,CLARINS嬌韻詩V型面膜 75ml,3022,1097,319,490,6.5,0,0,12,500022564,23,c85554949,
p15886470,504137894,31885,,Clarins嬌韻詩煥顏緊致彈力保養套組200ML + 50ML + 50ML,3022,1100,1226,1885,6.5,0,0,18,500022564,23,c85727529,
p15743607,504137895,31885,,CLARINS嬌韻詩立體塑顏精華露 100ml,3022,1096,741,1140,6.5,0,0,22,500022564,23,c85556459,
p15921787,504137896,31885,,Clarins嬌韻詩煥采塑顏冰感面膜 75ML,3022,1097,416,640,6.5,3,3,7,500022564,23,c85766590,
p15949237,504137898,31885,,Clarins嬌韻詩雙萃精華粉底液 L2C,3021,2201,345,530,6.5,0,0,13,500022564,23,c85794215,
p15948967,504137899,31885,,Clarins嬌韻詩雙萃精華粉底液 L3N,3021,2201,345,530,6.5,0,0,11,500022564,23,c85793996,
p15948975,504137900,31885,,Clarins嬌韻詩雙萃精華粉底液 L2W,3021,2201,345,530,6.5,0,0,7,500022564,23,c85794216,
p16092555,504137902,31885,,CLARINS娇韵诗美胸紧实盈润凝露50ML,3028,2269,423,650,6.5,0,0,5,500022564,23,c85963816,
p15741583,504137904,10134,,GUCCI  古馳罪愛女士濃香水,3037,2352,676,1040,6.5,2,2,55,500022564,23,,
p16069831,504137905,10134,,Gucci古馳花悅套組30ml+30ml,3037,1145,975,1500,6.5,1,1,1,500022564,23,c85937851,
p15949063,504137906,10134,,Gucci古馳花悅詩意女士香水50ML,3037,2352,702,1080,6.5,1,1,,500022564,23,c85794054,
p15949065,504137907,10134,,Gucci古馳花悅詩意女士香水100ML,3037,2352,975,1500,6.5,2,2,1,500022564,23,c85793819,
p16092329,504137908,10134,,Gucci古馳光澤唇膏122,3016,2195,254,390,6.5,1,1,1,500022564,23,c85963211,
p16091957,504137909,10134,,Gucci古馳光澤唇膏130,3016,2195,254,390,6.5,1,1,1,500022564,23,c85963716,
p16094865,504137910,10134,,Gucci古馳花之舞女性香氛禮物套裝100ml+10ml,3037,1145,1027,1580,6.5,1,1,,500022564,23,c85966184,
p16070191,504137911,10134,,Gucci古馳水漾唇蜜129 Paula Maple 6.5ml,3016,2197,228,350,6.5,1,1,1,500022564,23,c85937394,
p16069828,504137912,10134,,Gucci古馳水漾唇蜜308 Lucy Dark Orange 6.5ml,3016,2197,228,350,6.5,2,2,1,500022564,23,c85937849,
p16091953,504137913,10134,,Gucci古馳傾色水漾唇蜜226 6.5ml,3016,2197,228,350,6.5,1,1,2,500022564,23,c85963210,
p16092333,504137914,10134,,Gucci古馳傾色水漾唇蜜225 6.5ml,3016,2197,228,350,6.5,1,1,,500022564,23,c85963217,
p16092334,504137915,10134,,Gucci古馳傾色水漾唇蜜415 6.5ml,3016,2197,228,350,6.5,1,1,,500022564,23,c85963718,
p16069843,504137916,10134,,Gucci古馳罪愛男士淡香水雙支套裝50ml*2,3037,2351,670,1030,6.5,1,1,1,500022564,23,c85937411,
p15742820,504137917,10134,,GUCCI 古馳罪愛酷淡香水 90ml,3037,2352,806,1240,6.5,1,1,3,500022564,23,c85555649,
p15740799,504137918,10134,,GUCCI 古馳唇筆,3016,2196,156,240,6.5,2,2,11,500022564,23,,
p15828386,504137919,10134,,GUCCI古馳絲緞唇膏3.5g,3016,2195,234,390,6.0,3,3,9,500022564,23,,
p16094864,504137920,10134,,Gucci古馳女性香氛迷你套裝5ml+5ml+5ml+5ml,3037,1145,390,600,6.5,1,1,2,500022564,23,c85966181,
p16070202,504137921,10134,,Gucci古馳水漾唇蜜509 Rosso Ancora 6.5ml,3016,2197,228,350,6.5,1,1,2,500022564,23,c85937410,
p16070192,504137922,10134,,Gucci古馳水漾唇蜜130 Elsa Hazel 6.5ml,3016,2197,228,350,6.5,1,1,3,500022564,23,c85937848,
p16070203,504137923,10134,,Gucci古馳水漾唇蜜217 Valeria Rose 6.5ml,3016,2197,228,350,6.5,1,1,3,500022564,23,c85937412,
p15743641,504137924,10134,,古馳自由寫意防水眉筆 0.12g,3038,2207,228,380,6.0,2,2,14,500022564,23,,
p15889831,504137925,31851,,Chloe蔻依仙境花園系列HOME-LINE-蔻依煙雨茉莉香氛沐浴露300 ML,3028,2268,280,430,6.5,2,2,39,500022564,23,c85731944,
p15889839,504137926,31851,,Chloe蔻依仙境花園系列木蘭詩語固體香膏3g,3028,2268,312,480,6.5,1,1,20,500022564,23,c85731952,
p15919494,504137927,31851,,Chloe蔻依仙境花園系列夜綻花系列香氛-子時芳橙150ml,3037,3204,1320,2030,6.5,0,0,2,500022564,23,c85763456,
p16070190,504137928,31851,,Chloe蔻依地中海假日系列香氛-松影之下,3037,3204,719,1105,6.5,0,0,3,500022564,23,c85937393,
p15844738,504137929,10215,,sisley希思黎全能乳液 125ml,3022,1091,1352,2080,6.5,36,36,95,500022564,23,c85673001,
p15947699,504137930,10215,,Sisley希思黎男士賦活抗皺控油精華乳 50ML,3022,1096,1540,2200,7.0,1,1,1,500022564,23,c85792723,
p15947698,504137931,10215,,Sisley希思黎水潤美肌修顏乳-0.5 40ml,3021,2219,630,900,7.0,0,0,3,500022564,23,c85792722,
p15948004,504137932,10215,,Sisley希思黎賦活聚水保濕套裝40ml+15ml+10ml+5ml,3022,1100,1344,2000,6.7,1,1,1,500022564,23,c85792435,
p15948002,504137933,10215,,Sisley希思黎男士賦活淨澈潔面啫喱 125ML,3022,1088,525,750,7.0,1,1,,500022564,23,c85792726,
p15741568,504137934,10215,,sisley希思黎魅惑口紅,3016,2195,273,390,7.0,1,1,3,500022564,23,,
p16082389,504137935,10215,,Sisley希思黎黑玫瑰彈潤水光精粹 30ml,3022,1096,1287,1980,6.5,0,0,4,500022564,23,c85952858,
p15921194,504137936,10215,,Sisley希思黎植物舒緩修護精華乳 40ML,3022,1096,975,1500,6.5,0,0,3,500022564,23,c85765703,
p15943249,504137937,10215,,Sisley希思黎抗皺修活臻顏套裝,3022,1100,2587,3980,6.5,0,0,,500022564,23,c85788148,
p15921820,504137938,10215,,Sisley 希思黎日間防護精華乳套裝,3022,1100,2100,3000,7.0,0,0,3,500022564,23,c85766632,
p15738671,504137939,10215,,sisley希思黎潤膚營養泡沫清潔霜 85g,3022,1088,468,720,6.5,0,0,5,500022564,23,c85551105,
p15742020,504137940,10215,,sisley希思黎瞬采亮肌面膜 60ml,3022,1097,637,980,6.5,0,0,1,500022564,23,c85555329,
p15740441,504137941,10215,,sisley希思黎睛采眼部遮瑕筆 15ml,3021,2220,507,820,6.2,0,0,8,500022564,23,,
p15898287,504137942,21280,,CPB肌膚之鑰精萃化妝棉 II,3012,3145,62,95,6.5,137,137,600+,500022564,23,c85741377,
p15739948,504137943,31886,,CPB 肌膚之鑰淨采潔面膏（濕潤型） 125ml,3022,1088,312,480,6.5,0,0,700+,500022564,23,c85551941,
p15820487,504137944,31886,,CPB肌膚之鑰防曬乳霜50ml（版）,3022,1092,520,800,6.5,26,26,300+,500022564,23,c85642768,
p15884964,504137945,31886,,CPB肌膚之鑰蜜粉餅5g,3021,2214,553,850,6.5,7,7,200+,500022564,23,c85726519,
p15736088,504137946,31886,,CPB 肌膚之鑰集中護理面膜組 6片,3022,1097,715,1100,6.5,24,24,200+,500022564,23,c85548196,
p15739648,504137947,31886,,CPB肌膚之鑰光紗柔霧蜜粉撲,3012,3143,65,100,6.5,14,14,400+,500022564,23,c85551638,
p15865493,504137948,31886,,CPB肌膚之鑰光潤凝萃氣墊精華水粉底盒（適用方形粉芯）,3012,3145,150,230,6.5,22,22,200+,500022564,23,c85700431,
p15735450,504137949,31886,,CPB肌膚之鑰奢謎馥純菁華油 75ML,3022,1096,715,1100,6.5,2,2,400+,500022564,23,c85547727,
p15865842,504137950,31886,,CPB肌膚之鑰光盈粉餅（粉芯）Ⅱ,3021,2214,488,750,6.5,26,26,400+,500022564,23,,
p15897814,504137951,21280,,CPB肌膚之鑰光采煥顏精華水 濕潤型 170ml,3022,1096,663,1020,6.5,13,13,200+,500022564,23,c85741652,
p15872528,504137952,31886,,CLE DE PEAU BEAUTE肌膚之鑰晶致煥采精華露50ML,3022,1096,1352,2080,6.5,10,10,100+,500022564,23,c85710207,
p15865834,504137953,31886,,CPB肌膚之鑰海綿 （光盈粉餅Ⅱ）,3012,3145,33,50,6.6,31,31,300+,500022564,23,c85701329,
p15896326,504137955,21280,,CPB肌膚之鑰精萃光采眼唇卸妝液170ml,3022,2243,247,380,6.5,15,15,79,500022564,23,c85739302,
p15739470,504137956,31886,,CPB 肌膚之鑰淨采潔面膏（清爽型） 125ml,3022,1088,312,480,6.5,16,16,200+,500022564,23,c85552391,
p15865838,504137957,31886,,CPB肌膚之鑰粉餅盒 （光盈粉餅Ⅱ）,3012,3145,143,220,6.5,3,3,200+,500022564,23,c85701334,
p15742828,504137958,31886,,CPB肌膚之鑰隱飾毛孔妝前乳 38ml（柔霧）,3021,2222,325,500,6.5,1,1,200+,500022564,23,c85556128,
p15889096,504137959,31886,,CPB肌膚之鑰24K黃金精華40ml,3022,1096,1235,1900,6.5,21,21,58,500022564,23,c85730730,
p15864421,504137960,31886,,CPB肌膚之鑰緊致禦紋精華眼霜-15ML,3039,2813,1365,2100,6.5,0,0,100+,500022564,23,c85699914,
p15859798,504137961,31886,,CPB肌膚之鑰光柔水凝氣墊精華粉底膏盒（適用圓形粉芯）,3012,3145,150,230,6.5,11,11,82,500022564,23,c85693192,
p15897819,504137962,31886,,CPB肌膚之鑰光采蜜粉M1 Light  24g,3021,2214,637,980,6.5,3,3,100+,500022564,23,c85741383,
p15764818,504137963,31886,,CPB肌膚之鑰光透白煥采妝前乳 30ml,3021,2222,325,500,6.5,2,2,300+,500022564,23,c85580342,
p15764375,504137964,31886,,CPB肌膚之鑰瑩采豐潤唇膏 Neutral Pink 2.8g,3016,2195,215,330,6.5,3,3,95,500022564,23,c85580532,
p15743614,504137965,31886,,CPB肌膚之鑰鑽光柔亮粉底液 O10號35ml,3021,2201,683,1050,6.5,0,0,100+,500022564,23,c85556467,
p15897818,504137966,21280,,CPB肌膚之鑰基礎保養精華霜套裝170ml+50ml+50ml,3022,1100,1999,3075,6.5,9,9,22,500022564,23,c85741382,
p15738969,504137967,31886,,CPB 肌膚之鑰瑩采豐潤唇膏 2.8g,3022,1098,215,330,6.5,18,18,200+,500022564,23,,
p15792890,504137968,31886,,CPB肌膚之鑰無瑕遮瑕膏5g,3021,2220,358,550,6.5,2,2,200+,500022564,23,,
p15738904,504137969,31886,,CPB 肌膚之鑰唇部精華乳 15ml,3022,1098,423,650,6.5,8,8,59,500022564,23,c85550889,
p15739481,504137970,31886,,CPB 肌膚之鑰光緞盈潤粉霜 O20 21ml,3021,2201,683,1050,6.5,5,5,100+,500022564,23,c85551940,
p15740462,504137971,31886,,CPB肌膚之鑰CPB光盈柔霧粉底液 O10 35ml,3021,2201,683,1050,6.5,0,0,100+,500022564,23,c85554072,
p15849346,504137972,31886,,CPB肌膚之鑰金致乳霜-50ML,3022,1093,3900,6000,6.5,8,8,45,500022564,23,c85679123,
p15739471,504137973,31886,,CPB 肌膚之鑰光緞盈潤粉霜 O10 21ml,3021,2201,683,1050,6.5,0,0,200+,500022564,23,c85552392,
p15743546,504137974,31886,,CPB肌膚之鑰鑽光柔亮粉底液 I10 號35ml,3021,2201,683,1050,6.5,0,0,100+,500022564,23,c85555871,
p15898291,504137975,21280,,CPB肌膚之鑰基礎保養精華乳套裝170ml+125ml+125ml,3022,1100,1934,2975,6.5,6,6,43,500022564,23,c85741654,
p15859408,504137976,31886,,CPB肌膚之鑰光柔水凝氣墊精華粉底膏 14G（替換芯）,3021,2201,371,570,6.5,1,1,100+,500022564,23,,
p15828357,504137977,31886,,CPB肌膚之鑰立體緊顏精華乳-N-40ml,3022,1091,1495,2300,6.5,6,6,95,500022564,23,c85652631,
p15797269,504137978,31886,,CPB肌膚之鑰淨采潔顏油 200ml,3022,1088,311,480,6.5,9,9,200+,500022564,23,c85617427,
p16096615,504137979,31886,,CPB肌膚之鑰光采護膚乳液+眼霜套裝175ml+125ml+125ml+15ml,3022,1100,2987,4595,6.5,15,15,6,500022564,23,c85967913,
p16096614,504137980,31886,,CPB肌膚之鑰基礎護理修護霜及緊致禦紋精華眼霜套裝170ml+50ml+50ml+15ml,3022,1100,3049,4690,6.5,8,8,15,500022564,23,c85967912,
p15897822,504137981,21280,,CPB肌膚之鑰光采煥顏防護日乳 125ml,3022,1091,709,1090,6.5,3,3,29,500022564,23,c85741386,
p15893120,504137982,31886,,CPB肌膚之鑰光顏粉蜜撲,3012,3143,39,60,6.5,7,7,81,500022564,23,c85735536,
p15820013,504137983,31886,,CPB肌膚之鑰亮采柔膚粉-17-10G,3021,2214,520,800,6.5,0,0,74,500022564,23,c85642082,
p15898292,504137984,21280,,CPB肌膚之鑰光采緊致防護日霜 50ml,3022,1093,741,1140,6.5,5,5,28,500022564,23,c85741387,
p15869855,504137985,31886,,CPB肌膚之鑰光透白密集煥采精華液-40ML,3022,1096,910,1400,6.5,8,8,79,500022564,23,c85707226,
p15876841,504137986,31886,,CPB肌膚之鑰晶致煥采精華露 100ML,3022,1096,2288,3520,6.5,17,17,94,500022564,23,c85716595,
p15866273,504137987,31886,,CPB肌膚之鑰光盈粉餅刷,3012,2278,117,180,6.5,12,12,200+,500022564,23,c85701328,
p15737707,504137988,31886,,CPB肌膚之鑰光透白密集奢護面膜6片,3022,1097,553,850,6.5,0,0,100+,500022564,23,c85550120,
p15898288,504137989,21280,,CPB肌膚之鑰精萃光采修護精華乳 II 125ml,3022,1096,780,1200,6.5,3,3,27,500022564,23,c85741380,
p15898293,504137990,21280,,CPB肌膚之鑰光采煥顏精華水 清爽型	170ml,3022,1096,663,1020,6.5,4,4,38,500022564,23,c85741388,
p15740113,504137991,31886,,CPB肌膚之鑰光透水漾妝前乳 30ml,3021,2222,325,500,6.5,7,7,100+,500022564,23,c85553036,
p15859406,504137992,31886,,CPB肌膚之鑰晶致潤耀粉霜 28ML,3021,2201,1495,2300,6.5,0,0,200+,500022564,23,,
p15947700,504137993,31886,,CPB光采日常及逆齡防曬套裝170ml+125ml+50ml,3022,1100,1700,2615,6.5,8,8,11,500022564,23,c85792724,
p15897821,504137994,21280,,CPB肌膚之鑰精萃光采系列精華乳套裝170ml+125ml+125ml+50ml,3022,1100,2977,4580,6.5,1,1,7,500022564,23,c85741385,
p15742165,504137995,31886,,CPB 肌膚之鑰光盈柔霧粉底液O20 35ml,3021,2201,683,1050,6.5,0,0,22,500022564,23,c85554963,
p15865831,504137996,31886,,CPB肌膚之鑰光潤凝萃氣墊精華水粉底I10 15G（替換芯）,3021,2201,371,570,6.5,0,0,200+,500022564,23,c85700876,
p15738392,504137997,31886,,CPB肌膚之鑰鑽光柔亮粉底液 B10號35ml,3021,2201,683,1050,6.5,2,2,10,500022564,23,c85550791,
p15737813,504137999,31886,,CPB 肌膚之鑰光緞盈潤粉霜 B00 21ml,3021,2201,683,1050,6.5,2,2,18,500022564,23,c85550222,
p15739573,504138001,31886,,CPB 肌膚之鑰黃金面膜 75ml,3022,1097,1495,2300,6.5,6,6,48,500022564,23,c85551546,
p15897820,504138002,21280,,CPB肌膚之鑰精萃光采修護精華霜 II 50ml,3022,1096,819,1260,6.5,7,7,28,500022564,23,c85741655,
p15737426,504138003,31886,,CPB 肌膚之鑰琉金漾采唇膏 213 Playful pink 4g,3016,2195,312,480,6.5,1,1,6,500022564,23,c85550202,
p15742902,504138004,31886,,CPB 肌膚之鑰琉金柔霧唇膏 113號 4g,3016,2195,312,480,6.5,0,0,7,500022564,23,c85555745,
p16096613,504138005,31886,,CPB肌膚之鑰光采煥顏系列霜套裝50ml+170ml+125ml+125ml,3022,1100,3039,4675,6.5,11,11,11,500022564,23,c85967911,
p16082390,504138006,31886,,CPB肌膚之鑰奢耀煥亮精華 S 2 號,3022,1096,1690,2600,6.5,0,0,9,500022564,23,c85952482,
p15742398,504138007,31886,,CPB 肌膚之鑰琉金光緞唇膏 5 4g,3016,2195,312,480,6.5,0,0,11,500022564,23,c85555710,
p15738734,504138009,31886,,CPB 肌膚之鑰光潤柔亮粉底液 B00 35ml,3021,2201,683,1050,6.5,0,0,14,500022564,23,c85550723,
p15737162,504138010,31886,,CPB 肌膚之鑰琉金光緞唇膏 16 #  Erysimum 4g,3016,2195,312,480,6.5,2,2,7,500022564,23,c85548975,
p15915112,504138011,31886,,CPB肌膚之鑰奢潤唇膏-霧絨-124,3016,2195,312,480,6.5,0,0,2,500022564,23,c85759020,
p15743128,504138012,31886,,CPB 肌膚之鑰琉金光緞唇膏 19號4g,3016,2195,312,480,6.5,1,1,3,500022564,23,c85556501,
p15897815,504138013,21280,,CPB肌膚之鑰奢潤唇膏 經典 28,3022,1098,312,480,6.5,1,1,1,500022564,23,c85741378,
p15897816,504138014,21280,,CPB肌膚之鑰奢潤唇膏 經典 27,3022,1098,312,480,6.5,1,1,1,500022564,23,c85741379,
p15898290,504138015,21280,,CPB肌膚之鑰奢潤唇膏 霧絨 123,3022,1098,312,480,6.5,1,1,1,500022564,23,c85741384,
p15743810,504138016,31886,,CPB 肌膚之鑰琉金漾采唇膏 216號4g,3016,2195,312,480,6.5,1,1,5,500022564,23,c85556696,
p15874423,504138018,31886,,CLE DE PEAU BEAUTE肌膚之鑰立體充盈面霜-50ML,3022,1093,1885,2900,6.5,0,0,31,500022564,23,c85712437,
p15839637,504138019,31886,,CPB肌膚之鑰撫紋抗皺精華乳 20ml,3022,1096,1495,2300,6.5,0,0,29,500022564,23,c85665920,
p15764503,504138020,31886,,CPB肌膚之鑰耀白煥亮淡斑精華乳 40ml,3022,1096,1690,2600,6.5,0,0,31,500022564,23,c85580032,
p15884161,504138021,31886,,CPB肌膚之鑰光柔水凝氣墊精華粉底膏-O20-14G,3021,2201,371,570,6.5,0,0,38,500022564,23,c85725050,
p15738394,504138022,31886,,CPB肌膚之鑰鑽光柔亮粉底液 O20 號 35ml,3021,2201,683,1050,6.5,0,0,93,500022564,23,c85550797,
p15865487,504138023,31886,,CPB肌膚之鑰光潤凝萃氣墊精華水粉底-O20-15G（替換芯）,3021,2201,371,570,6.5,0,0,61,500022564,23,c85700417,
p15865833,504138024,31886,,CPB肌膚之鑰光潤凝萃氣墊精華水粉底 O10 15G（替換芯）,3021,2201,371,570,6.5,0,0,100+,500022564,23,c85700879,
p15881357,504138025,31886,,CLE DE PEAU BEAUTE肌膚之鑰光柔水凝氣墊精華粉底膏 O10 14g,3021,2214,371,570,6.5,2,2,78,500022564,23,c85722038,
p16071736,504138026,13105,,FRESH馥蕾詩紅茶酵母酵萃防護乳 50ml,3022,1091,306,470,6.5,3,3,2,500022564,23,c85939786,
p15946962,504138027,30992,,BY KILIAN凱凱利護手霜（聖木香型）50ML,3028,2264,305,435,7.0,0,0,1,500022564,23,c85792194,
p15947330,504138028,30992,,BY KILIAN凱凱利安玫瑰殿下-香型,3037,3204,1582,2260,7.0,0,0,1,500022564,23,c85792249,
p15828387,504138029,30992,,By Kilian 凱利安香水-蘋果白蘭地-100ml,3037,2352,1764,2520,7.0,0,0,6,500022564,23,c85652661,
p15846151,504138030,31873,,Elegance粉撲(精巧便攜裝)1pcs,3012,3143,28,35,8.0,36,36,400+,500022564,23,c85674712,
p15846566,504138031,31873,,Elegance持久剔透防曬調色乳30g,3021,2222,266,380,7.0,0,0,600+,500022564,23,,
p15863601,504138032,31873,,ELEGANCE雅莉格絲極致定妝蜜粉餅03精巧盒裝版補充裝【每日限購2件】,3021,2214,648,810,8.0,0,0,6,500022564,23,c85698756,
p15846581,504138033,31873,,ALBION健康化妝水 N 165ml,3022,1090,287,410,7.0,6,6,30,500022564,23,c85674722,
p15896323,504138034,31009,,ALBION澳爾濱3D膠原緊緻潔面泡沫,3022,1088,202,310,6.5,0,0,15,500022564,23,c85739519,
p15843589,504138035,31847,,BURBERRY博柏利花與她花漾女士香水 花果香調 88ml,3037,2352,924,1540,6.0,6,6,6,500022564,23,c85670713,
p15742138,504138036,31847,,BURBERRY博柏利鎏光煥彩恒顏粉底液30ml,3021,2201,330,550,6.0,6,6,15,500022564,23,,
p15896075,504138037,31847,,BURBERRY博柏利四色眼影盤05,3038,2217,312,520,6.0,0,0,27,500022564,23,c85738774,
p15743265,504138038,31847,,BURBERRY 博柏利週末男士淡香水50ml/100ml,3037,2351,336,556,6.0,1,1,4,500022564,23,,
p15901186,504138039,10089,,Burberry博柏利卓越持妝煥亮妝前乳30ml,3021,2222,255,490,5.2,1,1,13,500022564,23,c85744674,
p15743292,504138040,31847,,BURBERRY  博伯利駿勇之心男士淡香水 50ml/100ml,3037,2351,420,700,6.0,3,3,14,500022564,23,,
p15797904,504138041,31847,,BURBERRY 博柏利駿勇之心濃香水 50ml,3037,2351,480,800,6.0,2,2,5,500022564,23,c85617937,
p15830193,504138042,31847,,BURBERRY博柏利精緻勾勒蜜粉餅 11g,3021,2214,300,500,6.0,1,1,53,500022564,23,,
p15792882,504138043,31847,,BURBERRY博柏利鎏光煥亮妝前乳 30ml,3021,2222,294,490,6.0,0,0,12,500022564,23,c85613281,
p15742351,504138044,31847,,BURBERRY博柏利鎏光煥彩恒顏氣墊粉底液 14g,3021,2201,312,520,6.0,3,3,34,500022564,23,,
p15948803,504138045,31847,,Burberry博柏利駿勇之心男士-ELIXIR-PARFUM-香水-60ML,3037,2351,762,1270,6.0,1,1,1,500022564,23,c85793817,
p15948804,504138046,31847,,Burberry博柏利花與她濃香水套裝100ml+10ml,3037,1145,990,1650,6.0,0,0,1,500022564,23,c85794053,
p15743274,504138047,31847,,BURBERRY 博柏利我的博柏利花之緋女士濃香水 50mL/90ml,3037,2352,924,1070,8.6,1,1,6,500022564,23,,
p15871552,504138048,31847,,BURBERRY博柏利卓越持妝遮瑕液8ml,3021,2220,189,315,6.0,3,3,12,500022564,23,,
p15741080,504138049,31847,,BURBERRY博柏利我的博柏利女士濃香水EDP 50ml/90ml,3037,2352,924,995,9.3,1,1,4,500022564,23,,
p15809821,504138050,31847,,BURBERRY博柏利卓越持妝柔霧粉底液 30ml,3021,2201,324,540,6.0,2,2,59,500022564,23,,
p15840169,504138051,31847,,BURBERRY博柏利卓越持妝柔霧粉底液N20 30ml,3021,2201,324,540,6.0,0,0,12,500022564,23,c85667369,
p15828291,504138052,31847,,BURBERRY 博柏利女神濃香水,3037,2352,654,1090,6.0,2,2,11,500022564,23,,
p15878320,504138053,31847,,Burberry博柏利女士第-7-款淡香氛50ML,3037,2352,702,1170,6.0,2,2,2,500022564,23,c85717808,
p15741602,504138054,31847,,BURBERRY 博柏利倫敦男士淡香水100ml,3037,2351,468,780,6.0,1,1,1,500022564,23,c85553879,
p15889835,504138055,31847,,Burberry博柏利之吻倫敦臻霧啞光唇釉02 Cream Tea 6 ML,3016,2197,204,340,6.0,1,1,3,500022564,23,c85731946,
p15846927,504138056,31847,,BURBERRY博柏利英雄男士淡香水-50ML,3037,2351,582,970,6.0,1,1,2,500022564,23,c85675421,
p15743792,504138057,31847,,BURBERRY博柏利週末女士濃香水 50ml/100ml,3037,2352,480,713,6.7,1,1,5,500022564,23,,
p15848019,504138058,31847,,BURBERRY博柏利英雄男士香精-100ML,3037,2351,822,1370,6.0,0,0,1,500022564,23,c85676722,
p15946811,504138059,31847,,Burberry博柏利英雄套装100ml+75ml,3037,1145,582,970,6.0,1,1,,500022564,23,c85791824,
p15949062,504138060,31847,,Burberry博柏利之吻倫敦臻霧啞光唇釉81 6ml,3016,2197,204,340,6.0,1,1,,500022564,23,c85794052,
p15740446,504138061,31847,,BURBERRY博柏利她濃香水 EDP 50ML/100ML,3037,2352,624,1040,6.0,2,2,5,500022564,23,,
p15865188,504138062,31847,,BURBERRY博柏利卓越持妝柔霧氣墊粉底液,3021,2201,327,545,6.0,1,1,6,500022564,23,,
p15890282,504138063,31847,,Burberry博柏利之吻倫敦臻霧啞光唇釉36 Chai 6 ML,3016,2197,204,340,6.0,1,1,4,500022564,23,c85732355,
p15878313,504138064,31847,,Burberry博柏利女神馥鬱香水100ml,3037,2352,996,1660,6.0,1,1,1,500022564,23,c85717803,
p15740399,504138065,31847,,BURBERRY 博柏利花與她 逐夢倫敦濃香水 50ml/100ml,3037,2352,924,1040,8.9,1,1,4,500022564,23,,
p15858207,504138066,31847,,BURBERRY博柏利之吻專屬標識絨霧啞光唇膏 3.3G,3016,2195,192,320,6.0,4,4,8,500022564,23,,
p15743148,504138067,31847,,BURBERRY博柏利我的博柏利女士黑色香精 90ml,3037,2352,924,1540,6.0,1,1,4,500022564,23,c85557022,
p15887953,504138068,31847,,Burberry博柏利卓越持妝柔霧氣墊粉底液W10,3021,2201,324,540,6.0,0,0,4,500022564,23,c85730460,
p15883304,504138069,31847,,Burberry博柏利英倫小姐水漾唇膏603,3016,2195,192,320,6.0,3,3,4,500022564,23,c85724076,
p15788477,504138070,31885,,CLARINS 嬌韻詩緞光水漾精華粉底液-103-30ML,3021,2201,267,410,6.5,1,1,18,500022564,23,c85607894,
p15874632,504138071,31885,,CLARINS嬌韻詩幹性防曬乳-50ML,3022,1092,195,300,6.5,0,0,8,500022564,23,c85713101,
p15793259,504138072,31885,,CLARINS嬌韻詩精華液 200ml,3022,1096,267,410,6.5,0,0,14,500022564,23,c85613306,
p15819758,504138073,10134,,GUCCI 古馳花悅綻放女士濃香水 50ml,3037,2352,761,1170,6.5,4,4,5,500022564,23,c85641788,
p15830194,504138074,10134,,GUCCI 古馳花之舞花園魅惑木蘭女士濃香水,3037,2352,676,1040,6.5,1,1,22,500022564,23,,
p15770937,504138075,10134,,GUCCI古馳 Baume Nourrissant Universel 瑩潤膏,3016,2195,300,500,6.0,0,0,23,500022564,23,c85588830,
p15740451,504138076,10134,,GUCCI  古驰罪爱男士淡香水,3037,2351,546,840,6.5,3,3,27,500022564,23,,
p15828760,504138077,10134,,GUCCI古馳腮紅5.5g,3021,2213,294,490,6.0,4,4,53,500022564,23,,
p15866237,504138078,10134,,GUCCI古馳傾色絨霧唇膏509,3016,2195,254,390,6.5,1,1,5,500022564,23,c85700832,
p15870353,504138079,10134,,GUCCI 古馳罪愛惹火男士淡香水 50ml,3037,2352,475,730,6.5,2,2,3,500022564,23,c85707262,
p15824263,504138080,10134,,GUCCI古馳彩光亮色霜-15ML,3021,2219,252,420,6.0,2,2,6,500022564,23,c85646486,
p15741290,504138081,10134,,GUCCI 古馳絲潤精華妝前乳30ml,3021,2201,364,560,6.5,1,1,7,500022564,23,c85555068,
p15843591,504138082,10134,,GUCCI古馳唇蜜 6ml,3016,2197,228,350,6.5,3,3,22,500022564,23,,
p15742132,504138083,10134,,GUCC 古馳罪愛酷淡香水50ml,3037,2352,598,920,6.5,1,1,4,500022564,23,c85555442,
p15741083,504138084,10134,,GUCCI 古馳罪愛男士淡香水,3037,2351,475,730,6.5,5,5,12,500022564,23,,
p15741235,504138085,10134,,GUCCI  古馳花悅女士濃香水,3037,2352,676,1040,6.5,2,2,25,500022564,23,,
p15900693,504138086,10134,,Gucci古馳柔焦凝光粉餅03號色,3021,2214,338,650,5.2,1,1,1,500022564,23,c85744672,
p15901196,504138087,10134,,Gucci古馳柔焦凝光粉餅0-5號色,3021,2214,338,650,5.2,1,1,1,500022564,23,c85744689,
p15743141,504138088,10134,,GUCCI 古馳綺夢梔子香型女士濃香水,3037,2352,676,1040,6.5,0,0,19,500022564,23,,
p15828758,504138089,10134,,GUCCI古馳花悅魅意女士濃香水-100ml,3037,2352,996,1660,6.0,1,1,6,500022564,23,c85653043,
p15808552,504138090,10134,,GUCCI 古馳傾色雲霧唇膏519,3016,2195,254,390,6.5,1,1,1,500022564,23,c85627872,
p15941557,504138091,10134,,Gucci古馳傾色絨霧唇膏132,3016,2195,254,390,6.5,1,1,2,500022564,23,c85785759,
p15941388,504138092,10134,,Gucci古馳傾色絨霧唇膏530,3016,2195,254,390,6.5,1,1,,500022564,23,c85786204,
p15941562,504138093,10134,,Gucci古馳傾色絲潤唇膏134,3016,2195,254,390,6.5,1,1,1,500022564,23,c85786208,
p15848024,504138094,10134,,GUCCI古馳絲潤氣墊粉底液 14G,3021,2201,403,620,6.5,2,2,7,500022564,23,,
p15765161,504138095,10134,,GUCCI 古馳傾色雲霧唇釉521 6.5ml,3016,2197,234,390,6.0,1,1,7,500022564,23,c85580800,
p15843161,504138096,10134,,GUCCI古馳罪愛聖水男士香水 60ml,3037,2351,897,1380,6.5,1,1,2,500022564,23,c85670710,
p15738025,504138097,10134,,GUCCI  古馳罪愛 Intense 女士濃香水 90mL,3037,2352,1027,1580,6.5,1,1,5,500022564,23,c85550314,
p15765547,504138098,10134,,GUCCI 古馳花悅女士淡香水,3037,2352,552,920,6.0,1,1,16,500022564,23,,
p15896073,504138099,10134,,GUCCI古馳綺夢馥梔香型女士香水100ML,3037,2352,1079,1660,6.5,1,1,3,500022564,23,c85738772,
p15900712,504138100,10134,,Gucci古馳柔焦凝光粉餅00號色,3021,2214,423,650,6.5,1,1,4,500022564,23,c85744690,
p15801724,504138101,10134,,GUCCI  古馳絢麗茉莉花濃香水 50ml,3037,2352,676,1040,6.5,1,1,7,500022564,23,c85622299,
p15878319,504138102,10134,,Gucci 古馳罪愛傾心男士香水,3037,2351,631,970,6.5,2,2,3,500022564,23,,
p15743104,504138103,10134,,GUCCI  古馳傾色氣墊粉底液 15g,3021,2201,372,620,6.0,2,2,17,500022564,23,,
p15741271,504138104,10134,,GUCCI 古馳竹韻女士淡香水,3037,2352,540,830,6.5,1,1,10,500022564,23,,
p15900691,504138105,10134,,Gucci古馳柔焦凝光粉餅02號色,3021,2214,338,650,5.2,1,1,1,500022564,23,c85744670,
p15828385,504138106,10134,,GUCCI古馳極致透漾唇膏3.5g,3016,2195,254,390,6.5,4,4,21,500022564,23,,
p15941392,504138107,10134,,Gucci古馳傾色絲潤唇膏132,3016,2195,254,390,6.5,1,1,4,500022564,23,c85786207,
p15882807,504138108,10134,,Gucci古馳煉金士花園月之凝香水-100ML,3037,2352,1853,2850,6.5,1,1,6,500022564,23,c85723767,
p15948822,504138109,10134,,Gucci古馳罪愛套組90ml+75ml,3037,1145,670,1030,6.5,1,1,1,500022564,23,c85794074,
p15887949,504138110,10134,,Gucci古馳煉金士花園月之凝香水50ML,3037,2352,1268,1950,6.5,0,0,7,500022564,23,c85730514,
p15843593,504138111,10134,,GUCCI古馳罪愛聖水女士香水 60ml,3037,2352,949,1460,6.5,1,1,3,500022564,23,c85671089,
p15801723,504138112,10134,,GUCCI  古馳絢麗茉莉花濃香水 100ml,3037,2352,930,1430,6.5,0,0,5,500022564,23,c85622298,
p15858632,504138113,10134,,GUCCI古馳傾色雲霧唇釉 6.5ML,3016,2197,254,390,6.5,3,3,5,500022564,23,,
p15883306,504138114,10134,,Gucci古馳煉金士花園桂之蜜香水100ml,3037,2352,1853,2850,6.5,1,1,2,500022564,23,c85723765,
p15887956,504138115,10134,,Gucci古馳傾色琉光唇膏光澤口紅217,3016,2195,254,390,6.5,0,0,12,500022564,23,c85730518,
p15941393,504138116,10134,,Gucci古馳傾色絲潤唇膏227,3016,2195,254,390,6.5,1,1,2,500022564,23,c85785763,
p15900692,504138117,10134,,Gucci古馳柔焦凝光粉餅01號色,3021,2214,338,650,5.2,1,1,2,500022564,23,c85744671,
p15883305,504138118,10134,,Gucci古馳煉金士花園苦橙花香水100ml,3037,2352,1853,2850,6.5,1,1,3,500022564,23,c85723764,
p15765552,504138119,10134,,GUCCI 古馳行雲流水眼線液筆 0.5g,3038,2203,222,370,6.0,0,0,6,500022564,23,c85580803,
p15811716,504138120,10134,,GUCCI古馳眼部彩妝盤1 6.1g,3013,1141,390,600,6.5,0,0,7,500022564,23,c85633549,
p15896074,504138121,10134,,GUCCI古馳綺夢馥梔香型女士香水50ML,3037,2352,761,1170,6.5,2,2,5,500022564,23,c85739079,
p15891086,504138122,10134,,Gucci 古馳女士四件套淡香精禮盒套裝-淡香精禮品套裝,3037,1145,379,582,6.5,0,0,6,500022564,23,c85732852,
p15770480,504138123,10134,,GUCCI古馳絲潤精萃噴霧 80ml,3022,1090,372,620,6.0,2,2,11,500022564,23,c85588484,
p15765551,504138124,10134,,GUCCI 古馳傾色雲霧唇釉208 6.5ml,3016,2197,254,390,6.5,3,3,7,500022564,23,c85581120,
p15896077,504138125,10134,,GUCCI古馳傾色琉光唇膏208,3016,2195,254,390,6.5,0,0,5,500022564,23,c85738777,
p15895679,504138126,10134,,GUCCI古馳傾慕星動腮紅01,3021,2213,319,490,6.5,0,0,3,500022564,23,c85739086,
p15896078,504138127,10134,,GUCCI古馳古慕柔霧藍腮紅限量版U00A05-5G-04FLR-IV,3021,2213,319,490,6.5,0,0,2,500022564,23,c85739085,
p16079234,504138128,10169,,L’occitane歐舒丹幸運潤手霜八支裝30ml*8,3028,2264,408,680,6.0,47,47,24,500022564,23,c85949217,
p15942677,504138129,10169,,L’occitane歐舒丹普羅旺斯花園潤手霜套裝75ml*3,3028,2264,324,540,6.0,36,36,39,500022564,23,c85786863,
p16070204,504138130,10169,,L’occitane歐舒丹甜扁桃味緊致美膚油100ml,3028,2272,261,435,6.0,20,20,58,500022564,23,c85937413,
p16070206,504138131,10169,,L’occitane歐舒丹甜扁桃味沐浴油500ml補充裝,3028,2268,216,360,6.0,0,0,88,500022564,23,c85937415,
p15946988,504138132,10169,,L’occitane歐舒丹乳木果經典潤手霜四支裝30ml*4,3028,2264,216,360,6.0,22,22,50,500022564,23,c85792220,
p16038767,504138133,10169,,L’occitane歐舒丹乳木果舒緩保濕身體潤膚乳240ml,3028,2269,186,310,6.0,8,8,46,500022564,23,c85895919,
p15915893,504138134,10169,,L’occitane歐舒丹賦顏禦齡臘菊緊致面部精華油30ml,3022,1096,594,990,6.0,23,23,30,500022564,23,c85760192,
p16078792,504138135,10169,,L’occitane歐舒丹甜扁桃味護手霜 150ML,3028,2264,147,245,6.0,13,13,12,500022564,23,c85949214,
p15915901,504138137,10169,,L’occitane歐舒丹白色薰衣草香氛護手霜75ml,3028,2264,114,190,6.0,9,9,26,500022564,23,c85761575,
p15865491,504138138,10169,,L'OCCITANE歐舒丹防脫髮護理精華 50ML,3034,3142,234,390,6.0,3,3,100+,500022564,23,c85699915,
p16039233,504138139,10169,,L’occitane歐舒丹乳木果綿密護手霜150ml,3028,2264,174,290,6.0,3,3,40,500022564,23,c85895918,
p16078797,504138140,10169,,L’occitane歐舒丹乳木果臘菊手部緊致精華霜75ml,3022,1096,174,290,6.0,14,14,8,500022564,23,c85949218,
p15946984,504138141,10169,,L’occitane歐舒丹乳木果綿潤護足霜-幹性足部肌膚適用150ml,3028,2269,156,260,6.0,8,8,7,500022564,23,c85792216,
p16069833,504138144,10169,,L’occitane歐舒丹快樂手霜套裝30ml*6,3028,2264,312,520,6.0,7,7,16,500022564,23,c85937396,
p15916260,504138145,10169,,L’occitane歐舒丹夜間舒緩平衡頭皮精華50ml,3034,3142,204,340,6.0,0,0,33,500022564,23,c85761576,
p15942675,504138147,10169,,L’occitane歐舒丹親親護唇套裝12ml*3（每日限購2件）,3022,1098,180,300,6.0,1,1,58,500022564,23,c85786862,
p15946989,504138148,10169,,L’occitane歐舒丹乳木果味指甲護理油7.5ml,3028,2272,93,155,6.0,11,11,73,500022564,23,c85792509,
p16039236,504138149,10169,,L’occitane歐舒丹乳木果經典護手霜150ml,3028,2264,147,245,6.0,0,0,51,500022564,23,c85895921,
p15915911,504138150,10169,,L’occitane歐舒丹甜蜜櫻花香沐浴露 250ML,3028,2268,117,195,6.0,8,8,22,500022564,23,c85761583,
p15915896,504138151,10169,,L’occitane歐舒丹甜蜜櫻花香潤膚乳 500ML,3022,1091,312,520,6.0,3,3,22,500022564,23,c85761570,
p15896940,504138152,10169,,L’occitane歐舒丹防曬30ml,3022,1092,234,390,6.0,8,8,10,500022564,23,c85740726,
p15915897,504138153,10169,,L’occitane歐舒丹賦顏禦齡臘菊香味面部精華油及精華霜套裝30ml+50ml,3022,1100,1068,1780,6.0,8,8,6,500022564,23,c85761571,
p15915891,504138154,10169,,L’occitane歐舒丹臘菊賦顏禦齡套裝50ml+50ml+200ml,3022,1100,1194,1990,6.0,6,6,16,500022564,23,c85760190,
p15916256,504138155,10169,,L’occitane歐舒丹甜蜜櫻花香潤手霜150ml,3028,2264,147,245,6.0,8,8,29,500022564,23,c85760193,
p15942688,504138156,10169,,L’occitane歐舒丹臘菊賦顏禦齡緊致精華面霜兩件裝套裝100ml,3022,1096,1065,1775,6.0,2,2,26,500022564,23,c85787348,
p15915905,504138157,10169,,L’occitane歐舒丹格拉斯橙花香美膚乳250ml,3022,1091,174,290,6.0,7,7,12,500022564,23,c85760200,
p15764381,504138158,10169,,L'OCCITANE 歐舒丹煥活微囊眼部肌底精華液 15ml,3039,2812,330,550,6.0,6,6,62,500022564,23,c85580537,
p15829476,504138159,10169,,L'OCCITANE 歐舒丹馬鞭草沐浴凝膠 250ml,3028,2268,117,195,6.0,0,0,45,500022564,23,c85654597,
p15868942,504138160,10169,,L'OCCITANE歐舒丹臘菊賦顏禦齡精華液 30ml,3022,1096,630,1050,6.0,5,5,29,500022564,23,c85705786,
p16038768,504138161,10169,,L’occitane歐舒丹乳木果舒緩特潤身體潤膚霜200ml,3028,2269,240,400,6.0,13,13,17,500022564,23,c85896316,
p15829878,504138162,10169,,L'OCCITANE 歐舒丹甜扁桃味護手霜 75ml,3028,2264,114,190,6.0,0,0,36,500022564,23,c85654595,
p15914174,504138163,10169,,L’occitane歐舒丹草本香菁純平衡洗護套裝250ml+300ml,3034,1103,276,460,6.0,11,11,8,500022564,23,c85757814,
p15915902,504138164,10169,,L’occitane歐舒丹格拉斯橙花香沐浴啫喱250ml,3028,2268,117,195,6.0,2,2,15,500022564,23,c85760197,
p15946986,504138165,10169,,L’occitane歐舒丹白茶戀櫻香潤膚乳250ml,3022,1091,174,290,6.0,8,8,1,500022564,23,c85792218,
p16078798,504138166,10169,,L’occitane歐舒丹甜扁桃味體驗套裝75ml+75ml+250ml,3028,2269,396,660,6.0,7,7,2,500022564,23,c85949626,
p15946985,504138167,10169,,L’occitane歐舒丹潔膚皂-乳木果香,3028,1109,66,110,6.0,4,4,36,500022564,23,c85792217,
p15915908,504138168,10169,,L’occitane歐舒丹格拉斯橙花香身體套裝30ml+250ml+250ml,3028,2266,318,530,6.0,0,0,21,500022564,23,c85761579,
p16078795,504138169,10169,,L’occitane歐舒丹甜扁桃味緊致彈潤美膚乳200ml,3022,1091,297,495,6.0,3,3,11,500022564,23,c85949216,
p16087123,504138170,10169,,L’occitane歐舒丹杏仁磨砂沐浴啫喱 250ML,3028,1109,135,225,6.0,0,0,21,500022564,23,c85957408,
p16087125,504138171,10169,,L’occitane歐舒丹清新馬鞭草香沐浴啫喱 500ML,3028,2268,198,330,6.0,0,0,24,500022564,23,c85957750,
p16078796,504138172,10169,,L’occitane歐舒丹杏仁身體頭髮香氛噴霧100ml,3037,3204,192,320,6.0,7,7,2,500022564,23,c85949625,
p15872166,504138173,10169,,L'OCCITANE歐舒丹草本香菁純純淨洗髮露500ml,3034,1103,225,375,6.0,0,0,100+,500022564,23,c85709370,
p15841692,504138174,10169,,L'OCCITANE歐舒丹臘菊香精萃活顏潔面泡沫 150ml,3022,1088,174,290,6.0,5,5,52,500022564,23,c85669063,
p15915909,504138175,10169,,L’occitane歐舒丹臘菊賦顏禦齡緊致精華面霜50ml,3022,1093,594,990,6.0,5,5,7,500022564,23,c85761580,
p15829464,504138176,10169,,L'OCCITANE 歐舒丹臘菊香精萃活顏卸妝油 200ml,3022,2243,174,290,6.0,2,2,38,500022564,23,c85654587,
p15942687,504138178,10169,,L’occitane歐舒丹白色薰衣草香氛身體乳250ml,3028,2269,174,290,6.0,2,2,15,500022564,23,c85786870,
p15915907,504138179,10169,,L’occitane歐舒丹煥活舒緩微囊精華液,3022,1096,534,890,6.0,0,0,18,500022564,23,c85761578,
p15942913,504138180,10169,,L’occitane歐舒丹瑰香之心香氛護手霜（每日限購2件）150ml,3028,2269,147,245,6.0,0,0,23,500022564,23,c85788145,
p16039238,504138181,10169,,L’occitane歐舒丹菁純修護護髮素500ml,3034,2254,252,420,6.0,1,1,9,500022564,23,c85895924,
p16069826,504138182,10169,,L’occitane歐舒丹煥活微囊肌底精華液兩件裝50ml*2,3022,1096,960,1600,6.0,9,9,15,500022564,23,c85937392,
p15947318,504138183,10169,,L’occitane歐舒丹白茶戀櫻香沐浴啫喱250ml,3028,2268,117,195,6.0,3,3,7,500022564,23,c85792238,
p15827505,504138184,10169,,L'OCCITANE歐舒丹清馬鞭草香氛沐浴啫喱-500ML,3028,2268,198,330,6.0,0,0,100+,500022564,23,c85648757,
p15873931,504138185,10169,,L'OCCITANE歐舒丹草本香菁純平衡護髪素500ml,3034,2254,252,420,6.0,4,4,29,500022564,23,c85711958,
p15916255,504138186,10169,,L’occitane歐舒丹甜蜜櫻花淡香氛50ml,3037,3204,354,590,6.0,5,5,2,500022564,23,c85761567,
p16096612,504138187,10169,,L’occitane歐舒丹清新馬鞭草香潤手霜75ml,3028,2264,114,190,6.0,2,2,5,500022564,23,c85967910,
p15916254,504138188,10169,,L’occitane歐舒丹臘菊賦顏禦齡抗皺眼霜-15ML,3039,2813,396,660,6.0,0,0,15,500022564,23,c85761566,
p15942912,504138189,10169,,L’occitane歐舒丹白色薰衣草香氛沐浴啫喱250ml,3028,2268,117,195,6.0,1,1,11,500022564,23,c85787624,
p15915894,504138190,10169,,L’occitane歐舒丹甜蜜櫻花香潤膚乳 250ML,3022,1091,174,290,6.0,3,3,13,500022564,23,c85761568,
p15916262,504138191,10169,,L’occitane歐舒丹甜蜜櫻花香沐浴露 500ML,3028,2268,210,350,6.0,0,0,34,500022564,23,c85760202,
p15915910,504138192,10169,,L’occitane歐舒丹禦齡頭皮修護精華,3022,1096,258,430,6.0,0,0,12,500022564,23,c85760205,
p15946987,504138193,10169,,L’occitane歐舒丹煥活舒緩三重精粹水150ml,3022,1096,396,660,6.0,2,2,3,500022564,23,c85792219,
p15865495,504138194,10169,,L'OCCITANE歐舒丹乳木果綿潤護足霜-幹性足部肌膚適用-150ML,3028,2269,150,250,6.0,3,3,82,500022564,23,c85699918,
p15915903,504138196,10169,,L’occitane歐舒丹白色薰衣草淡香氛 50ML,3037,3204,354,590,6.0,3,3,,500022564,23,c85760198,
p15894441,504138197,10169,,L'OCCITANE歐舒丹草本香強韌豐盈洗發露500ml,3034,1103,225,375,6.0,0,0,64,500022564,23,c85737359,
p15809675,504138198,10169,,L'OCCITANE歐舒丹乳木果臘菊身體精華霜 200ml,3028,2269,366,610,6.0,2,2,23,500022564,23,c85630980,
p15916257,504138199,10169,,L’occitane歐舒丹金鑽蠟菊海洋活肌精華30ml,3022,1096,1140,1900,6.0,2,2,1,500022564,23,c85760194,
p16038766,504138200,10169,,L’occitane歐舒丹杏仁修身磨砂膏200ml,3028,1109,237,395,6.0,13,13,9,500022564,23,c85895915,
p15872020,504138201,10169,,L'OCCITANE歐舒丹五合一草本香菁純臻萃煥活髪膜200ml,3034,2254,216,360,6.0,2,2,34,500022564,23,c85708787,
p15916265,504138202,10169,,L’occitane歐舒丹清新馬鞭草淡香氛100ml,3037,3204,348,580,6.0,1,1,5,500022564,23,c85761581,
p15943247,504138203,10169,,L’occitane歐舒丹格拉斯橙花香淡香氛50ml,3037,3204,354,590,6.0,1,1,3,500022564,23,c85787626,
p15794243,504138204,10169,,L'OCCITANE歐舒丹蠟菊賦顏禦齡精華露 200ml,3022,1090,279,465,6.0,1,1,26,500022564,23,c85614317,
p15915899,504138205,10169,,L’occitane歐舒丹眼貼膜,3039,2329,246,410,6.0,0,0,10,500022564,23,c85761573,
p16097050,504138207,10169,,L’occitane歐舒丹五合一草本香菁純舒緩去屑洗髮露500ml,3034,1103,225,375,6.0,0,0,4,500022564,23,c85967457,
p15797271,504138208,10169,,L'OCCITANE歐舒丹蠟菊活顏保濕水 200ml,3022,1090,162,270,6.0,3,3,58,500022564,23,c85617429,
p15942678,504138209,10169,,L’occitane歐舒丹臘菊香精萃活顏面霜50ml,3022,1093,360,600,6.0,2,2,23,500022564,23,c85787336,
p15894519,504138210,10169,,L'OCCITANE歐舒丹草本香強韌豐盈護發素500ml,3034,2254,252,420,6.0,0,0,21,500022564,23,c85737543,
p15947316,504138211,10169,,L’occitane歐舒丹馬鞭草香潔膚露350ml,3028,2268,234,390,6.0,4,4,9,500022564,23,c85792523,
p15947317,504138212,10169,,L’occitane歐舒丹甜蜜櫻花淡香氛套裝50ML+30ML,3037,1145,354,590,6.0,1,1,5,500022564,23,c85792237,
p15916266,504138213,10169,,L’occitane歐舒丹瑰香之心香氛身體乳250ml,3028,2269,174,290,6.0,0,0,9,500022564,23,c85761582,
p15915906,504138214,10169,,L’occitane歐舒丹瑰香之心香氛沐浴啫喱250ml,3028,2268,117,195,6.0,0,0,17,500022564,23,c85760201,
p15947504,504138215,10169,,L’occitane歐舒丹白茶戀櫻香潤手霜五支裝,3028,2264,255,425,6.0,0,0,11,500022564,23,c85792239,
p16097047,504138216,10169,,L’occitane歐舒丹乳木果及櫻花香氛潤唇膏三支裝4.5g*2+12ml,3022,1098,180,300,6.0,0,0,8,500022564,23,c85967906,
p15943002,504138217,10169,,L’occitane歐舒丹菁純修護防熱柔順護髮精華100ml,3034,2254,156,260,6.0,0,0,19,500022564,23,c85786869,
p15829467,504138218,10169,,L'OCCITANE 歐舒丹清馬鞭草香氛潤膚乳 250ml,3028,2269,168,280,6.0,0,0,32,500022564,23,c85655092,
p16086748,504138219,10169,,L’occitane歐舒丹清新馬鞭草香沐浴啫喱250ML,3028,2268,117,195,6.0,0,0,4,500022564,23,c85957410,
p15916253,504138220,10169,,L’occitane歐舒丹草本香菁純平衡洗髮套裝,3034,1103,390,650,6.0,0,0,39,500022564,23,c85761565,
p15764378,504138221,10169,,L'OCCITANE 歐舒丹乳木果身體潤膚霜 特潤版 200ml,3028,2269,234,390,6.0,0,0,96,500022564,23,c85580343,
p15823794,504138222,10169,,L'OCCITANE歐舒丹修護洗髮水-300ML,3034,1103,138,230,6.0,0,0,33,500022564,23,c85645850,
p15825999,504138223,10169,,L'OCCITANE歐舒丹乳木果臘菊手部緊致精華霜-75ML,3028,2264,174,290,6.0,0,0,47,500022564,23,c85648741,
p15914178,504138224,10169,,L’occitane歐舒丹防掉發頭皮護理精華兩件裝,3034,3142,420,700,6.0,0,0,33,500022564,23,c85757819,
p15942686,504138225,10169,,L’occitane歐舒丹菁純修護洗髮露,3034,1103,225,375,6.0,0,0,14,500022564,23,c85787347,
p15894455,504138226,10169,,L'OCCITANE歐舒丹幸運潤手霜八支裝,3028,2266,384,640,6.0,0,0,72,500022564,23,c85737549,
p15743099,504138227,10169,,L'OCCITANE 歐舒丹甜扁桃緊致美體油 100ml,3028,2272,252,420,6.0,0,0,100+,500022564,23,c85556483,
p15875251,504138228,10169,,L'OCCITANE歐舒丹甜扁桃味沐浴油500ml-補充裝,3028,2268,204,340,6.0,0,0,200+,500022564,23,c85714071,
p15829475,504138229,10169,,L'OCCITANE 歐舒丹甜扁桃味磨砂啫喱 200ml,3028,1109,129,215,6.0,0,0,47,500022564,23,c85654596,
p15824011,504138230,10169,,L'OCCITANE歐舒丹乳木果深層修護潤手霜-150ML,3028,2264,168,280,6.0,0,0,100+,500022564,23,c85646162,
p15825601,504138231,10169,,L'OCCITANE歐舒丹甜扁桃味護手霜-150ML,3028,2264,147,245,6.0,0,0,66,500022564,23,c85648143,
p15875252,504138232,10169,,L'OCCITANE歐舒丹甜扁桃味沐浴油500ml,3028,2268,225,375,6.0,0,0,100+,500022564,23,c85714072,
p15894445,504138233,10169,,L'OCCITANE歐舒丹清新馬鞭草香氛沐浴啫喱500ML,3028,2268,174,290,6.0,0,0,42,500022564,23,c85737542,
p15877855,504138234,10169,,L'occitane歐舒丹乳木果味指甲護理油-7.5ml,3028,2264,93,155,6.0,0,0,100+,500022564,23,c85718141,
p15913735,504138235,10169,,L’occitane歐舒丹乳木果經典潤手霜（幹性手部肌膚適用）150ml,3028,2264,147,245,6.0,0,0,60,500022564,23,c85757441,
p15894518,504138236,10169,,L'OCCITANE歐舒丹夢檀橙花香氛潤膚乳250ML,3028,2269,168,280,6.0,0,0,10,500022564,23,c85737361,
p15823795,504138237,10169,,L'OCCITANE歐舒丹蠟菊活顏潔面泡沫-125ML,3022,1088,216,360,6.0,3,3,38,500022564,23,c85646182,
p15841285,504138238,10169,,L'OCCITANE歐舒丹清馬鞭草香氛潤手凝霜 75ml,3028,2264,114,190,6.0,0,0,49,500022564,23,c85669060,
p15916252,504138239,10169,,L’occitane歐舒丹菁純修護洗護兩件套套裝,3034,1103,255,425,6.0,0,0,6,500022564,23,c85761564,
p15916261,504138240,10169,,L’occitane歐舒丹瑰香之心淡香水,3037,3204,354,590,6.0,0,0,3,500022564,23,c85761577,
p15894446,504138241,10169,,L'OCCITANE歐舒丹甜扁桃味磨砂膏200ML,3028,1109,228,380,6.0,0,0,22,500022564,23,c85737362,
p15894452,504138242,10169,,L'OCCITANE歐舒丹夢檀橙花香氛沐浴露250ML,3028,2268,117,195,6.0,0,0,14,500022564,23,c85737548,
p15743226,504138243,10169,,L'OCCITANE  歐舒丹臘菊賦顏禦齡眼唇霜（輕盈版）15ml,3039,2813,390,650,6.0,0,0,26,500022564,23,c85557115,
p15839240,504138244,10169,,L'OCCITANE歐舒丹甜扁桃緊致美體乳 200ml,3028,2269,297,495,6.0,0,0,29,500022564,23,c85666437,
p15796998,504138245,10169,,L'OCCITANE歐舒丹臘菊活顏緊致精華面霜 50ml（版）,3022,1093,351,585,6.0,0,0,60,500022564,23,c85617525,
p15797912,504138246,10169,,L'OCCITANE 歐舒丹臘菊活顏緊致精華眼霜 15ml（版）,3039,2813,240,400,6.0,0,0,22,500022564,23,c85617943,
p15947503,504138247,10169,,L’occitane歐舒丹瑰香之心淡香氛套裝,3037,1145,354,590,6.0,0,0,3,500022564,23,c85792236,
p15879906,504138248,10169,,L'occitane歐舒丹瑰香之心香氛身體乳,3028,2269,168,280,6.0,0,0,9,500022564,23,c85719944,
p15880410,504138249,10169,,L'occitane歐舒丹煥活舒緩微囊精華液,3022,1096,498,830,6.0,0,0,23,500022564,23,c85720264,
p15829869,504138250,10169,,L'OCCITANE 歐舒丹煥活三重精萃水 150ml,3022,1090,354,590,6.0,0,0,17,500022564,23,c85655086,
p15873934,504138251,10169,,L'OCCITANE歐舒丹溫和平衡套裝,3028,2266,330,550,6.0,0,0,36,500022564,23,c85712341,
p15825387,504138252,10169,,L'OCCITANE歐舒丹乳木果身體潤膚露-250ML,3028,2269,168,280,6.0,0,0,100+,500022564,23,c85647969,
p15916259,504138253,10169,,L’occitane歐舒丹乳木果手部專家三件裝,3028,2266,192,320,6.0,0,0,27,500022564,23,c85760196,
p15880409,504138254,10169,,L'occitane歐舒丹煥活微囊肌底精華液套裝（新春限定版）(50ML x2),3022,1100,894,1490,6.0,0,0,50,500022564,23,c85720262,
p15828395,504138255,10169,,L'OCCITANE歐舒丹臘菊賦顏禦齡精華霜50ml,3022,1093,594,990,6.0,0,0,19,500022564,23,c85653081,
p15872011,504138256,10169,,L'OCCITANE歐舒丹臘菊奢顏致臻精華液,3022,1096,1080,1800,6.0,0,0,6,500022564,23,c85709158,
p15828746,504138257,10169,,L'OCCITANE歐舒丹馬鞭草淡香水-100ml,3037,2352,339,565,6.0,0,0,8,500022564,23,c85653028,
p15825229,504138258,10169,,L'OCCITANE歐舒丹臘菊賦顏禦齡抗皺眼霜-15ML,3039,2813,390,650,6.0,0,0,27,500022564,23,c85647742,
p15896939,504138259,10169,,L’occitane乳木果柔潤手護四重奏（LCT6）30ML*4,3028,2264,207,345,6.0,0,0,81,500022564,23,c85741010,
p15894453,504138260,10169,,L'OCCITANE歐舒丹夢檀橙花香氛身體套裝,3028,2266,312,520,6.0,0,0,16,500022564,23,c85737365,
p15848037,504138261,10169,,L'OCCITANE歐舒丹瑰香之心沐浴啫喱-250ML,3028,2268,117,195,6.0,0,0,15,500022564,23,c85675484,
p15735961,504138262,10169,,L'OCCITANE  歐舒丹乳木果牛奶皂 250g,3028,1109,60,100,6.0,0,0,89,500022564,23,c85547881,
p15879908,504138263,10169,,L'occitane歐舒丹五合一草本菁純修護洗髪水 500ml,3034,1103,192,320,6.0,0,0,45,500022564,23,c85719948,
p15916267,504138264,10169,,L’occitane歐舒丹菁純修護洗髮套裝,3034,1103,381,635,6.0,0,0,6,500022564,23,c85761584,
p15764822,504138265,10169,,L'OCCITANE 歐舒丹乳木果經典護手霜150ml,3028,2264,147,245,6.0,0,0,100+,500022564,23,c85580538,
p15823788,504138266,10169,,L'OCCITANE歐舒丹花香護手霜套裝,3028,2266,318,530,6.0,0,0,50,500022564,23,c85646174,
p15873930,504138267,10169,,L'OCCITANE歐舒丹甜扁桃味美膚乳-輕盈版,3028,2269,222,370,6.0,0,0,29,500022564,23,c85712340,
p15894447,504138268,10169,,L'OCCITANE歐舒丹草本修護抗毛糙防熱護發精華,3034,2231,150,250,6.0,0,0,15,500022564,23,c85737363,
p15871554,504138269,10169,,L'OCCITANE歐舒丹五合一草本香菁純頭皮夜精華-50ML,3034,3142,177,295,6.0,0,0,45,500022564,23,c85708781,
p15915904,504138270,10169,,L’occitane歐舒丹格拉斯橙花香氛護手霜,3028,2264,147,245,6.0,0,0,20,500022564,23,c85760199,
p15916263,504138271,10169,,L’occitane歐舒丹乳木果及甜蜜櫻花香氛護唇膏三支裝套裝,3022,1098,180,300,6.0,0,0,21,500022564,23,c85760203,
p16070205,504138272,10169,,L’occitane歐舒丹甜扁桃味身體套裝200ml+500ml,3028,2269,498,830,6.0,1,1,10,500022564,23,c85937858,
p16086749,504138273,10169,,L’occitane歐舒丹清新馬鞭草香潤膚乳 250ML,3028,2269,174,290,6.0,2,2,4,500022564,23,c85957751,
p15840560,504138274,31851,,Chloe蔻依仙境花園系列濃香氛-北國雪松,3037,2352,719,1105,6.5,0,0,95,500022564,23,,
p15840171,504138275,31851,,Chloe蔻依仙境花園系列濃香氛-木蘭詩語,3037,2352,719,1105,6.5,7,7,80,500022564,23,,
p15890293,504138276,31851,,Chloe蔻依仙境花園系列HOME-LINE-蔻依北國雪松香氛沐浴露300 ML,3028,2268,280,430,6.5,0,0,36,500022564,23,c85731951,
p15878317,504138277,31851,,Chloe蔻依仙境花園系列香氛北國雪松女士香水50ml,3037,2352,800,1230,6.5,4,4,32,500022564,23,c85717807,
p15840163,504138278,31851,,Chloe蔻依仙境花園系列濃香氛-煙雨茉莉,3037,2352,719,1105,6.5,4,4,26,500022564,23,,
p15890292,504138279,31851,,Chloe蔻依仙境花園系列煙雨茉莉香氛身體乳300 ML,3028,2269,410,630,6.5,0,0,37,500022564,23,c85732367,
p15883307,504138280,31851,,Chloé蔻依仙境花園系列香氛北國雪松女士香水-150毫升,3037,2352,1469,2260,6.5,6,6,18,500022564,23,c85723766,
p15889832,504138281,31851,,Chloe蔻依仙境花園系列北國雪松香氛身體乳300 ML,3028,2269,410,630,6.5,1,1,36,500022564,23,c85732357,
p15840166,504138282,31851,,Chloe蔻依仙境花園系列濃香氛-大馬士革玫瑰,3037,2352,719,1105,6.5,1,1,35,500022564,23,,
p15889841,504138283,31851,,Chloe蔻依仙境花園系列北國雪松固體香膏3g,3028,2269,312,480,6.5,2,2,18,500022564,23,c85731953,
p16095252,504138284,31851,,Chloe蔻依地中海假日系列香氛-紫色沙礫50ml,3037,3204,719,1105,6.5,2,2,4,500022564,23,c85966621,
p15889830,504138285,31851,,Chloe蔻依仙境花園系列檀木夜旅固體香膏3g,3037,2352,312,480,6.5,0,0,21,500022564,23,c85732356,
p15949082,504138286,31851,,Chloe蔻依地中海假日系列香氛-海風與果,3037,3204,719,1105,6.5,0,0,9,500022564,23,c85794073,
p15949083,504138287,31851,,Chloe蔻依地中海假日系列香氛-夏日陽光,3037,3204,719,1105,6.5,0,0,18,500022564,23,c85793833,
p15882806,504138288,31851,,Chloé蔻依仙境花園系列女士淡香精 50ml,3037,2352,719,1105,6.5,0,0,12,500022564,23,c85723763,
p15889840,504138289,31851,,Chloe蔻依仙境花園系列HOME-LINE-蔻依木蘭詩語香氛身體乳300 ML,3028,2269,410,630,6.5,0,0,12,500022564,23,c85732368,
p15868255,504138290,31851,,CHLOE蔻依仙境花園系列息間芬芳護手霜,3028,2264,231,355,6.5,0,0,48,500022564,23,,
p15890290,504138291,31851,,Chloe蔻依仙境花園系列木蘭詩語香氛沐浴露300 ML,3028,2268,280,430,6.5,0,0,30,500022564,23,c85731949,
p15921818,504138292,10215,,Sisley 希思黎黑玫瑰煥采精華霜套裝50ml+10ml+3ml,3022,1100,1023,1650,6.2,7,7,7,500022564,23,c85766285,
p15738569,504138293,10215,,sisley希思黎花香保濕面膜 60ml,3022,1097,683,1100,6.2,20,20,100+,500022564,23,c85551007,
p15794667,504138294,10215,,sisley 希思黎瞬間保濕去角質面膜 40g,3022,1097,585,980,6.0,8,8,31,500022564,23,c85615158,
p15738614,504138295,10215,,sisley希思黎黑玫瑰珍寵滋養精華油 25ml,3022,1096,1118,1800,6.2,18,18,100+,500022564,23,c85550600,
p15739043,504138296,10215,,sisley希思黎黑玫瑰煥采精華眼霜 14ml,3039,2813,728,1180,6.2,6,6,75,500022564,23,c85550948,
p15796938,504138297,10215,,sisley希思黎日間呵護精華乳 50ml,3022,1091,1950,3180,6.1,4,4,27,500022564,23,c85616968,
p15736398,504138298,10215,,sisley希思黎緊致美頸霜 50ml,3028,2269,845,1380,6.1,6,6,30,500022564,23,c85548676,
p15736788,504138299,10215,,sisley希思黎黑玫瑰煥采緊致面膜 60ml,3022,1097,813,1320,6.2,8,8,57,500022564,23,c85548703,
p15885170,504138300,10215,,Sisley 希思黎抗皺修活禦致眼唇霜套裝(15 ml + 15 ml + 4 ml）,3039,2813,1073,1700,6.3,0,0,42,500022564,23,c85725766,
p15741646,504138301,10215,,sisley希思黎抗皺修活精華水 150ml,3022,1090,845,1380,6.1,6,6,32,500022564,23,c85554451,
p15794488,504138302,10215,,sisley 希思黎致臻夜間金鑽精粹水 140ml,3022,1090,1248,2000,6.2,2,2,23,500022564,23,c85615156,
p15738563,504138303,10215,,sisley希思黎黑玫瑰煥采精華霜 50ml,3022,1096,1008,1650,6.1,0,0,59,500022564,23,c85550548,
p15888391,504138304,10215,,Sisley希思黎煥白密集精華液-20ML,3022,1096,1950,3180,6.1,2,2,5,500022564,23,c85730456,
p15738253,504138305,10215,,sisley希思黎花香潤膚水 250ml,3022,1090,520,850,6.1,19,19,99,500022564,23,c85551094,
p15743297,504138306,10215,,sisley希思黎煥白亮采潔面泡沫 125ml,3022,1088,683,1100,6.2,4,4,27,500022564,23,c85556689,
p15738908,504138307,10215,,sisley希思黎美胸精華乳 50ml,3028,2269,1352,2200,6.1,1,1,2,500022564,23,c85550895,
p15738161,504138308,10215,,sisley希思黎潔面磨砂啫喱 100ml,3022,1088,605,980,6.2,1,1,14,500022564,23,c85550490,
p15743288,504138309,10215,,sisley希思黎煥白亮采隔離防護乳SPF50+PA+++ 40ml,3022,1092,1560,2580,6.0,17,17,100+,500022564,23,c85556681,
p15876793,504138310,10215,,Sisley希思黎抗皺修活臻采眼唇霜15ml,3039,2813,1073,1700,6.3,0,0,23,500022564,23,c85716390,
p15743162,504138311,10215,,sisley希思黎煥白亮采保濕霜 125ml,3022,1093,748,1200,6.2,3,3,15,500022564,23,c85557039,
p15858620,504138312,10215,,sisley希思黎抗皺修活臻顏凝霜50ml,3022,1093,2470,3980,6.2,1,1,13,500022564,23,c85691375,
p15921819,504138313,10215,,Sisley 希思黎抗皺修活防曬乳‌‌50ml,3022,1092,1300,2100,6.2,1,1,1,500022564,23,c85766630,
p15807193,504138314,10215,,sisley 希思黎植物絲柔蜜粉餅2號-自然色 12g,3021,2214,507,820,6.2,1,1,5,500022564,23,c85627672,
p15738554,504138315,10215,,sisley希思黎溫和角質調理霜 50ml,3022,1093,468,780,6.0,1,1,26,500022564,23,c85550469,
p15738420,504138316,10215,,sisley希思黎藏紅花絲絨柔膚霜,3022,1093,1053,1700,6.2,0,0,5,500022564,23,c85550823,
p15743142,504138317,10215,,sisley希思黎纖體乳 200ml,3028,1115,1105,1800,6.1,1,1,2,500022564,23,c85556526,
p15738752,504138318,10215,,sisley希思黎抗皺修活護手精華乳SPF30 75ml,3028,2264,728,1200,6.1,1,1,5,500022564,23,c85551188,
p15741650,504138319,10215,,sisley希思黎抗皺修活膚亮肌精華液 30ml,3022,1096,2470,3980,6.2,1,1,6,500022564,23,c85553927,
p15738165,504138320,10215,,sisley希思黎賦活水潤保濕精華30ml,3022,1096,1300,2100,6.2,1,1,5,500022564,23,c85550495,
p15740226,504138321,10215,,sisley希思黎修活防曬隔離乳SPF30 40ml,3022,1092,845,1350,6.3,1,1,2,500022564,23,,
p15738363,504138322,10215,,sisley希思黎抗皺禦致緊膚精華乳30ml,3022,1096,2470,3980,6.2,1,1,4,500022564,23,c85551224,
p15849364,504138323,10215,,sisley希思黎煥白晶璨夜霜 50ML,3022,1093,1105,1800,6.1,1,1,4,500022564,23,c85678796,
p15738217,504138324,10215,,sisley希思黎保濕眼唇凝露 30ml,3039,2813,683,1100,6.2,1,1,3,500022564,23,c85551053,
p15738222,504138325,10215,,sisley希思黎溫和植物淨顏平衡潔面露 120ml,3022,1088,468,750,6.2,1,1,6,500022564,23,c85551065,
p15738536,504138326,10215,,sisley希思黎植物修護面霜 50ml,3022,1093,923,1500,6.2,1,1,10,500022564,23,c85550454,
p15736389,504138327,10215,,sisley希思黎抗皺禦致淡紋精華乳30ml,3022,1096,2470,3980,6.2,1,1,6,500022564,23,c85549007,
p15921192,504138328,10215,,Sisley希思黎抗皺修活恒美凝時精華,3022,1096,2470,3980,6.2,0,0,4,500022564,23,c85765700,
p15843597,504138329,10215,,sisley希思黎藏紅花絲絨睡眠面膜 60ml,3022,1097,663,1100,6.0,5,5,22,500022564,23,c85670717,
p15948001,504138330,10215,,Sisley希思黎水潤美肌修顏乳-淺膚色 40ml,3021,2219,558,900,6.2,1,1,1,500022564,23,c85792725,
p15736783,504138331,10215,,sisley希思黎百合潔膚乳 250ml,3022,1088,585,950,6.2,4,4,56,500022564,23,c85549027,
p15849360,504138332,10215,,sisley希思黎致臻夜間修護精華露 50ML,3022,1096,3478,5600,6.2,2,2,14,500022564,23,c85679137,
p15910740,504138333,10215,,希思黎水潤美肌修顏乳 #0 亮白色 40ml,3021,2219,553,900,6.1,1,1,11,500022564,23,c85754858,
p15738146,504138334,10215,,sisley希思黎密集修護保濕面膜 60ml,3022,1097,1040,1700,6.1,0,0,15,500022564,23,c85550461,
p15738546,504138335,10215,,sisley希思黎毛孔緊致無瑕精華 30ml,3022,1096,1073,1750,6.1,1,1,4,500022564,23,c85550464,
p15738227,504138336,10215,,sisley希思黎煥白光采面膜 60ml,3022,1097,715,1100,6.5,2,2,14,500022564,23,c85550613,
p15741167,504138337,10215,,sisley希思黎黑玫瑰美容液 200ml,3022,1091,780,1280,6.1,1,1,4,500022564,23,c85554450,
p15871374,504138338,10215,,SISLEY PARIS希思黎植物絲柔蜜粉餅1號-玫瑰粉-12G,3021,2214,507,820,6.2,1,1,6,500022564,23,c85708571,
p15741257,504138339,10215,,sisley希思黎眼唇卸妝凝膠 120ml,3022,2243,455,750,6.1,0,0,3,500022564,23,c85555032,
p15738750,504138340,10215,,sisley希思黎花香面部噴霧 100ml,3022,1090,442,720,6.1,1,1,1,500022564,23,c85551185,
p15737891,504138341,10215,,sisley希思黎緣月濃香水 100ml,3037,2352,1333,2150,6.2,1,1,3,500022564,23,c85550286,
p15743067,504138342,10215,,sisley希思黎伊莎濃香水 100ml,3037,2352,1138,1880,6.1,1,1,5,500022564,23,c85555920,
p15849355,504138343,10215,,sisley希思黎致臻夜間修護精華面霜 50ML,3022,1096,3478,5600,6.2,2,2,8,500022564,23,c85678789,
p15825600,504138344,10215,,sisley希思黎煥白防護氣墊粉底霜 15g,3021,2201,618,980,6.3,0,0,9,500022564,23,,
p15741494,504138345,10215,,sisley希思黎植物淨顏潔膚面膜 60ml,3022,1097,650,1050,6.2,3,3,8,500022564,23,c85554776,
p15885166,504138346,10215,,Sisley 希思黎魅惑水鑽光唇膏# 21 3g,3016,2195,267,430,6.2,0,0,2,500022564,23,c85726125,
p15866471,504138347,10215,,SISLEY希思黎修活防曬乳 SPF30 60ml,3022,1092,1118,1850,6.0,1,1,3,500022564,23,c85702199,
p15876795,504138348,10215,,Sisley希思黎魅惑水鑽光唇膏 11 3g,3016,2195,267,430,6.2,1,1,5,500022564,23,c85716391,
p15738605,504138349,10215,,sisley希思黎清保濕面霜 50ml,3022,1093,897,1480,6.1,0,0,2,500022564,23,c85550593,
p15922113,504138350,10215,,Sisley 希思黎星燦啞光防水眼線筆1號 0.3g,3038,3623,267,430,6.2,1,1,1,500022564,23,c85766631,
p15913046,504138351,10215,,Sisley希思黎全能乳液升級版套裝,3022,1100,1268,2080,6.1,0,0,15,500022564,23,c85756672,
p15738684,504138352,10215,,sisley希思黎緊致修護眼膜 30ml,3039,2329,683,1120,6.1,50,50,100+,500022564,23,c85550666,
p15874160,504138353,10215,,SISLEY PARIS希思黎致臻夜間修護眼部精粹乳15ml,3039,2813,1680,2500,6.7,6,6,25,500022564,23,c85711683,
p15792866,504138354,10215,,sisley希思黎三重精華油卸妝乳膏,3022,2243,570,950,6.0,16,16,45,500022564,23,c85613269,
p15738259,504138355,10215,,sisley希思黎調理護膚水 250ml,3022,1090,520,850,6.1,0,0,2,500022564,23,c85551101,
p15738522,504138356,10215,,sisley希思黎膠原蛋白緊膚晚霜 50ml,3022,1093,1008,1650,6.1,1,1,6,500022564,23,c85550440,
p15878484,504138357,10215,,Sisley希思黎植物持久養肌粉底液00C-30ML,3021,2201,488,800,6.1,0,0,5,500022564,23,c85717987,
p15802069,504138358,10215,,sisley 希思黎舒護潤唇膏 9g,3016,2195,390,630,6.2,3,3,21,500022564,23,c85622313,
p15738621,504138359,10215,,sisley希思黎 植物淨顏平衡精華露 30ml,3022,1096,845,1380,6.1,0,0,2,500022564,23,c85551049,
p15738629,504138360,10215,,sisley希思黎溫和植物淨顏卸妝液 300ml,3022,2243,618,1000,6.2,1,1,6,500022564,23,c85551060,
p15802066,504138361,10215,,sisley 希思黎抗皺修活臻顏面霜 50ml,3022,1093,2470,3980,6.2,1,1,7,500022564,23,c85622310,
p15738524,504138362,10215,,sisley希思黎特潤抗皺修活臻顏霜 50ml,3022,1093,2470,3980,6.2,1,1,9,500022564,23,c85550519,
p15741023,504138363,10215,,sisley希思黎漾澤眼影彩筆,3038,2217,241,350,6.9,0,0,3,500022564,23,,
p15742278,504138364,10215,,sisley希思黎煥白濃縮精華液 20ml,3022,1096,1950,3000,6.5,0,0,4,500022564,23,c85556069,
p15737109,504138365,31886,,CPB肌膚之鑰光凝妝前霜 （長管隔離）37ml,3021,2222,300,500,6.0,27,27,1000+,500022564,23,c85549299,
p15865832,504138366,31886,,CPB肌膚之鑰光潤凝萃氣墊精華水粉底 B00 15G（替換芯）,3021,2201,371,570,6.5,8,8,50,500022564,23,c85701323,
p15737117,504138367,31886,,CPB 肌膚之鑰撫紋抗皺精華眼膜15ml*6,3039,2329,780,1200,6.5,11,11,31,500022564,23,c85549310,
p15743652,504138368,31886,,CPB 肌膚之鑰琉金柔霧唇膏 120 號4g,3016,2195,312,480,6.5,2,2,3,500022564,23,c85556510,
p15742867,504138369,31886,,CPB 肌膚之鑰琉金柔霧唇膏 111號4g,3016,2195,312,480,6.5,0,0,9,500022564,23,c85555705,
p15864422,504138370,31886,,CPB肌膚之鑰耀白煥亮淡斑護理組,3022,1097,1593,2450,6.5,0,0,23,500022564,23,c85700429,
p15820014,504138371,31886,,CPB肌膚之鑰亮采柔膚粉-201-10G,3021,2214,520,800,6.5,0,0,11,500022564,23,c85642083,
p15740928,504138372,31886,,CPB 肌膚之鑰光盈柔霧粉底液I 10,3021,2201,683,1050,6.5,0,0,100+,500022564,23,c85553683,
p15857647,504138373,13105,,FRESH馥蕾詩紅茶凝時煥活眼霜 15ML,3039,2813,416,640,6.5,19,19,75,500022564,23,c85689587,
p15806506,504138374,13105,,fresh  馥蕾詩紅茶凝時煥活面霜 50ml,3022,1093,559,860,6.5,15,15,79,500022564,23,c85627178,
p15805998,504138375,13105,,fresh 馥蕾詩紅茶緊致塑顏面霜 50ml（版）,3022,1093,559,860,6.5,13,13,49,500022564,23,c85626808,
p15821718,504138376,13105,,fresh馥蕾詩紅茶酵母酵萃精華液 250ml,3022,1090,735,1130,6.5,13,13,100+,500022564,23,c85644033,
p15897679,504138377,13105,,fresh馥蕾詩紅茶緊致提拉睡眠面膜-100ML,3022,1097,546,840,6.5,13,13,35,500022564,23,c85741238,
p15849350,504138378,13105,,fresh馥蕾詩紅茶酵母酵萃精華雙支裝,3022,1096,914,1405,6.5,0,0,100+,500022564,23,c85678780,
p15892318,504138379,13105,,FRESH馥蕾詩紅茶緊致潤養日夜面膜套裝（100ml + 100ml）,3022,1097,982,1510,6.5,8,8,30,500022564,23,c85735079,
p15893774,504138380,13105,,Fresh馥蕾詩紅茶凝時煥活精華露50ml,3022,1096,702,1080,6.5,13,13,29,500022564,23,c85736805,
p15781809,504138381,13105,,fresh馥蕾詩古源密集滋養乳霜 100ml,3022,1093,2392,3680,6.5,7,7,60,500022564,23,c85601352,
p15849347,504138382,13105,,fresh馥蕾詩紅茶凝時煥活面霜-100ML,3022,1093,894,1375,6.5,4,4,39,500022564,23,c85679124,
p15872227,504138383,13105,,FRESH馥蕾詩古源傳奇面部精華油-30ML,3022,1096,1398,2150,6.5,5,5,21,500022564,23,c85709524,
p15832834,504138384,13105,,fresh馥蕾詩古源白松露珍萃修護精華 30ml,3022,1096,1937,2980,6.5,6,6,15,500022564,23,c85658883,
p15901536,504138385,13105,,FRESH馥蕾詩古源精華露-150ML,3022,1096,905,1560,5.8,2,2,3,500022564,23,c85745202,
p15788532,504138386,13105,,fresh 馥蕾詩古源密集滋養面霜-100ML,3022,1093,2392,3680,6.5,1,1,26,500022564,23,c85607897,
p15857268,504138387,13105,,FRESH馥蕾詩古源眼霜 15g,3039,2813,865,1330,6.5,2,2,23,500022564,23,c85690085,
p15866973,504138388,13105,,fresh馥蕾詩古源白松露睡眠面膜100ml,3022,1097,2568,3950,6.5,1,1,7,500022564,23,c85703288,
p15919496,504138389,13105,,FRESH馥蕾詩紅茶緊致塑顏禦齡禮盒50ml*2+15ml,3022,1100,1427,2195,6.5,1,1,1,500022564,23,c85763806,
p15870456,504138390,13105,,FRESH馥蕾詩古源密集滋養三部曲,3022,1100,4329,6660,6.5,0,0,7,500022564,23,c85707565,
p15806918,504138391,31883,,CAUDALIE歐緹麗大葡萄籽護唇膏 4.5g,3022,1098,33,55,6.0,153,153,1000+,500022564,23,c85627779,
p15870336,504138392,31883,,CAUDALIE歐緹麗啫喱面霜-60ML,3022,1093,156,260,6.0,29,29,57,500022564,23,c85707238,
p15882667,504138393,31883,,Caudalie歐緹麗葡萄籽保濕修復面膜-75ML,3022,1097,144,240,6.0,40,40,58,500022564,23,c85723372,
p15787534,504138394,31883,,CAUDALIE 歐緹麗葡萄籽輕柔去角質霜 75ml,3022,1088,132,220,6.0,33,33,47,500022564,23,c85606900,
p15787459,504138395,31883,,CAUDALIE 歐緹麗葡萄活性精華爽膚水 100ml,3022,1090,222,370,6.0,0,0,200+,500022564,23,c85606901,
p15869865,504138396,31883,,CAUDALIE歐緹麗深層補水面霜-60ML,3022,1093,156,260,6.0,32,32,92,500022564,23,c85707236,
p15824012,504138397,31883,,CAUDALIE歐緹麗大葡萄籽系列護膚套裝,3022,1098,63,105,6.0,22,22,300+,500022564,23,c85645842,
p15936345,504138398,31883,,Caudalie歐緹麗細緻平衡美膚淡斑液-15ML,3022,1091,72,120,6.0,17,17,38,500022564,23,c85781134,
p15870338,504138399,31883,,CAUDALIE歐緹麗葡萄籽雪芭保濕面霜-60ML,3022,1093,156,260,6.0,22,22,63,500022564,23,c85707241,
p15883154,504138400,31883,,Caudalie歐緹麗尊貴璀璨時光修護眼霜15ML,3039,2813,324,540,6.0,22,22,34,500022564,23,c85723552,
p15936511,504138401,31883,,Caudalie歐緹麗細緻平衡保濕啞光乳液-60ML,3022,1091,156,260,6.0,20,20,21,500022564,23,c85781139,
p15823783,504138402,31883,,CAUDALIE 歐緹麗大葡萄籽護手霜 75ml（隨機發貨）,3028,2264,66,110,6.0,10,10,100+,500022564,23,c85646167,
p15914180,504138403,31883,,Caudalie歐緹麗葡萄活性保濕噴霧 75ml,3022,1090,42,70,6.0,0,0,100+,500022564,23,c85757446,
p15869867,504138404,31883,,CAUDALIE歐緹麗白藜蘆醇提升緊致絲漾乳液-40ML,3022,1091,270,450,6.0,17,17,1,500022564,23,c85707242,
p15887954,504138405,31883,,Caudalie 歐緹麗臻美亮白淡斑煥膚晚霜-50ML,3022,1093,240,400,6.0,0,0,27,500022564,23,c85730461,
p15884801,504138406,31883,,Caudalie歐緹麗白藜蘆醇提拉緊塑眼霜-15ML,3039,2813,258,430,6.0,3,3,43,500022564,23,c85726217,
p15858583,504138407,31883,,Caudalie歐緹麗臻美亮白淡斑精華液 30ML,3022,1096,312,520,6.0,0,0,94,500022564,23,c85691311,
p15883149,504138408,31883,,Caudalie歐緹麗葡萄籽修復身體乳霜-250ML,3028,2269,150,250,6.0,13,13,11,500022564,23,c85723547,
p15894357,504138409,31883,,Caudalie歐緹麗葡萄籽深層清潔去角質霜-75mL,3022,1088,135,225,6.0,13,13,23,500022564,23,c85736934,
p15820016,504138410,31883,,CAUDALIE 歐緹麗天然祛味止汗棒 50g,3028,1115,90,150,6.0,0,0,57,500022564,23,c85641789,
p15787538,504138411,31883,,CAUDALIE 歐緹麗潔顏摩絲 50ml,3022,1088,54,90,6.0,4,4,86,500022564,23,c85606904,
p15885261,504138412,31883,,Caudalie歐緹麗尊貴璀璨時光精華-30ML,3022,1096,660,1100,6.0,8,8,27,500022564,23,c85725858,
p15893913,504138413,31883,,Caudalie歐緹麗白藜蘆醇提拉緊塑精華30 mL,3022,1096,336,560,6.0,0,0,100+,500022564,23,c85737240,
p15883153,504138414,31883,,Caudalie歐緹麗白藜蘆醇提升緊致精華-眼霜2支裝-45ML,3022,1100,519,864,6.0,0,0,39,500022564,23,c85723373,
p15902878,504138415,14005,,Caudalie歐緹麗臻美亮采煥膚調理慕斯-100ML,3022,1093,162,270,6.0,0,0,9,500022564,23,c85747012,
p15883152,504138416,31883,,Caudalie歐緹麗潔顏清濁面膜-75ML,3022,1097,150,250,6.0,3,3,29,500022564,23,c85723551,
p15903380,504138417,31883,,Caudalie歐緹麗VINOPERFECT臻美亮白精華露,3022,1096,138,230,6.0,0,0,30,500022564,23,c85746923,
p15911815,504138418,31883,,Caudalie歐緹麗細緻平衡美膚精華30ml,3022,1096,192,320,6.0,0,0,50,500022564,23,c85755442,
p15830812,504138419,31883,,CAUDALIE歐緹麗葡萄藤極致抗黑眼圈眼霜  15ml,3039,2813,204,340,6.0,0,0,82,500022564,23,c85656127,
p15787533,504138420,31883,,CAUDALIE 歐緹麗柔和保濕潔顏卸妝乳 200ml,3022,2243,114,190,6.0,0,0,200+,500022564,23,c85607401,
p15936362,504138421,31883,,Caudalie歐緹麗白藜蘆醇緊致提升晚霜,3022,1093,294,490,6.0,0,0,18,500022564,23,c85780747,
p15894354,504138422,31883,,Caudalie歐緹麗白藜蘆醇提拉緊塑絲絨面霜-50ML,3022,1093,294,490,6.0,0,0,33,500022564,23,c85737233,
p15936346,504138423,31883,,Caudalie歐緹麗臻美亮白淡斑面霜-50ML,3022,1093,234,390,6.0,0,0,7,500022564,23,c85781135,
p15787452,504138424,31883,,CAUDALIE 歐緹麗卸妝潔膚油 150ml,3022,2243,114,190,6.0,0,0,65,500022564,23,c85606893,
p15882666,504138425,31883,,Caudalie歐緹麗尊貴璀璨時光滋養修護霜-50ML,3022,1093,588,980,6.0,0,0,31,500022564,23,c85723550,
p15787451,504138426,31883,,CAUDALIE 歐緹麗葡萄籽三合一潔膚水 200ml,3022,2243,114,190,6.0,0,0,32,500022564,23,c85606890,
p15787541,504138427,31883,,CAUDALIE 歐緹麗葡萄活性精華爽膚水 30ml,3022,1090,78,130,6.0,0,0,300+,500022564,23,c85606906,
p15943245,504138428,31883,,Caudalie歐緹麗保濕舒緩噴霧 300 mL,3022,1090,108,180,6.0,0,0,86,500022564,23,c85788146,
p15870334,504138429,31883,,CAUDALIE歐緹麗透明質酸精華-30ML,3022,1096,192,320,6.0,0,0,100+,500022564,23,c85706824,
p15893911,504138430,31883,,Caudalie歐緹麗葡萄籽滋潤抗氧身體乳液-400ML,3022,1091,150,250,6.0,0,0,12,500022564,23,c85737238,
p15831875,504138432,31883,,CAUDALIE歐緹麗葡萄精華爽膚水套裝100ML* 2,3022,1096,400,666,6.0,0,0,600+,500022564,23,c85658236,
p15936508,504138433,31883,,Caudalie歐緹麗細緻平衡淨透潔顏啫喱75ML,3022,1088,63,105,6.0,0,0,38,500022564,23,c85781133,
p15787465,504138434,31883,,CAUDALIE 歐緹麗潔顏摩絲 150ml*2,3022,1088,206,342,6.0,0,0,100+,500022564,23,c85607411,
p15787522,504138435,31883,,CAUDALIE 歐緹麗舒緩保濕爽膚水 100ml,3022,1090,59,98,6.0,0,0,100+,500022564,23,c85606889,
p15858208,504138436,31883,,Caudalie歐緹麗白藜蘆醇提升緊致日霜晚霜2支裝,3022,1093,528,880,6.0,0,0,94,500022564,23,c85691306,
p15869866,504138437,31883,,CAUDALIE歐緹麗臻美亮白淡斑精華液-50ML,3022,1096,420,700,6.0,0,0,95,500022564,23,c85707239,
p15903369,504138438,14005,,Caudalie歐緹麗細緻平衡淨透爽膚水-200ML,3022,1090,114,190,6.0,0,0,33,500022564,23,c85746917,
p15936350,504138439,31883,,Caudalie歐緹麗葡萄籽舒緩保濕潔顏啫喱-150ML-）,3022,1088,108,180,6.0,0,0,9,500022564,23,c85780737,
p15902877,504138440,14005,,Caudalie歐緹麗細緻平衡淨透潔顏啫喱-150ML,3022,1088,114,190,6.0,0,0,20,500022564,23,c85746916,
p15787519,504138441,31883,,CAUDALIE 歐緹麗葡萄潔面摩絲 150ml,3022,1088,114,190,6.0,0,0,42,500022564,23,c85607392,
p15787455,504138442,31883,,CAUDALIE 歐緹麗葡萄籽完美更面膜 75ml,3022,1097,144,240,6.0,0,0,44,500022564,23,c85607398,
p15894963,504138443,31883,,Caudalie歐緹麗保濕舒緩噴霧-300mL,3022,1090,102,170,6.0,0,0,200+,500022564,23,c85738541,
p15892312,504138444,31883,,Caudalie歐緹麗保濕舒緩噴霧200ML,3022,1090,84,140,6.0,0,0,99,500022564,23,c85735076,
p15787454,504138445,31883,,CAUDALIE 歐緹麗葡萄籽抗痘控油保濕霜 40ml,3022,1093,156,260,6.0,0,0,39,500022564,23,c85606896,
p15894355,504138446,31883,,Caudalie歐緹麗葡萄籽抗氧身體防曬噴霧-SPF50-150ML,3022,1092,186,310,6.0,0,0,7,500022564,23,c85737234,
p15884800,504138447,31883,,Caudalie歐緹麗白藜蘆醇提拉緊塑晚霜-50ML,3022,1093,294,490,6.0,0,0,24,500022564,23,c85726216,
p15787532,504138448,31883,,CAUDALIE 歐緹麗柔潤保濕爽膚水 200ml,3022,1090,114,190,6.0,0,0,100+,500022564,23,c85606899,
p15735719,504138449,14060,,IPSA茵芙莎化妝棉120片,3013,1141,33,55,6.0,508,508,4000+,500022564,23,c85547648,
p15883657,504138450,14060,,IPSA茵芙莎-生肌補濕精華棒9.2g,3022,1096,162,270,6.0,42,42,100+,500022564,23,c85724734,
p15884171,504138451,14060,,IPSA茵芙莎柔潤潔面泡沫（幹性肌）125ml,3022,1088,144,240,6.0,59,59,200+,500022564,23,c85724732,
p15893881,504138452,14060,,IPSA 茵芙莎流金歲月凝潤美膚水300ml,3022,1090,270,450,6.0,0,0,100+,500022564,23,c85736908,
p15735742,504138453,14060,,IPSA茵芙莎水潤清潔面泡沫/洗面奶 125ML,3022,1088,144,240,6.0,18,18,92,500022564,23,c85547671,
p15884162,504138454,14060,,IPSA茵芙莎-水亮淨肌海泥磨砂面膜-雙盒裝（100g +100g）,3022,1097,387,645,6.0,14,14,100+,500022564,23,c85724723,
p15883650,504138455,14060,,IPSA茵芙莎-水亮淨肌海泥磨砂面膜100g,3022,1097,216,360,6.0,14,14,89,500022564,23,c85724722,
p15737336,504138456,14060,,IPSA茵芙莎 清潤卸妝油EX 196ml,3022,2243,174,290,6.0,9,9,100+,500022564,23,c85550082,
p15828355,504138457,14060,,IPSA茵芙莎光透無瑕修飾遮瑕膏4.5g,3021,2220,180,300,6.0,0,0,100+,500022564,23,c85652628,
p15739066,504138458,14060,,IPSA茵芙莎舒緩淨潤潔面乳/洗面奶125g,3022,1088,144,240,6.0,20,20,200+,500022564,23,c85551440,
p15828364,504138459,14060,,IPSA茵芙莎自律舒緩美肌液3（175ml）,3022,1091,282,470,6.0,27,27,81,500022564,23,c85653041,
p15835899,504138460,14060,,IPSA茵芙莎自律角質清理液2 E 150ml,3022,1090,180,300,6.0,3,3,35,500022564,23,c85662651,
p15876844,504138462,14060,,IPSA茵芙莎清盈倍護防曬乳30ml,3022,1092,198,330,6.0,8,8,100+,500022564,23,c85716600,
p15735409,504138463,14060,,IPSA茵芙莎凝水保濕菁華露50g,3022,1093,228,380,6.0,9,9,25,500022564,23,c85547682,
p15917623,504138464,14060,,IPSA茵芙莎緊致活力精華液50ml,3022,1096,420,700,6.0,3,3,8,500022564,23,c85761791,
p15825755,504138465,14060,,IPSA茵芙莎自律舒緩美肌液4（175ml）,3022,1090,282,470,6.0,4,4,17,500022564,23,c85647972,
p15797230,504138466,14060,,IPSA茵芙莎清顏肌菁華液E-50ML,3022,1096,420,700,6.0,2,2,17,500022564,23,c85617387,
p15864418,504138467,14060,,IPSA茵芙莎美白精華液-50ml,3022,1096,492,820,6.0,4,4,19,500022564,23,c85700421,
p15872025,504138468,14060,,IPSA茵芙莎自律角質清理液-1  （142ml）,3022,1088,180,300,6.0,3,3,28,500022564,23,c85709174,
p15864423,504138469,14060,,IPSA茵芙莎彈潤面霜50g,3022,1093,378,630,6.0,3,3,47,500022564,23,c85699916,
p15884963,504138470,14060,,IPSA茵芙莎-茵芙莎清盈舒緩防曬乳（敏感肌）30g,3022,1092,168,280,6.0,0,0,38,500022564,23,c85726518,
p15952671,504138471,14060,,IPSA茵芙莎光透充盈組合7-175ml,3022,1090,318,530,6.0,1,1,3,500022564,23,c85797725,
p15952389,504138472,14060,,IPSA茵芙莎光透充盈組合1-175ml,3022,1090,318,530,6.0,1,1,,500022564,23,c85797724,
p15952670,504138473,14060,,IPSA茵芙莎光透充盈組合5-175ml,3022,1090,318,530,6.0,0,0,3,500022564,23,c85797346,
p15952394,504138474,14060,,IPSA茵芙莎光透充盈組合8-175ml,3022,1090,318,530,6.0,0,0,3,500022564,23,c85797349,
p15825594,504138475,14060,,IPSA茵芙莎三色遮瑕膏雙盒裝E（4.5g + 4.5g）,3021,2220,327,540,6.1,0,0,200+,500022564,23,c85647737,
p15884965,504138476,14060,,IPSA茵芙莎自律舒緩美肌液2 175ml,3022,1091,282,470,6.0,0,0,61,500022564,23,c85726399,
p15864420,504138477,14060,,IPSA茵芙莎流金歲月修飾噴霧50ml,3022,1090,102,170,6.0,0,0,28,500022564,23,c85699912,
p15917619,504138478,14060,,IPSA茵芙莎深潤流金旅行套裝,3022,1100,225,375,6.0,0,0,1,500022564,23,c85761783,
p15888659,504138479,14060,,IPSA茵芙莎自律舒緩美肌液1  175ml,3022,1091,282,470,6.0,4,4,18,500022564,23,c85730728,
p15865489,504138480,14060,,IPSA茵芙莎自律美肌液7-175ML,3022,1090,336,560,6.0,0,0,21,500022564,23,c85699911,
p15871559,504138481,14060,,IPSA茵芙莎自律美肌液2-175ML,3022,1091,336,560,6.0,0,0,17,500022564,23,c85709168,
p15844010,504138482,14060,,IPSA茵芙莎自律美肌液 175ml,3022,1091,336,560,6.0,0,0,24,500022564,23,,
p15859409,504138483,14060,,IPSA茵芙莎流金歲月凝潤護理油-100ML,3028,2272,237,395,6.0,0,0,12,500022564,23,c85693195,
p15952673,504138484,14060,,IPSA茵芙莎光透充盈組合3-175ml,3022,1090,318,530,6.0,0,0,2,500022564,23,c85797347,
p15952395,504138485,14060,,IPSA茵芙莎光透充盈組合4-175ml,3022,1090,318,530,6.0,0,0,3,500022564,23,c85797730,
p15952674,504138486,14060,,IPSA茵芙莎光透充盈組合6-175ml,3022,1090,318,530,6.0,1,1,2,500022564,23,c85797350,
p15742014,504138487,30992,,Kilian凱利安狂野淑女濃香水 50ml,3037,2352,1582,2260,7.0,2,2,3,500022564,23,c85555317,
p15884991,504138488,30992,,By Kilian凱利安手霜 狂野淑女香型50ml（醉人花香）,3037,2352,329,470,7.0,0,0,12,500022564,23,c85726550,
p15741472,504138489,30992,,Kilian凱利安 永生之花濃香水 50ml,3037,2352,1582,2260,7.0,0,0,2,500022564,23,c85555276,
p15741978,504138490,30992,,Kilian凱利安天堂月光濃香水 50ml,3037,2352,1582,2260,7.0,1,1,2,500022564,23,c85554752,
p15741227,504138491,30992,,Kilian凱利安冰雪玫瑰香水 50ml,3037,2352,1316,1880,7.0,0,0,3,500022564,23,c85555007,
p15741690,504138492,30992,,Kilian凱利安竹香禪意濃香水 50ml,3037,2352,1582,2260,7.0,0,0,15,500022564,23,c85554495,
p15900984,504138493,30992,,By Kilian凱利安香水 凱利安太陽輕吻女神50ml,3037,2352,1334,2260,5.9,0,0,1,500022564,23,c85745148,
p15845302,504138494,30992,,By Kilian 凱利安狂野淑女香水100ml,3037,2352,2160,3085,7.0,0,0,2,500022564,23,c85673808,
p15741967,504138495,30992,,Kilian凱利安寒冰伏特加濃香水 50ml,3037,2352,1582,2260,7.0,0,0,10,500022564,23,c85554743,
p15885456,504138496,30992,,By Kilian凱利安手霜帝國茗茶香型50ml（清新果香）,3037,2352,329,470,7.0,0,0,9,500022564,23,c85726551,
p15741680,504138497,30992,,Kilian凱利安直達天堂濃香水 50ml,3037,2352,1582,2260,7.0,1,1,3,500022564,23,c85554486,
p15865186,504138498,30992,,BY KILIAN香水 凱利安帝國茗茶 50ML,3037,2352,1582,2260,7.0,0,0,5,500022564,23,c85699613,
p15737065,504138499,30992,,Kilian凱利安蘋果白蘭地香水 50ml,3037,2352,1320,1880,7.0,0,0,5,500022564,23,c85548875,
p15895896,504138500,31009,,ALBION澳爾濱高級綿柔化妝棉,3012,3145,26,40,6.5,57,57,200+,500022564,23,c85739307,
p15886461,504138501,31873,,ALBION-全效植萃精華霜40g,3022,1093,429,660,6.5,11,11,87,500022564,23,c85727418,
p15846147,504138502,31873,,ALBION特級綿柔化妝棉 120pcs,3012,3145,46,70,6.6,0,0,100+,500022564,23,c85674414,
p15896324,504138503,31009,,ALBION澳爾濱3D膠原瑩白緊緻柔膚水200ml,3022,1090,377,580,6.5,1,1,4,500022564,23,c85739301,
p15846161,504138504,31873,,ALBION雅思臻鉑恒亮再生保濕滲透乳 200g,3022,1091,644,990,6.5,0,0,16,500022564,23,c85674460,
p15846158,504138505,31873,,ALBION雅思臻顏賦活再生柔膚水 200ml,3022,1090,644,990,6.5,1,1,10,500022564,23,c85674457,
p15846148,504138506,31873,,ALBION雅思臻鉑恒亮啟動細胞面霜 30g,3022,1093,1073,1650,6.5,1,1,6,500022564,23,c85674437,
p15846582,504138507,31873,,ALBION雅思臻顏賦活再生保濕滲透乳 200g,3022,1091,644,990,6.5,0,0,21,500022564,23,c85674725,
p15882032,504138508,31873,,ALBION 3D膠原緊緻面霜30g,3022,1093,644,990,6.5,1,1,8,500022564,23,c85722268,
p15882037,504138509,31873,,ALBION 3D膠原緊緻滲透乳200ml,3022,1091,377,580,6.5,1,1,15,500022564,23,c85721891,
p15846567,504138510,31873,,ALBION雅思臻鉑天狼星亮白精華液 40ml,3022,1096,806,1240,6.5,1,1,19,500022564,23,c85674428,
p15846571,504138511,31873,,ALBION雅思臻顏賦活再生面霜 30g,3022,1093,1073,1650,6.5,1,1,6,500022564,23,c85674436,
p15946812,504138512,31873,,Albion澳爾濱3D膠原瑩白緊緻面霜 30g,3022,1093,644,990,6.5,1,1,1,500022564,23,c85791827,
p15948963,504138513,31873,,ALBION澳爾濱雅思臻顏賦活再生豐盈保濕滲透乳200g,3022,1091,644,990,6.5,0,0,3,500022564,23,c85793991,
p15846573,504138514,31873,,ALBION奇肌修復露t,3022,1090,403,620,6.5,2,2,21,500022564,23,,
p15922111,504138515,31873,,ALBION澳爾濱雅思臻鉑恒亮再生卸妝啫喱油 150g,3022,2243,325,500,6.5,0,0,2,500022564,23,c85766284,
p15846574,504138516,31873,,ALBION奇肌修復露d補充裝 60ml,3022,1090,722,1110,6.5,0,0,19,500022564,23,c85674452,
p15846167,504138517,31873,,ALBION雅思臻顏再生雙效酵素精華 40ml,3022,1096,806,1240,6.5,0,0,12,500022564,23,c85674726,
p15882033,504138518,31873,,ALBION 3D膠原緊緻精華液40ml,3022,1096,540,830,6.5,0,0,13,500022564,23,c85722269,
p15911182,504138519,31009,,Albion白神發酵液 s 80ml,3022,1101,377,580,6.5,1,1,2,500022564,23,c85754859,
p15922112,504138520,31873,,ALBION澳爾濱雅思臻顏賦活再生潔面乳 150ml,3022,1088,293,450,6.5,1,1,2,500022564,23,c85766629,
p15846165,504138521,31873,,ALBION白神發酵液,3022,1090,406,580,7.0,0,0,27,500022564,23,,
p15915321,504138522,31873,,Albion白神發酵液 s 160ml,3022,1091,683,1050,6.5,0,0,6,500022564,23,c85759273,
p15915322,504138523,31873,,Albion3D膠原瑩白緊緻精華液,3022,1096,540,830,6.5,0,0,5,500022564,23,c85759618,
p15895889,504138524,31009,,ALBION澳爾濱雅思臻顏賦活再生卸妝霜-150G,3022,2243,325,500,6.5,1,1,3,500022564,23,c85739520,
p15846569,504138525,31873,,ALBION全方位基因修復防曬面霜 50g,3022,1093,540,830,6.5,2,2,80,500022564,23,c85674710,
p15882034,504138526,31873,,ALBION 3D膠原緊緻先乳後水套裝,3022,1100,832,1280,6.5,0,0,15,500022564,23,c85722270,
p15886464,504138527,31873,,ALBION-四重植萃瑩亮精華油40ml,3022,1096,267,410,6.5,0,0,100+,500022564,23,c85727523,
p16092324,504138528,31847,,Burberry博柏利花與她馥鬱香水100ml,3037,2352,1138,1750,6.5,1,1,,500022564,23,c85963707,
p16091961,504138529,31847,,Burberry博柏利卓越持妝柔焦蜜粉02,3021,2214,343,490,7.0,0,0,3,500022564,23,c85963219,
p16094854,504138530,31847,,BURBERRY博柏利LOLA唇膏622,3016,2195,256,320,8.0,0,0,,500022564,23,c85966618,
p16095248,504138531,31847,,BURBERRY博柏利LOLA唇膏636,3016,2195,280,350,8.0,1,1,,500022564,23,c85966617,
p16095260,504138532,31847,,BURBERRY博柏利卓越持妝柔焦蜜粉03,3021,2214,343,490,7.0,0,0,2,500022564,23,c85966176,
p16095255,504138533,10134,,Gucci古馳柔霧持妝氣墊粉底液03.5,3021,2201,496,620,8.0,1,1,,500022564,23,c85966623,
p16095254,504138534,10134,,Gucci古馳柔霧持妝氣墊粉底液02,3021,2201,496,620,8.0,1,1,,500022564,23,c85966172,
p16095263,504138535,10134,,Gucci古馳柔霧持妝氣墊粉底液04,3021,2201,496,620,8.0,1,1,,500022564,23,c85966180,
p16094859,504138536,10134,,Gucci古馳柔霧持妝氣墊粉底液03,3021,2201,496,620,8.0,1,1,,500022564,23,c85966626,
p16095256,504138537,10134,,Gucci古馳花之舞女性淡香精 Gorgeous Orchid Intense 50ml,3037,2352,1304,1630,8.0,1,1,,500022564,23,c85966173,
p16095264,504138538,10134,,Gucci古馳花之舞女性淡香精 Gorgeous Orchid Intense 75ml,3037,2352,920,1150,8.0,0,0,,500022564,23,c85966182,
p16095249,504138539,31873,,ELEGANCE 持久剔透防曬調色乳 30g (粉紅色),3022,1092,304,380,8.0,7,7,1,500022564,23,c85966169,
p16095253,504138540,31873,,ELEGANCE 持久剔透防曬調色乳 30g (紫色),3022,1092,304,380,8.0,23,23,9,500022564,23,c85966622,
p16094855,504138541,31873,,ELEGANCE 持久剔透防曬調色乳 30g (橙色),3022,1092,304,380,8.0,2,2,1,500022564,23,c85966171,
p16094862,504138542,31873,,ELEGANCE 持久剔透防曬調色乳 30g (亮膚色),3022,1092,304,380,8.0,2,2,1,500022564,23,c85966630,
p16094858,504138543,31873,,ALBION澄透角質速煥精華40ml,3022,1096,528,660,8.0,6,6,,500022564,23,c85966625,
p16095251,504138544,31873,,ALBION雅思臻鉑28天速效淡斑凈亮安瓶精華1.5mlx28pcs,3022,1096,1648,2060,8.0,3,3,,500022564,23,c85966170,
p16095268,504138545,31873,,ALBION五重植萃瑩澤精華油 40ml,3022,1096,328,410,8.0,8,8,6,500022564,23,c85966186,
p15742885,504138546,30917,,同仁堂安宮牛黃丸 單粒3克-清熱解毒/鎮靜開竅/保護心腦血管(有效期至：2030.6.19),3110,3117,1220,1280,9.5,159,159,600+,500022564,23,c85556197,
p15834139,504138547,30917,,同仁堂再造丸10粒-祛風化痰/活血通絡（有效期至2028.02.07）,3110,3111,390,600,6.5,0,0,46,500022564,23,c85661192,
