productId,sku,brandName,brandEnName,productName,price,originalPrice,discount,reducePrice,futurePrice,activityStock,stock,sellNum,limitNum,validStart,exchangePrice,hiddenPrice,specialSale,vipPrice,priceType
p15858529,E1092830,莫傑,MARC JACOBS,MARC JACOBS馬克綺布女士單肩包H076M01RE21-261-1SZ,1110,3700.0,3.0,2590.0,,1,1,,0,2026-09-15 00:00:00,1034.44,,False,0.0,3
p15858132,E0305686,莫傑,MARC JACOBS,MARC JACOBS馬克琦布女士單肩包H063M01RE21-373-1SZ,780,2600.0,3.0,1820.0,,1,1,,0,2026-09-15 00:00:00,726.9,,False,0.0,3
p15858148,E995648,莫傑,MARC JACOBS,MARC JACOBS馬克琦布女士手提包M0016161-481-1SZ,645,2150.0,3.0,1505.0,,1,1,,0,2026-09-15 00:00:00,601.09,,False,0.0,3
p15858525,E0197154,莫傑,MARC JACOBS,MARC JACOBS馬克綺布女士手提包H004L01PF21-914-1SZ,1449,4830.0,3.0,3381.0,,1,1,,0,2026-09-15 00:00:00,1350.36,,False,0.0,3
p15858146,E940778,莫傑,MARC JACOBS,MARC JACOBS馬克綺布女士單肩背包M0014867-259-1SZ,1110,3700.0,3.0,2590.0,,1,1,,0,2026-09-15 00:00:00,1034.44,,False,0.0,3
p15841598,F114540,同仁堂,TRT,【特賣品】同仁堂洋參樟芝膠囊48粒(保質期至2026.11.13),114,380.0,3.0,266.0,,8,8,100+,0,2026-09-15 00:00:00,106.24,,True,0.0,3
p15839239,C107293,巴黎歐萊雅,L'OREAL PARIS,L'OREAL歐萊雅複顏水光充盈柔膚水三支裝200ml*3【有效期至：2027年2月】,93,310.0,3.0,217.0,,2,2,29,0,2026-09-15 00:00:00,86.67,,False,0.0,3
p15895510,E1678371R,莫傑,MARC JACOBS,【特賣品】MARC JACOBS馬克雅克布太陽鏡206958WR7579K,510,1700.0,3.0,1190.0,,1,1,,0,2026-09-15 00:00:00,475.28,,True,0.0,3
p15858131,E0197160,莫傑,MARC JACOBS,MARC JACOBS馬克琦布女士單肩包H014M02PF21-699-1SZ,780,2600.0,3.0,1820.0,,1,1,,0,2026-09-15 00:00:00,726.9,,False,0.0,3
p15858136,E0197157,莫傑,MARC JACOBS,MARC JACOBS馬克琦布女士單肩包H013M02PF21-401-1SZ,735,2450.0,3.0,1715.0,,1,1,,0,2026-09-15 00:00:00,684.97,,False,0.0,3
p15858131,E0197160,莫傑,MARC JACOBS,MARC JACOBS馬克琦布女士單肩包H014M02PF21-699-1SZ,780,2600.0,3.0,1820.0,,1,1,,0,2026-09-15 00:00:00,726.9,,False,0.0,3
p15858136,E0197157,莫傑,MARC JACOBS,MARC JACOBS馬克琦布女士單肩包H013M02PF21-401-1SZ,735,2450.0,3.0,1715.0,,1,1,,0,2026-09-15 00:00:00,684.97,,False,0.0,3
p15876310,C115079,魅可,MAC,MAC魅可修容盤深色系【有效期至：2027年1月31日】,105,350.0,3.0,245.0,,4,4,4,0,2026-09-15 00:00:00,97.85,,False,0.0,3
p15794720,C103298,巴黎歐萊雅,L'OREAL PARIS,L'OREAL Paris歐萊雅多重防護隔離露 65ml【有效期至：2027年3月】,104,345.0,3.0,241.0,,12,12,18,0,2026-09-15 00:00:00,96.92,,False,0.0,3
p15858147,E0305655,莫傑,MARC JACOBS,MARC JACOBS馬克綺布女士包帶M0014596-065-1SZ,315,1050.0,3.0,735.0,,1,1,,0,2026-09-15 00:00:00,293.56,,False,0.0,3
p15858512,E0163053,莫傑,MARC JACOBS,MARC JACOBS馬克琦布女士手提包H009L01SP21-001-1SZ,1260,4200.0,3.0,2940.0,,1,1,,0,2026-09-15 00:00:00,1174.23,,False,0.0,3
p15858526,E923021,莫傑,MARC JACOBS,MARC JACOBS馬克綺布女士包帶M0014087-419-1SZ,315,1050.0,3.0,735.0,,1,1,,0,2026-09-15 00:00:00,293.56,,False,0.0,3
p15858528,E0197181,莫傑,MARC JACOBS,MARC JACOBS馬克綺布女士單肩背包M0014867-223-1SZ,1110,3700.0,3.0,2590.0,,1,1,,0,2026-09-15 00:00:00,1034.44,,False,0.0,3
p15857995,E1134196,蔻依,Chloe,CHLOE蔻依女士單肩背包CHC22AS571H9526X,5850,19500.0,3.0,13650.0,,1,1,1,0,2026-09-15 00:00:00,5451.77,,False,0.0,3
p15858503,E1004583,蔻依,Chloe,CHLOE蔻依女士單肩背包CHC22SS153G3127S,4890,16300.0,3.0,11410.0,,1,1,,0,2026-09-15 00:00:00,4557.12,,False,0.0,3
p15858527,E0073922,莫傑,MARC JACOBS,MARC JACOBS馬克綺布女士包帶M0014087-273-1SZ,315,1050.0,3.0,735.0,,1,1,,0,2026-09-15 00:00:00,293.56,,False,0.0,3
p15858511,E681536,莫傑,MARC JACOBS,MARC JACOBS馬克琦布女士相機包M0012007-098-1SZ,1050,3500.0,3.0,2450.0,,1,1,,0,2026-09-15 00:00:00,978.52,,False,0.0,3
p15858123,E1128575,莫傑,MARC JACOBS,MARC JACOBS馬克琦布單肩包H067M06PF22-001-1SZ,1290,4300.0,3.0,3010.0,,1,1,,0,2026-09-15 00:00:00,1202.18,,False,0.0,3
p15870780,E1202038,菲拉格慕,FERRAGAMO,FERRAGAMO菲拉格慕女士戒指758550,1500,5000.0,3.0,3500.0,,1,1,,0,2026-09-15 00:00:00,1397.89,,False,0.0,3
p15833290,C106475,巴黎歐萊雅,L'OREAL PARIS,L'OREAL歐萊雅複顏保濕護膚套裝50ml+50ml+15ml【有效期至：2027年2月】,162,540.0,3.0,378.0,,8,8,61,0,2026-09-15 00:00:00,150.97,,False,0.0,3
p15858304,E1654884,寶麗萊,Polaroid,POLAROID寶麗萊太陽鏡20731509Q55UC,355,930.0,3.8,575.0,,1,1,2,0,2026-09-15 00:00:00,330.83,,False,0.0,3
p15858307,E1654916,寶麗萊,Polaroid,POLAROID寶麗萊太陽鏡20733040G65Z7,355,930.0,3.8,575.0,,1,1,,0,2026-09-15 00:00:00,330.83,,False,0.0,3
p15772447,F013245,家得路,CATALO,【特賣品】CATALO 兒童益鈣C®全效強健配方 50粒 - 促進骨骼及牙齒成長/增強免疫力（保質期至：2027.03.01）,74,188.0,3.9,114.0,,25,25,95,0,2026-09-15 00:00:00,68.96,,True,0.0,3
p15942672,C121500,巴黎歐萊雅,L'OREAL PARIS,L`oreal巴黎歐萊雅青春密碼密集肌能精華肌底液兩支裝100ml*2,438,1095.0,4.0,657.0,,3,3,2,0,2026-09-15 00:00:00,408.18,,False,0.0,3
p15797611,C104281,巴黎歐萊雅,L'OREAL PARIS,L'OREAL 歐萊雅青春活碼防護精華液套裝115ml*2,490,1225.0,4.0,735.0,,1,1,49,0,2026-09-15 00:00:00,456.64,,False,0.0,3
p15828749,C108003,雪肌精,SEKKISEI,SEKKISEI雪肌精逸透純淨舒潤乳液140ml,111,270.0,4.1,159.0,,6,6,7,0,2026-09-15 00:00:00,103.44,,False,0.0,3
p15824023,C103133,雪肌精,SEKKISEI,SEKKISEI雪肌精逸透完美套裝200ml+140ml,196,480.0,4.1,284.0,,3,3,9,0,2026-09-15 00:00:00,182.66,,False,0.0,3
p15828362,C108005,雪肌精,SEKKISEI,SEKKISEI雪肌精逸透純淨安潤化妝水200ml,107,260.0,4.1,153.0,,2,2,13,0,2026-09-15 00:00:00,99.72,,False,0.0,3
p15737814,C043469,莫傑,MARC JACOBS,MARC JACOBS莫傑雛菊摯愛蜜語女士淡香氛EDT 50mL,318,775.0,4.1,457.0,,1,1,4,0,2026-09-15 00:00:00,296.35,,False,0.0,3
p15797917,C103587,卡爾文·克雷恩,CALVIN KLEIN,Calvin Klein卡爾文克萊肆意男士濃香水 100ml,346,850.0,4.1,504.0,,1,1,2,0,2026-09-15 00:00:00,322.45,,False,0.0,3
p15809676,C106013,雪肌精,SEKKISEI,SEKKISEI  雪肌精逸透柔潤勻亮凝霜盒,30,71.0,4.2,41.0,,2,2,6,5,2026-09-15 00:00:00,27.96,,False,0.0,3
p15901195,C119434,蔻依,Chloe,Chloe蔻依女士濃香水50ML,512,1190.0,4.3,678.0,,2,2,2,0,2026-09-15 00:00:00,477.15,,False,0.0,3
p15825637,C103664,紀梵希,Givenchy,GIVENCHY紀梵希高定香榭粉絲絨唇膏3.4g,157,360.0,4.4,203.0,,1,1,24,0,2026-09-15 00:00:00,146.31,,False,0.0,3
p15871721,C114902,伊麗莎白·雅頓,ELIZABETH ARDEN,ELIZABETH ARDEN伊麗莎白·雅頓綠茶椰子淡香水50ML,117,260.0,4.5,143.0,,1,1,1,0,2026-09-15 00:00:00,109.04,,False,0.0,3
p15740712,C045784,伊麗莎白·雅頓,ELIZABETH ARDEN,Elizabeth Arden伊麗莎白雅頓白茶淡香水（野玫瑰香型）100ml,193,426.0,4.5,233.0,,1,1,8,0,2026-09-15 00:00:00,179.86,,False,0.0,3
p15876081,IN100502,自然堂,CHANDO,CHANDO自然堂金鑽淨采煥活鎏金潔顏蜜 200ml,157,346.0,4.5,189.0,,1,1,4,0,2026-09-15 00:00:00,146.31,,False,0.0,3
p15828390,C107072,伊麗莎白·雅頓,ELIZABETH ARDEN,Elizabeth Arden伊麗莎白雅頓綠茶柚子小蒼蘭香水50ml,118,260.0,4.5,142.0,,1,1,3,0,2026-09-15 00:00:00,109.97,,False,0.0,3
p15792881,C102043,伊麗莎白·雅頓,ELIZABETH ARDEN,Elizabeth Arden伊麗莎白雅頓綠茶荔枝香水 100ml,163,362.0,4.5,199.0,,3,3,4,0,2026-09-15 00:00:00,151.9,,False,0.0,3
p15825384,C107069,伊麗莎白·雅頓,ELIZABETH ARDEN,Elizabeth伊麗莎白雅頓白茶淡香水 EDT,161,354.0,4.5,193.0,,2,2,4,0,2026-09-15 00:00:00,150.04,,False,0.0,3
p15875681,IN100496,自然堂,CHANDO,CHANDO自然堂雪肌追光煥白緊致乳液110ml*2支裝,318,704.0,4.5,386.0,,1,1,2,0,2026-09-15 00:00:00,296.35,,False,0.0,3
p15846166,C103367,伊麗莎白·雅頓,ELIZABETH ARDEN,Elizabeth Arden 伊麗莎白雅頓紅門香氛套裝 100ml+30ml,248,551.0,4.5,303.0,,1,1,2,0,2026-09-15 00:00:00,231.12,,False,0.0,3
p15737157,C040286,芭比布朗,BOBBI BROWN,BOBBI BROWN芭比波朗至盈呵護亮顏美肌乳(素顏霜)璨香檳30ml,336,740.0,4.5,404.0,,6,6,5,0,2026-09-15 00:00:00,313.13,,False,0.0,3
p15942690,C122163,儀式,RITUALS,RITUALS櫻花儀式小號禮盒,133,295.0,4.5,162.0,,12,12,74,0,2026-09-15 00:00:00,123.95,,False,0.0,3
p15809683,C106137,艾梵達,AVEDA,AVEDA 艾凡達頭皮護理噴霧-100ML,179,395.0,4.5,216.0,,3,3,35,0,2026-09-15 00:00:00,166.81,,False,0.0,3
p15943005,C122165,儀式,RITUALS,RITUALS梵心儀式小號禮盒,133,295.0,4.5,162.0,,17,17,43,0,2026-09-15 00:00:00,123.95,,False,0.0,3
p15810016,C105978,黛珂,DECORTE,DECORTE黛珂多重防曬乳(耐水型) 55ml,130,290.0,4.5,160.0,,1,1,200+,0,2026-09-15 00:00:00,121.15,,False,0.0,3
p15822814,C105982,黛珂,DECORTE,DECORTE 黛珂牛油果植萃乳液-300ML,239,530.0,4.5,291.0,,7,7,61,0,2026-09-15 00:00:00,222.73,,False,0.0,3
p15809822,C105976,黛珂,DECORTE,DECORTE黛珂牛油果植萃乳液 150ml（版）,142,315.0,4.5,173.0,,6,6,54,0,2026-09-15 00:00:00,132.33,,False,0.0,3
p15735904,C000947,伊麗莎白·雅頓,ELIZABETH ARDEN,Elizabeth Arden伊麗莎白雅頓綠茶淡香水噴霧100ml,165,361.0,4.6,196.0,,1,1,4,0,2026-09-15 00:00:00,153.77,,False,0.0,3
p15743284,C015057,伊麗莎白·雅頓,ELIZABETH ARDEN,Elizabeth Arden伊麗莎白雅頓逆時橘燦精純眼霜15ml,403,877.0,4.6,474.0,,4,4,11,0,2026-09-15 00:00:00,375.57,,False,0.0,3
p15875682,IN100330,自然堂,CHANDO,CHANDO自然堂雪肌追光煥白緊致面霜55g,180,390.0,4.6,210.0,,1,1,2,0,2026-09-15 00:00:00,167.75,,False,0.0,3
p15894216,C118142,伊麗莎白·雅頓,ELIZABETH ARDEN,Elizabeth Arden伊莉莎白雅頓白茶紫丁香香水100ML,214,465.0,4.6,251.0,,1,1,,0,2026-09-15 00:00:00,199.43,,False,0.0,3
p15800845,C003031,倩碧,CLINIQUE,CLINIQUE倩碧香氛 50ml,124,270.0,4.6,146.0,,3,3,9,0,2026-09-15 00:00:00,115.56,,False,0.0,3
p15737546,C100025,伊麗莎白·雅頓,ELIZABETH ARDEN,Elizabeth Arden伊麗莎白雅頓時空煥活塑顏緊致晚霜 50ml,312,678.0,4.6,366.0,,1,1,4,5,2026-09-15 00:00:00,290.76,,False,0.0,3
p15736643,C100188,伊麗莎白·雅頓,ELIZABETH ARDEN,Elizabeth Arden伊麗莎白雅頓時空煥活塑顏緊致面霜 50ml,308,669.0,4.6,361.0,,1,1,13,5,2026-09-15 00:00:00,287.03,,False,0.0,3
p15743651,C026624,伊麗莎白·雅頓,ELIZABETH ARDEN,Elizabeth Arden伊麗莎白雅頓愛麗本睫毛生長精華4ml,331,699.0,4.7,368.0,,1,1,7,0,2026-09-15 00:00:00,308.47,,False,0.0,3
p15831474,C107101,伊芙蘭,EVE LOM,EVE LOM伊芙蘭亮采修護視黃醇精華液 30ml,886,1870.0,4.7,984.0,,1,1,8,0,2026-09-15 00:00:00,825.69,,False,0.0,3
p15866247,C111836,資生堂,SHISEIDO,SHISEIDO資生堂安熱沙金燦倍護防曬乳 90ML,131,280.0,4.7,149.0,,77,77,1000+,0,2026-09-15 00:00:00,122.08,,False,0.0,3
p15942689,C122158,儀式,RITUALS,RITUALS靜儀式小號禮盒,148,295.0,5.0,147.0,,4,4,62,0,2026-09-15 00:00:00,137.93,,False,0.0,3
p15742045,C052844,黛珂,DECORTE,COSME DECORTE黛珂AQ珍萃精顏臻悅粉盒1pcs,109,220.0,5.0,111.0,,5,5,3,0,2026-09-15 00:00:00,101.58,,False,0.0,3
p15740572,C043364,祖瑪瓏,JO MALONE LONDON,JO MALONE祖·瑪瓏香水(青檸羅勒與柑橘香型)100ml【有效期至：2027年5月】,664,1315.0,5.0,651.0,,12,12,23,30,2026-09-15 00:00:00,618.8,,False,0.0,3
p15915671,698133320,JBL,JBL,JBL-Wind 3 可攜式收音機藍牙喇叭 (FM收音機/LED 顯示/免提通話/記憶卡輸入) 黑色【下單請勿選京東代收點，詳細查看購買須知】,299,599.0,5.0,300.0,,10,10,,0,2026-09-15 00:00:00,278.65,,False,0.0,3
p15943009,C122167,儀式,RITUALS,RITUALS櫻花儀式中號禮盒,205,410.0,5.0,205.0,,3,3,67,0,2026-09-15 00:00:00,191.04,,False,0.0,3
p15881995,C116211,倩碧,CLINIQUE,Clinique美白祛斑精華露雙支裝 (100ml x 2)【有效期至：2027年4月】,1241,2475.0,5.0,1234.0,,12,12,39,0,2026-09-15 00:00:00,1156.52,,False,0.0,3
p15916059,698133321,JBL,JBL,JBL-Wind 3 可攜式收音機藍牙喇叭 (FM收音機/LED 顯示/免提通話/記憶卡輸入) 藍色【下單請勿選京東代收點，詳細查看購買須知】,299,599.0,5.0,300.0,,10,10,,0,2026-09-15 00:00:00,278.65,,False,0.0,3
p15793924,C103091,巴黎歐萊雅,L'OREAL PARIS,L'OREAL歐萊雅複顏玻尿酸眼霜 65ml,565,1130.0,5.0,565.0,,41,41,64,0,2026-09-15 00:00:00,526.54,,False,0.0,3
p15916060,698133322,JBL,JBL,JBL-Wind 3 可攜式收音機藍牙喇叭 (FM收音機/LED 顯示/免提通話/記憶卡輸入) 紅色【下單請勿選京東代收點，詳細查看購買須知】,299,599.0,5.0,300.0,,10,10,,0,2026-09-15 00:00:00,278.65,,False,0.0,3
p15801720,C102713,悦木之源,ORIGINS,ORIGINS悅木之源韋博士菇菌亮膚精華乳 50ml【有效期至：2027年4月】,335,660.0,5.1,325.0,,1,1,14,0,2026-09-15 00:00:00,312.2,,False,0.0,3
p15825605,C105768,雅詩蘭黛,ESTEE LAUDER,ESTEE LAUDER雅詩蘭黛絕色由我絨霧唇膏3.5g,182,360.0,5.1,178.0,,8,8,39,0,2026-09-15 00:00:00,169.61,,False,0.0,3
p15736837,C044838,海藍之謎,LA MER,LA MER海藍之謎修護唇部精華7ml 奢潤柔滑點亮雙唇【有效期至：2027年6月】,443,870.0,5.1,427.0,,29,29,100+,0,2026-09-15 00:00:00,412.84,,False,0.0,3
p15739461,C053058,蒂芙尼,TIFFANY & CO,TIFFANY蒂芙尼玫瑰金濃香水,534,1335.0,5.1,801.0,,3,3,30,0,2026-09-15 00:00:00,497.65,,False,0.0,3
p15828345,C105802,雅詩蘭黛,ESTEE LAUDER,ESTEE LAUDER雅詩蘭黛絕色由我絨霧唇膏3.5g,182,360.0,5.1,178.0,,2,2,8,0,2026-09-15 00:00:00,169.61,,False,0.0,3
p15889833,C117493,紀梵希,Givenchy,GIVENCHY 紀梵希明星流光菁潤粉底液-3W 30ML,296,580.0,5.1,284.0,,11,11,,0,2026-09-15 00:00:00,275.85,,False,0.0,3
p15737095,C100701,湯姆福特,TOM FORD,TOM FORD湯姆福特柔霧緞采唇膏52 3g【細黑管】【有效期至：2027年5月】,249,490.0,5.1,241.0,,23,23,37,0,2026-09-15 00:00:00,232.05,,False,0.0,3
p15738096,C044252,資生堂,SHISEIDO,SHISEIDO資生堂盼麗風姿智感撫痕日乳SPF30PA+++75ml,283,560.0,5.1,277.0,,7,7,100+,0,2026-09-15 00:00:00,263.74,,False,0.0,3
p15850248,C111516,紀梵希,Givenchy,GIVENCHY紀梵希高定禁忌睫毛膏 8g,174,340.0,5.1,166.0,,1,1,5,0,2026-09-15 00:00:00,162.16,,False,0.0,3
p15736991,C101027,庭潤,THANN,THANN庭潤茉莉水潤護手霜 40g,113,217.0,5.2,104.0,,13,13,6,0,2026-09-15 00:00:00,105.31,,False,0.0,3
p15742852,C007634,伊麗莎白·雅頓,ELIZABETH ARDEN,Elizabeth Arden伊麗莎白雅頓經典身體潤澤霜 200ml,126,241.0,5.2,115.0,,1,1,6,0,2026-09-15 00:00:00,117.42,,False,0.0,3
p15737019,C039029,芭比布朗,BOBBI BROWN,BOBBI BROWN芭比波朗炙戀唇膏4號,141,270.0,5.2,129.0,,1,1,1,0,2026-09-15 00:00:00,131.4,,False,0.0,3
p15894444,C045137,魅可,MAC,MAC魅可造型唇線筆VINO 1.45g,91,175.0,5.2,84.0,,1,1,1,0,2026-09-15 00:00:00,84.81,,False,0.0,3
p15893778,C116490,庭潤,THANN,THANN庭潤東方精華護手霜40G,85,162.0,5.2,77.0,,6,6,12,0,2026-09-15 00:00:00,79.21,,False,0.0,3
p15738289,C045371,庭潤,THANN,THANN庭潤米萃取護唇膏  10g,81,155.0,5.2,74.0,,10,10,15,0,2026-09-15 00:00:00,75.49,,False,0.0,3
p15737090,C032645,祖瑪瓏,JO MALONE LONDON,JO MALONE祖·瑪瓏香水(含羞草與小豆蔻香型)30ml,342,640.0,5.3,298.0,,1,1,18,0,2026-09-15 00:00:00,318.72,,False,0.0,3
p15743654,C016887,倩碧,CLINIQUE,CLINIQUE倩碧基礎潤膚組合125ml x 2,246,465.0,5.3,219.0,,13,13,74,0,2026-09-15 00:00:00,229.25,,False,0.0,3
p15740520,C054317,紀梵希,Givenchy,GIVENCHY紀梵希墨藻珍萃面霜50mL,1477,2773.0,5.3,1296.0,,1,1,3,5,2026-09-15 00:00:00,1376.45,,False,0.0,3
p15737196,C030054,祖瑪瓏,JO MALONE LONDON,JO MALONE祖·瑪瓏瓏香水(青檸羅勒與柑橘香型)30ml,342,640.0,5.3,298.0,,1,1,4,0,2026-09-15 00:00:00,318.72,,False,0.0,3
p15896495,C117535,倩碧,CLINIQUE,Clinique倩碧卓效祛痘凝膠20ml,156,295.0,5.3,139.0,,2,2,3,0,2026-09-15 00:00:00,145.38,,False,0.0,3
p15736407,C031753,魅可,MAC,MAC魅可感光粉底液按壓嘴,19,35.0,5.4,16.0,,1,1,9,0,2026-09-15 00:00:00,17.71,,False,0.0,3
p15737289,C044572,祖瑪瓏,JO MALONE LONDON,JO MALONE祖·瑪瓏香氛蠟燭(黑石榴香型),301,555.0,5.4,254.0,,5,5,13,0,2026-09-15 00:00:00,280.51,,False,0.0,3
p15802039,C103064,魅可,MAC,MAC魅可絲緞絨霧細管唇膏24 2g,128,235.0,5.4,107.0,,5,5,15,0,2026-09-15 00:00:00,119.29,,False,0.0,3
p15737544,C030071,祖瑪瓏,JO MALONE LONDON,JO MALONE祖·瑪瓏香水(牡丹與胭紅麂絨香型)30毫升,348,640.0,5.4,292.0,,1,1,3,0,2026-09-15 00:00:00,324.31,,False,0.0,3
p15739538,C022961,CLINIQUE,CLINIQUE (Beauty),CLINIQUE倩碧男士卓越潤膚乳潤膚乳100ml,182,335.0,5.4,153.0,,4,4,10,0,2026-09-15 00:00:00,169.61,,False,0.0,3
p15737589,C040765,祖瑪瓏,JO MALONE LONDON,JO MALONE祖·瑪瓏香氛蠟燭(青檸羅勒與柑橘香型）,301,555.0,5.4,254.0,,5,5,35,0,2026-09-15 00:00:00,280.51,,False,0.0,3
p15806092,C103065,魅可,MAC,MAC魅可絲緞絨霧細管唇膏25 2g,128,235.0,5.4,107.0,,1,1,3,0,2026-09-15 00:00:00,119.29,,False,0.0,3
p15738914,C047694,黛珂,DECORTE,COSME DECORTE黛珂AQ珍萃精顏綺甄眼霜 20g,1156,2150.0,5.4,994.0,,5,5,24,0,2026-09-15 00:00:00,1077.31,,False,0.0,3
p15796908,C101193,魅可,MAC,MAC魅可絲緞絨霧細管唇膏2g,128,235.0,5.4,107.0,,7,7,3,0,2026-09-15 00:00:00,119.29,,False,0.0,3
p15736407,C031753,魅可,MAC,MAC魅可感光粉底液按壓嘴,19,35.0,5.4,16.0,,1,1,9,0,2026-09-15 00:00:00,17.71,,False,0.0,3
p15830825,C108799,芭比布朗,BOBBI BROWN,BOBBI BROWN芭比波朗五色眼影盤,266,490.0,5.4,224.0,,1,1,13,0,2026-09-15 00:00:00,247.89,,False,0.0,3
p15866249,C049301,魅可,MAC,MAC魅可細緻眉筆增量裝 01,128,235.0,5.4,107.0,,5,5,18,0,2026-09-15 00:00:00,119.29,,False,0.0,3
p15740340,C041863,魅可,MAC,MAC魅可絲緞柔霧唇膏/口紅 3g,108,200.0,5.4,92.0,,1,1,21,30,2026-09-15 00:00:00,100.65,,False,0.0,3
p15830825,C108799,芭比布朗,BOBBI BROWN,BOBBI BROWN芭比波朗五色眼影盤,266,490.0,5.4,224.0,,1,1,13,0,2026-09-15 00:00:00,247.89,,False,0.0,3
p15806092,C103065,魅可,MAC,MAC魅可絲緞絨霧細管唇膏25 2g,128,235.0,5.4,107.0,,1,1,3,0,2026-09-15 00:00:00,119.29,,False,0.0,3
p15737151,C030058,祖瑪瓏,JO MALONE LONDON,JO MALONE祖·瑪瓏柚子香水30毫升,348,640.0,5.4,292.0,,6,6,16,0,2026-09-15 00:00:00,324.31,,False,0.0,3
p15742726,C030076,祖瑪瓏,JO MALONE LONDON,JO MALONE祖·瑪瓏杏桃花與蜂蜜香水 30ml  C030076,348,640.0,5.4,292.0,,1,1,23,0,2026-09-15 00:00:00,324.31,,False,0.0,3
p15886985,C116204,倩碧,CLINIQUE,Clinique倩碧祛紅舒緩潔面乳150ml,128,235.0,5.4,107.0,,2,2,1,0,2026-09-15 00:00:00,119.29,,False,0.0,3
p15736708,C030078,祖瑪瓏,JO MALONE LONDON,JO MALONE祖·瑪瓏黑石榴香水30毫升,348,640.0,5.4,292.0,,1,1,1,0,2026-09-15 00:00:00,324.31,,False,0.0,3
p15737170,C047907,祖瑪瓏,JO MALONE LONDON,JO MALONE祖·瑪瓏香水（虞美人與大麥香型)30ML,348,640.0,5.4,292.0,,1,1,5,0,2026-09-15 00:00:00,324.31,,False,0.0,3
p15737170,C047907,祖瑪瓏,JO MALONE LONDON,JO MALONE祖·瑪瓏香水（虞美人與大麥香型)30ML,348,640.0,5.4,292.0,,1,1,5,0,2026-09-15 00:00:00,324.31,,False,0.0,3
p15830418,C108802,雅詩蘭黛,ESTEE LAUDER,ESTEE LAUDER雅詩蘭黛三合一多功能造型眉筆2ml,165,305.0,5.4,140.0,,2,2,6,0,2026-09-15 00:00:00,153.77,,False,0.0,3
p15893906,C118051,歐緹麗,CAUDALIE,Caudalie歐緹麗葡萄籽水保濕潤色CC霜-1-30ML,160,290.0,5.5,130.0,,2,2,2,0,2026-09-15 00:00:00,149.11,,False,0.0,3
p15885184,C116122,魅可,MAC,MAC魅可絲柔啞光唇膏629 BARE M·A·CXIMAL 深色調濃郁朱古力棕色3.5g,104,190.0,5.5,86.0,,1,1,,0,2026-09-15 00:00:00,96.92,,False,0.0,3
p15877257,C114478,湯姆福特,TOM FORD,TOM FORD湯姆福特新烈焰幻魅唇膏 3.5g,270,490.0,5.5,220.0,,5,5,17,0,2026-09-15 00:00:00,251.62,,False,0.0,3
p15870914,C115456,魅可,MAC,MAC魅可24HR KAJAL眼線筆Extreme Black (8g),69,125.0,5.5,56.0,,1,1,6,0,2026-09-15 00:00:00,64.3,,False,0.0,3
p15736240,C023847,芭比波朗,BOBBI BROWN,BOBBI BROWN芭比波朗繽紛唇頰霜#6嫩玫紅0.13 oz/ 3.8 ml,169,310.0,5.5,141.0,,1,1,8,0,2026-09-15 00:00:00,157.5,,False,0.0,3
p15866236,C112282,魅可,MAC,MAC魅可細緻雙頭眉筆,112,205.0,5.5,93.0,,6,6,63,0,2026-09-15 00:00:00,104.38,,False,0.0,3
p15736594,C053178,倩碧,CLINIQUE,CLINIQUE倩碧男士青春修護乳 100ml,221,400.0,5.5,179.0,,9,9,2,0,2026-09-15 00:00:00,205.96,,False,0.0,3
p15886460,IN100132,可复美,可复美,可复美重組膠原蛋白肌禦賦活修護精粹水120mL,176,319.0,5.5,143.0,,10,10,31,0,2026-09-15 00:00:00,164.02,,False,0.0,3
p15797270,C103692,歐舒丹,L'OCCITANE,L'OCCITANE歐舒丹蠟菊賦顏禦齡精華油 30ml,545,990.0,5.5,445.0,,1,1,47,0,2026-09-15 00:00:00,507.9,,False,0.0,3
p15793235,C101273,雅诗兰黛,ESTEE LAUDER,ESTEE LAUDER雅詩蘭黛智妍緊塑精華眼霜 15ml,359,650.0,5.5,291.0,,2,2,100+,0,2026-09-15 00:00:00,334.56,,False,0.0,3
p15841289,C110204,紀梵希,Givenchy,GIVENCHY紀梵希黑能臻萃微珠精露 30ml,1898,3450.0,5.5,1552.0,,1,1,2,0,2026-09-15 00:00:00,1768.8,,False,0.0,3
p15841289,C110204,紀梵希,Givenchy,GIVENCHY紀梵希黑能臻萃微珠精露 30ml,1898,3450.0,5.5,1552.0,,1,1,2,0,2026-09-15 00:00:00,1768.8,,False,0.0,3
p15764594,C049334,魅可,MAC,MAC魅可時尚焦點小眼影 0,61,110.0,5.5,49.0,,1,1,2,0,2026-09-15 00:00:00,56.85,,False,0.0,3
p15736240,C023847,芭比波朗,BOBBI BROWN,BOBBI BROWN芭比波朗繽紛唇頰霜#6嫩玫紅0.13 oz/ 3.8 ml,169,310.0,5.5,141.0,,1,1,8,0,2026-09-15 00:00:00,157.5,,False,0.0,3
p15738976,C043369,祖玛珑,JO MALONE LONDON,JO MALONE祖·瑪瓏橙花香水30ml,348,630.0,5.5,282.0,,1,1,19,0,2026-09-15 00:00:00,324.31,,False,0.0,3
p15885158,C117766,湯姆福特,TOM FORD,TOM FORD琉璃煥彩唇膏 41 REMOTE ISLE 3.3g,270,490.0,5.5,220.0,,1,1,9,0,2026-09-15 00:00:00,251.62,,False,0.0,3
p15894456,C118078,歐舒丹,L'OCCITANE,L'OCCITANE歐舒丹甜扁桃味身體套裝200ml+500ml,440,800.0,5.5,360.0,,6,6,74,0,2026-09-15 00:00:00,410.05,,False,0.0,3
p15885157,C116266,魅可,MAC,MAC魅可輕羽纖密睫毛膏12ml,172,315.0,5.5,143.0,,1,1,1,0,2026-09-15 00:00:00,160.29,,False,0.0,3
p15893910,C118048,歐緹麗,CAUDALIE,Caudalie歐緹麗葡萄籽抗氧身體防曬噴霧-SPF30-150ML,171,310.0,5.5,139.0,,1,1,2,0,2026-09-15 00:00:00,159.36,,False,0.0,3
p15736699,C024190,芭比布朗,BOBBI BROWN,BOBBI BROWN芭比波朗流雲隨心眼妝筆#1爵士黑0.35g,146,265.0,5.5,119.0,,15,15,30,0,2026-09-15 00:00:00,136.06,,False,0.0,3
p15887527,C108599,伊麗莎白·雅頓,ELIZABETH ARDEN,Elizabeth Arden伊莉莎白雅頓經典身體潤澤霜-400ML,209,380.0,5.5,171.0,,2,2,2,0,2026-09-15 00:00:00,194.77,,False,0.0,3
p15894219,C118141,伊麗莎白·雅頓,ELIZABETH ARDEN,Elizabeth Arden伊莉莎白雅頓八小時潔面125ml,127,230.0,5.5,103.0,,2,2,2,0,2026-09-15 00:00:00,118.35,,False,0.0,3
p15872022,C112505,芭比布朗,BOBBI BROWN,BOBBI BROWN芭比波朗至盈呵護唇部精華-6ML,193,350.0,5.5,157.0,,3,3,16,0,2026-09-15 00:00:00,179.86,,False,0.0,3
p15839487,C105173,湯姆福特,TOM FORD,TOM FORD湯姆福特柔霧緞采唇膏 3.3g,268,490.0,5.5,222.0,,2,2,7,0,2026-09-15 00:00:00,249.76,,False,0.0,3
p15739431,C043365,祖玛珑,JO MALONE LONDON,JO MALONE祖·瑪瓏香水(青檸羅勒與柑橘香型)30ml,344,630.0,5.5,286.0,,1,1,16,0,2026-09-15 00:00:00,320.58,,False,0.0,3
p15898648,C116320,湯姆福特,TOM FORD,Tom Ford湯姆福特鏡面唇蜜01 5.5ml,270,490.0,5.5,220.0,,1,1,4,0,2026-09-15 00:00:00,251.62,,False,0.0,3
p15735398,C047326,茵芙莎,IPSA,IPSA茵芙莎水潤凝滑卸妝啫喱 150G,160,290.0,5.5,130.0,,7,7,51,0,2026-09-15 00:00:00,149.11,,False,0.0,3
p15742735,C043385,祖瑪瓏,JO MALONE LONDON,JO MALONE祖·瑪瓏香水(藍風鈴香型)30ML,348,630.0,5.5,282.0,,1,1,36,30,2026-09-15 00:00:00,324.31,,False,0.0,3
p15894213,C118147,伊麗莎白·雅頓,ELIZABETH ARDEN,Elizabeth Arden伊莉莎白雅頓亮澤彈力霜50ml,341,620.0,5.5,279.0,,1,1,3,0,2026-09-15 00:00:00,317.79,,False,0.0,3
p15743185,C053172,CLINIQUE,CLINIQUE (Beauty),CLINIQUE倩碧水嫩保濕潤膚霜 75ml,276,500.0,5.5,224.0,,11,11,15,5,2026-09-15 00:00:00,257.21,,False,0.0,3
p15894213,C118147,伊麗莎白·雅頓,ELIZABETH ARDEN,Elizabeth Arden伊莉莎白雅頓亮澤彈力霜50ml,341,620.0,5.5,279.0,,1,1,3,0,2026-09-15 00:00:00,317.79,,False,0.0,3
p15741818,C049496,芭比布朗,BOBBI BROWN,BOBBI BROWN芭比波朗炙戀精油唇蜜#4裸色粉紅6 ml,134,245.0,5.5,111.0,,1,1,13,0,2026-09-15 00:00:00,124.88,,False,0.0,3
p15736720,C030025,祖玛珑,JO MALONE LONDON,JO MALONE祖·瑪瓏潤膚乳霜(鼠尾草與海鹽香型),400,725.0,5.5,325.0,,1,1,17,0,2026-09-15 00:00:00,372.77,,False,0.0,3
p15872012,C111785,歐舒丹,L'OCCITANE,L'OCCITANE歐舒丹甜扁桃味沐浴綿綿霜-200ML,113,205.0,5.5,92.0,,1,1,41,0,2026-09-15 00:00:00,105.31,,False,0.0,3
p15880412,C115739,歐舒丹,L'OCCITANE,L'occitane歐舒丹5合1草本精華修護護髪素500ml,215,390.0,5.5,175.0,,13,13,33,0,2026-09-15 00:00:00,200.36,,False,0.0,3
p15850245,C105760,雅詩蘭黛,ESTEE LAUDER,ESTEE LAUDER雅詩蘭黛鮮活亮采二合一泡沫潔面乳 125ML,188,340.0,5.5,152.0,,2,2,26,0,2026-09-15 00:00:00,175.2,,False,0.0,3
p15948786,C049325,魅可,MAC,MAC魅可焦點小眼影RFK,61,110.0,5.5,49.0,,1,1,,0,2026-09-15 00:00:00,56.85,,False,0.0,3
p15879907,C115333,歐舒丹,L'OCCITANE,L'occitane歐舒丹草本香菁純平衡洗髪露 500ml,207,375.0,5.5,168.0,,3,3,63,0,2026-09-15 00:00:00,192.91,,False,0.0,3
p15781827,C101225,悦木之源,ORIGINS,ORIGINS 咖啡因活力煥亮面膜 75ml,180,330.0,5.5,150.0,,1,1,12,0,2026-09-15 00:00:00,167.75,,False,0.0,3
p15893909,C118049,歐緹麗,CAUDALIE,Caudalie歐緹麗葡萄籽曬後修護乳-400ML,149,270.0,5.5,121.0,,1,1,3,0,2026-09-15 00:00:00,138.86,,False,0.0,3
p15792849,C032281,魅可,MAC,MAC魅可造型唇線筆,82,150.0,5.5,68.0,,2,2,18,0,2026-09-15 00:00:00,76.42,,False,0.0,3
p15915892,C120960,歐舒丹,L'OCCITANE,L’occitane歐舒丹黎明山茶香身體套裝30ml+125ml+200ml（每日限購3件）,273,495.0,5.5,222.0,,34,34,33,3,2026-09-15 00:00:00,254.42,,False,0.0,3
p15841694,C108576,歐舒丹,L'OCCITANE,L'OCCITANE歐舒丹蠟菊極致套裝50ml+15ml,809,1470.0,5.5,661.0,,14,14,29,0,2026-09-15 00:00:00,753.93,,False,0.0,3
p15846925,C111253,芭比布朗,BOBBI BROWN,BOBBI BROWN芭比波朗光影無瑕遮瑕棒 3G,174,315.0,5.5,141.0,,4,4,25,0,2026-09-15 00:00:00,162.16,,False,0.0,3
p15881881,C116603,歐舒丹,L'OCCITANE,L'occitane歐舒丹草本香強韌豐盈免洗柔順噴霧125ml,138,250.0,5.5,112.0,,14,14,38,0,2026-09-15 00:00:00,128.61,,False,0.0,3
p15740448,C050345,祖玛珑,JO MALONE LONDON,JO MALONE祖·瑪瓏滿室幽香香薰(藍風鈴香型),425,770.0,5.5,345.0,,16,16,68,0,2026-09-15 00:00:00,396.07,,False,0.0,3
p15737155,C040479,湯姆福特,TOM FORD,TOM FORD湯姆福特幻魅塑型眉筆,306,555.0,5.5,249.0,,4,4,31,0,2026-09-15 00:00:00,285.17,,False,0.0,3
p15742856,C000952,伊麗莎白·雅頓,ELIZABETH ARDEN,Elizabeth Arden伊麗莎白雅頓綠茶蜜滴潤體霜,86,155.0,5.5,69.0,,6,6,34,0,2026-09-15 00:00:00,80.15,,False,0.0,3
p15890120,C116186,芭比布朗,BOBBI BROWN,Bobbi Brown芭比波朗密集奢采精華防曬乳30ml,300,545.0,5.5,245.0,,1,1,5,0,2026-09-15 00:00:00,279.58,,False,0.0,3
p15829471,C107647,歐舒丹,L'OCCITANE,L'OCCITANE 歐舒丹薰衣草香潤手霜 75ml,105,190.0,5.5,85.0,,1,1,28,0,2026-09-15 00:00:00,97.85,,False,0.0,3
p15874758,C111719,伊麗莎白·雅頓,ELIZABETH ARDEN,ELIZABETH ARDEN伊麗莎白·雅頓	時空煥活淡紋緊致面霜 50ml,405,735.0,5.5,330.0,,4,4,4,0,2026-09-15 00:00:00,377.43,,False,0.0,3
p15737332,C047982,祖玛珑,JO MALONE LONDON,JO MALONE祖·瑪瓏沐浴露(虞美人與大麥香型)250ml,224,405.0,5.5,181.0,,9,9,19,30,2026-09-15 00:00:00,208.75,,False,0.0,3
p15736384,C029996,祖玛珑,JO MALONE LONDON,JO MALONE祖·瑪瓏青檸羅勒葉與柑橘潤膚乳液,301,545.0,5.5,244.0,,1,1,17,0,2026-09-15 00:00:00,280.51,,False,0.0,3
p15735875,C031054,伊麗莎白·雅頓,ELIZABETH ARDEN,Elizabeth Arden伊麗莎白雅頓鉑粹禦膚肌活露 140ml,350,636.0,5.5,286.0,,1,1,4,0,2026-09-15 00:00:00,326.17,,False,0.0,3
p15743680,C053173,CLINIQUE,CLINIQUE (Beauty),CLINIQUE倩碧100 小時自我修護水嫩補濕啫喱75ML,276,500.0,5.5,224.0,,10,10,34,5,2026-09-15 00:00:00,257.21,,False,0.0,3
p15891799,C114152,黛珂,DECORTE,DECORTE 黛珂-AQ-舒活耀白麵霜50ml,1133,2060.0,5.5,927.0,,1,1,2,0,2026-09-15 00:00:00,1055.87,,False,0.0,3
p15831784,C046656,芭比布朗,BOBBI BROWN,BOBBI BROWN芭比波朗持久滋潤細金管唇膏,192,350.0,5.5,158.0,,2,2,48,0,2026-09-15 00:00:00,178.93,,False,0.0,3
p15736650,C024086,芭比布朗,BOBBI BROWN,BOBBI BROWN芭比波朗眼影刷,204,365.0,5.6,161.0,,2,2,14,0,2026-09-15 00:00:00,190.11,,False,0.0,3
p15857271,C111725,蘭蔻,LANCOME,LANCOME蘭蔻黑金臻寵面霜 50ML【有效期至：2027年4月】,2480,4460.0,5.6,1980.0,,11,11,14,5,2026-09-15 00:00:00,2311.18,,False,0.0,3
p15882435,C116201,倩碧,CLINIQUE,Clinique倩碧修護防曬乳30ml,190,340.0,5.6,150.0,,1,1,5,0,2026-09-15 00:00:00,177.07,,False,0.0,3
p15820029,C106092,魅可,MAC,MAC魅可輕羽纖密睫毛膏BLACK STACK 12ml,157,280.0,5.6,123.0,,1,1,19,0,2026-09-15 00:00:00,146.31,,False,0.0,3
p15793223,C100921,祖瑪瓏,JO MALONE LONDON,JO MALONE祖瑪瓏香氛蠟燭(月光花香型)200g,310,555.0,5.6,245.0,,5,5,69,0,2026-09-15 00:00:00,288.9,,False,0.0,3
p15826124,C107286,科顏氏,KIEHL'S,Kiehl's科顏氏柔潤防曬隔離乳-60ML-SPF50【有效期至：2027年4月】,320,575.0,5.6,255.0,,21,21,50,0,2026-09-15 00:00:00,298.22,,False,0.0,3
p15880349,C042340,碧歐泉,BIOTHERM,BIOTHERM 碧歐泉護膚精華面膜 6片【有效期至：2027年4月】,327,580.0,5.6,253.0,,6,6,8,0,2026-09-15 00:00:00,304.74,,False,0.0,3
p15764368,C100913,祖瑪瓏,JO MALONE LONDON,JO MALONE祖·瑪瓏香水(月光花香型)100ml,757,1355.0,5.6,598.0,,5,5,8,0,2026-09-15 00:00:00,705.47,,False,0.0,3
p15742143,C053783,植村秀,SHU UEMURA,shu uemura植村秀如膠似漆眼線筆 墨黑0.08g【有效期至：2027年5月】,145,260.0,5.6,115.0,,13,13,66,0,2026-09-15 00:00:00,135.13,,False,0.0,3
p15884184,C111065,巴黎歐萊雅,L'OREAL PARIS,L'oreal歐萊雅複顏滋潤保濕護膚套裝50ml+50ml+15ml+30ml+100ml【有效期至：2027年5月】,472,845.0,5.6,373.0,,26,26,80,0,2026-09-15 00:00:00,439.87,,False,0.0,3
p15794735,C103296,蘭蔻,LANCOME,LANCOME蘭蔻塑顏三重精華 50ml【有效期至：2027年6月】,722,1285.0,5.6,563.0,,9,9,41,0,2026-09-15 00:00:00,672.85,,False,0.0,3
p15737838,C030079,祖瑪瓏,JO MALONE LONDON,JO MALONE祖·瑪瓏黑石榴香水100毫升,757,1355.0,5.6,598.0,,5,5,9,0,2026-09-15 00:00:00,705.47,,False,0.0,3
p15735335,C022962,倩碧,CLINIQUE,CLINIQUE倩碧男士保濕爽膚水200ml,128,230.0,5.6,102.0,,2,2,18,0,2026-09-15 00:00:00,119.29,,False,0.0,3
p15844737,C105936,祖瑪瓏,JO MALONE LONDON,JO MALONE祖瑪瓏潤膚乳霜馥鬱系列 200ml,555,990.0,5.6,435.0,,4,4,13,0,2026-09-15 00:00:00,517.22,,False,0.0,3
p15742464,C053174,CLINIQUE,CLINIQUE (Beauty),CLINIQUE倩碧100 小時自我修護水嫩補濕啫喱200ML,601,1065.0,5.6,464.0,,4,4,19,5,2026-09-15 00:00:00,560.09,,False,0.0,3
p15739607,C057260,喬治阿瑪尼,GIORGIO ARMANI,GIORGIO ARMANI 阿瑪尼臻致絲絨啞光唇釉 214 6.5ml【有效期至：2027年4月】,212,380.0,5.6,168.0,,14,14,19,0,2026-09-15 00:00:00,197.57,,False,0.0,3
p15882435,C116201,倩碧,CLINIQUE,Clinique倩碧修護防曬乳30ml,190,340.0,5.6,150.0,,1,1,5,0,2026-09-15 00:00:00,177.07,,False,0.0,3
p15871372,C115258,祖瑪瓏,JO MALONE LONDON,JO MALONE LONDON祖瑪瓏香水馥鬱系列（無垢木與雪松香型）,1175,1175.0,5.6,513.0,,1,1,8,0,2026-09-15 00:00:00,616.94,,False,0.0,0
p15849736,C111450,巴黎歐萊雅,L'OREAL PARIS,L'OREAL歐萊雅金致臻顏花蜜奢養化妝水-130ML【有效期至：2027年5月】,154,275.0,5.6,121.0,,6,6,25,0,2026-09-15 00:00:00,143.52,,False,0.0,3
p15736175,C009666,倩碧,CLINIQUE,CLINIQUE倩碧淨顏清爽保濕乳 50ml,157,280.0,5.6,123.0,,3,3,2,0,2026-09-15 00:00:00,146.31,,False,0.0,3
p15875892,C115260,祖瑪瓏,JO MALONE LONDON,JO MALONE LONDON祖瑪瓏檜木與雪松芳醇古龍水50ml,650,1165.0,5.6,515.0,,1,1,7,0,2026-09-15 00:00:00,605.75,,False,0.0,3
p15890287,C117858,儀式,RITUALS,RITUALS皇家清茶藤條香薰450ml,357,625.0,5.7,268.0,,1,1,45,0,2026-09-15 00:00:00,332.7,,False,0.0,3
p15830846,C107916,湯姆福特,TOM FORD,TOM FORD湯姆福特濃香水(啡縈珍瑰香型) 100ml,1052,1835.0,5.7,783.0,,1,1,4,0,2026-09-15 00:00:00,980.39,,False,0.0,3
p15743194,C004513,雅詩蘭黛,ESTEE LAUDER,ESTEE LAUDER雅詩蘭黛柔和眼部卸妝液100ml,210,370.0,5.7,160.0,,7,7,3,0,2026-09-15 00:00:00,195.7,,False,0.0,3
p15736701,C024071,芭比波朗,BOBBI BROWN,BOBBI BROWN芭比波朗修容,253,445.0,5.7,192.0,,1,1,10,0,2026-09-15 00:00:00,235.78,,False,0.0,3
p15741425,C053584,祖瑪瓏,JO MALONE LONDON,JO MALONE祖·瑪瓏車載香薰盒,247,435.0,5.7,188.0,,5,5,58,0,2026-09-15 00:00:00,230.19,,False,0.0,3
p15865720,C112568,蘭蔻,LANCOME,LANCOME蘭蔻淨澈煥膚亮白霜50ml【有效期至：2027年6月】,441,780.0,5.7,339.0,,12,12,57,5,2026-09-15 00:00:00,410.98,,False,0.0,3
p15795041,C103297,巴黎歐萊雅,L'OREAL PARIS,L'OREAL Paris歐萊雅多重防護隔離露兩支裝65ml*2【有效期至：2027年6月】,360,635.0,5.7,275.0,,10,10,23,0,2026-09-15 00:00:00,335.49,,False,0.0,3
p15889825,C112456,儀式,RITUALS,RITUALS野無花果香氛噴霧-500ml,234,410.0,5.7,176.0,,1,1,21,0,2026-09-15 00:00:00,218.07,,False,0.0,3
p15743671,C053171,倩碧,CLINIQUE,"CLINIQUE倩碧滋潤高效水嫩保濕套裝125ml, 30ml, 15ml",408,710.0,5.7,302.0,,5,5,16,30,2026-09-15 00:00:00,380.23,,False,0.0,3
p15877260,C115259,祖瑪瓏,JO MALONE LONDON,Jo Malone祖瑪瓏香水馥鬱系列（無垢木與雪松香型）100ml,956,1675.0,5.7,719.0,,2,2,2,0,2026-09-15 00:00:00,890.92,,False,0.0,3
p15809339,C105485,祖瑪瓏,JO MALONE LONDON,JO MALONE LONDON 祖瑪瓏古龍水-晚香玉與天使草古龍-100ML,975,1685.0,5.8,710.0,,1,1,9,0,2026-09-15 00:00:00,908.63,,False,0.0,3
p15738248,C044695,蘭蔻,LANCOME,LANCOME蘭蔻輕透水漾防曬乳 50ml,456,785.0,5.8,329.0,,3,3,100+,30,2026-09-15 00:00:00,424.96,,False,0.0,3
p15792876,C101271,雅詩蘭黛,ESTEE LAUDER,ESTEE LAUDER雅詩蘭黛智妍緊塑精華乳霜+精華眼霜套裝75ml+15ml,910,1565.0,5.8,655.0,,22,22,100+,0,2026-09-15 00:00:00,848.05,,False,0.0,3
p15742517,C030069,祖瑪瓏,JO MALONE LONDON,JO MALONE祖·瑪瓏黑莓與月桂葉女士香水100ml【無盒】,780,1355.0,5.8,575.0,,1,1,7,0,2026-09-15 00:00:00,726.9,,False,0.0,3
p15742737,C016694,海藍之謎,LA MER,LA MER海藍之謎精華面霜 30ml補水保濕 深澈滋潤 柔嫩潤澤,1069,1840.0,5.8,771.0,,10,10,68,5,2026-09-15 00:00:00,996.23,,False,0.0,3
p15872476,C114208,資生堂,SHISEIDO,SHISEIDO資生堂時光琉璃禦藏豐盈奢養三部曲125ml+170ml+50ml,2121,3670.0,5.8,1549.0,,5,5,15,0,2026-09-15 00:00:00,1976.62,,False,0.0,3
p15871387,C115153,雅詩蘭黛,ESTEE LAUDER,ESTEE LAUDER雅詩蘭黛特潤修護夜間煥能精華霜膜65ML,557,960.0,5.8,403.0,,3,3,33,0,2026-09-15 00:00:00,519.08,,False,0.0,3
p15848029,C111311,海蓝之谜,LA MER,LA MER海藍之謎煥活保濕噴霧-100ML,443,765.0,5.8,322.0,,12,12,89,0,2026-09-15 00:00:00,412.84,,False,0.0,3
p15872476,C114208,資生堂,SHISEIDO,SHISEIDO資生堂時光琉璃禦藏豐盈奢養三部曲125ml+170ml+50ml,2121,3670.0,5.8,1549.0,,5,5,15,0,2026-09-15 00:00:00,1976.62,,False,0.0,3
p15893782,C056536,庭潤,THANN,THANN庭潤迷情伯爵散香器-150ML,261,450.0,5.8,189.0,,1,1,8,0,2026-09-15 00:00:00,243.23,,False,0.0,3
p15739981,C043360,祖瑪瓏,JO MALONE LONDON,JO MALONE祖·瑪瓏香水(牡丹胭紅麂絨香型)100ml,757,1315.0,5.8,558.0,,2,2,6,0,2026-09-15 00:00:00,705.47,,False,0.0,3
p15742698,C021623,科顏氏,KIEHL'S,Kiehl's 科顏氏高保濕面霜 50ml【有效期至：2027年6月】,197,340.0,5.8,143.0,,13,13,100+,5,2026-09-15 00:00:00,183.59,,False,0.0,3
p15898643,C116119,倩碧,CLINIQUE,Clinique倩碧卓越潤膚面霜50ml,168,290.0,5.8,122.0,,3,3,2,0,2026-09-15 00:00:00,156.56,,False,0.0,3
p15741767,C041908,祖瑪瓏,JO MALONE LONDON,JO MALONE祖·瑪瓏香水（忍冬與印蒿香型）30ML,378,640.0,5.9,262.0,,4,4,4,0,2026-09-15 00:00:00,352.27,,False,0.0,3
p15863600,C113078,植村秀,SHU UEMURA,SHU UEMURA植村秀絹感潤護水光唇釉,186,315.0,5.9,129.0,,4,4,21,0,2026-09-15 00:00:00,173.34,,False,0.0,3
p15849362,C111451,植村秀,SHU UEMURA,SHU UEMURA植村秀「光影盤」羽紗修色四色遮瑕盤,250,425.0,5.9,175.0,,3,3,23,0,2026-09-15 00:00:00,232.98,,False,0.0,3
p15737412,C049145,聖羅蘭,YSL,YSL聖羅蘭自由之水濃香水 30ML,535,900.0,5.9,365.0,,3,3,21,30,2026-09-15 00:00:00,498.58,,False,0.0,3
p15737610,C040655,魅可,MAC,MAC魅可3D立體睫毛膏,160,270.0,5.9,110.0,,1,1,2,0,2026-09-15 00:00:00,149.11,,False,0.0,3
p15743242,C040275,蘭蔻,LANCOME,LANCOME蘭蔻空氣輕墊持妝輕透粉底盒（外盒）,59,100.0,5.9,41.0,,1,1,,0,2026-09-15 00:00:00,54.98,,False,0.0,3
p15848032,C111308,海藍之謎,LA MER,LA MER海藍之謎醒膚水-200ML,576,970.0,5.9,394.0,,10,10,100+,0,2026-09-15 00:00:00,536.79,,False,0.0,3
p15858580,C112100,喬治阿瑪尼,GIORGIO ARMANI,GIORGIO ARMANI阿瑪尼「大師」鎖光粉底液 幹皮保濕細膩服帖30ml,385,655.0,5.9,270.0,,11,11,96,0,2026-09-15 00:00:00,358.79,,False,0.0,3
p15741874,C052345,海藍之謎,LA MER,LA MER海藍之謎鎏金煥顏夜間修護霜 50ml 強韌緊致飽滿,3939,6655.0,5.9,2716.0,,11,11,29,5,2026-09-15 00:00:00,3670.86,,False,0.0,3
p15882452,C116208,倩碧,CLINIQUE,Clinique美白祛斑精華露 100ml,815,1375.0,5.9,560.0,,1,1,31,0,2026-09-15 00:00:00,759.52,,False,0.0,3
p15831816,C108165,聖羅蘭,YSL,YSL 聖羅蘭NEW MASC香水,504,850.0,5.9,346.0,,5,5,12,0,2026-09-15 00:00:00,469.69,,False,0.0,3
p15735572,C045063,蘭蔻,LANCOME,LANCOME蘭蔻柔皙亮白防曬乳 50ml,462,785.0,5.9,323.0,,59,59,49,0,2026-09-15 00:00:00,430.55,,False,0.0,3
p15737242,C040767,祖瑪瓏,JO MALONE LONDON,JO MALONE祖·瑪瓏香氛蠟燭(紅玫瑰香型),327,555.0,5.9,228.0,,3,3,15,0,2026-09-15 00:00:00,304.74,,False,0.0,3
p15849740,C111737,資生堂,SHISEIDO,SHISEIDO資生堂男士潔面爽膚兩部曲125ml+150ml,241,410.0,5.9,169.0,,6,6,61,0,2026-09-15 00:00:00,224.59,,False,0.0,3
p15873347,C115905,喬治阿瑪尼,GIORGIO ARMANI,GIORGIO ARMANI 阿瑪尼紅管緞光唇釉 #14（4ml）,227,380.0,6.0,153.0,,1,1,19,0,2026-09-15 00:00:00,211.55,,False,0.0,3
p15871567,C114047,蘭蔻,LANCOME,LANCOME蘭蔻柔霧腮紅-02,236,395.0,6.0,159.0,,1,1,13,0,2026-09-15 00:00:00,219.93,,False,0.0,3
p15878941,C044260,碧歐泉,BIOTHERM,BIOTHERM 碧歐泉護膚精華眼霜 15ml,400,670.0,6.0,270.0,,1,1,15,0,2026-09-15 00:00:00,372.77,,False,0.0,3
p15897431,C117856,儀式,RITUALS,RITUALS櫻花儀式香薰蠟燭,171,285.0,6.0,114.0,,1,1,5,0,2026-09-15 00:00:00,159.36,,False,0.0,3
p15871567,C114047,蘭蔻,LANCOME,LANCOME蘭蔻柔霧腮紅-02,236,395.0,6.0,159.0,,1,1,13,0,2026-09-15 00:00:00,219.93,,False,0.0,3
p15735821,C037344,海藍之謎,LA MER,LA MER海藍之謎鎏金煥顏精華液 150ml 質地奢潤保濕滋潤,1763,2935.0,6.0,1172.0,,20,20,100+,0,2026-09-15 00:00:00,1642.99,,False,0.0,3
p15878941,C044260,碧歐泉,BIOTHERM,BIOTHERM 碧歐泉護膚精華眼霜 15ml,400,670.0,6.0,270.0,,1,1,15,0,2026-09-15 00:00:00,372.77,,False,0.0,3
p15735743,C040187,理膚泉,LA ROCHE-POSAY,LA ROCHE POSAY理膚泉B5多效修復霜兩只裝 100ml*2,267,445.0,6.0,178.0,,21,21,300+,5,2026-09-15 00:00:00,248.82,,False,0.0,3
p15890622,C118153,紀梵希,Givenchy,GIVENCHY 紀梵希傾城裸絲絨香水50ML,687,1145.0,6.0,458.0,,1,1,,0,2026-09-15 00:00:00,640.23,,False,0.0,3
p15742974,C037848,理膚泉,LA ROCHE-POSAY,LA ROCHE POSAY理膚泉B5多效修復霜 100ML,144,240.0,6.0,96.0,,19,19,100+,5,2026-09-15 00:00:00,134.2,,False,0.0,3
p15901291,C118812,雅詩蘭黛,ESTEE LAUDER,Estee Lauder雅詩蘭黛四色眼影-POWER,294,490.0,6.0,196.0,,1,1,,0,2026-09-15 00:00:00,273.99,,False,0.0,3
p15742610,C016597,科顏氏,KIEHL'S,Kiehl's 科顏氏高保濕面霜125ml,364,610.0,6.0,246.0,,16,16,200+,5,2026-09-15 00:00:00,339.22,,False,0.0,3
p15737061,C044413,肌膚之鑰,CLE DE PEAU BEAUTE,CPB肌膚之鑰沁肌調理精華露170ml,450,750.0,6.0,300.0,,10,10,100+,0,2026-09-15 00:00:00,419.37,,False,0.0,3
p15743113,C016695,海藍之謎,LA MER,LA MER海藍之謎精華面霜 60ml 補水保濕 深澈滋潤 柔嫩潤澤,1998,3325.0,6.0,1327.0,,33,33,100+,5,2026-09-15 00:00:00,1861.99,,False,0.0,3
p15901291,C118812,雅詩蘭黛,ESTEE LAUDER,Estee Lauder雅詩蘭黛四色眼影-POWER,294,490.0,6.0,196.0,,1,1,,0,2026-09-15 00:00:00,273.99,,False,0.0,3
p15891082,C117509,紀梵希,Givenchy,GIVENCHY 紀梵希心無禁忌馥鬱香氛-80ML,780,1300.0,6.0,520.0,,1,1,,0,2026-09-15 00:00:00,726.9,,False,0.0,3
p15821477,C106551,紀梵希,Givenchy,GIVENCHY紀梵希明星柔光遮瑕液 11ml N95,207,345.0,6.0,138.0,,1,1,12,0,2026-09-15 00:00:00,192.91,,False,0.0,3
p15742390,C020093,科顏氏,KIEHL'S,Kiehl's 科顏氏夜間修護精華液 50ml,406,680.0,6.0,274.0,,3,3,67,30,2026-09-15 00:00:00,378.36,,False,0.0,3
p15919641,C120335,魅可,MAC,MAC魅可節日限定高光碟03,186,310.0,6.0,124.0,,1,1,,0,2026-09-15 00:00:00,173.34,,False,0.0,3
p15821472,C106462,科顏氏,KIEHL'S,Kiehl's科顏氏高保濕清爽潔面乳 150ml,135,225.0,6.0,90.0,,9,9,78,0,2026-09-15 00:00:00,125.81,,False,0.0,3
p15764505,C100849,CLINIQUE,CLINIQUE (Beauty),CLINIQUE倩碧水嫩保濕柔膚水 200ml,174,290.0,6.0,116.0,,14,14,30,0,2026-09-15 00:00:00,162.16,,False,0.0,3
p15797219,C102420,蘭蔻,LANCOME,LANCOME蘭蔻菁純臻顏精華粉底霜 110 35ml,726,1210.0,6.0,484.0,,5,5,20,5,2026-09-15 00:00:00,676.58,,False,0.0,3
p15825264,C107505,喬治阿瑪尼,GIORGIO ARMANI,GIORGIO ARMANI阿瑪尼密碼男士淡香水-75ML,410,680.0,6.0,270.0,,1,1,14,0,2026-09-15 00:00:00,382.09,,False,0.0,3
p15919473,C120299,湯姆福特,TOM FORD,Tom Ford湯姆福特雪映流光香水50ml,819,1365.0,6.0,546.0,,1,1,7,0,2026-09-15 00:00:00,763.25,,False,0.0,3
p15876950,C107406,巴黎歐萊雅,L'OREAL PARIS,L'OREAL歐萊雅複顏日霜 50ml,120,200.0,6.0,80.0,,3,3,19,0,2026-09-15 00:00:00,111.83,,False,0.0,3
p15900689,C119880,聖羅蘭,YSL,YSL聖羅蘭純口紅-O8 3.8ml,227,380.0,6.0,153.0,,1,1,1,0,2026-09-15 00:00:00,211.55,,False,0.0,3
p15735268,C045062,蘭蔻,LANCOME,LANCOME蘭蔻輕透修顏乳 BB1 50ml,470,785.0,6.0,315.0,,11,11,31,0,2026-09-15 00:00:00,438.01,,False,0.0,3
p15882451,C116209,倩碧,CLINIQUE,Clinique美白祛斑精華露 50ml,486,810.0,6.0,324.0,,5,5,32,0,2026-09-15 00:00:00,452.92,,False,0.0,3
p15851482,C111026,海藍之謎,LA MER,LA MER海藍之謎沁潤型精華凝霜 60ml,1998,3325.0,6.0,1327.0,,20,20,79,0,2026-09-15 00:00:00,1861.99,,False,0.0,3
p15741325,C026536,聖羅蘭,YSL,YSL聖羅蘭妍活青春粉底液 B20 30ML,388,650.0,6.0,262.0,,14,14,95,0,2026-09-15 00:00:00,361.59,,False,0.0,3
p15743175,C055156,聖羅蘭,YSL,YSL聖羅蘭 自由之水清版淡香水 50ML,684,1140.0,6.0,456.0,,6,6,12,0,2026-09-15 00:00:00,637.44,,False,0.0,3
p15871386,C113735,芭比布朗,BOBBI BROWN,BOBBI BROWN芭比波朗純色奢金啞光唇霜6ml,217,360.0,6.0,143.0,,1,1,19,0,2026-09-15 00:00:00,202.23,,False,0.0,3
p15827503,C107501,植村秀,SHU UEMURA,shu uemura植村秀無色限絹感柔霧唇膏3.3g,189,315.0,6.0,126.0,,4,4,20,0,2026-09-15 00:00:00,176.13,,False,0.0,3
p15820481,C106468,理膚泉,LA ROCHE-POSAY,LA ROCHE-POSAY 理膚泉防曬 50ml,159,265.0,6.0,106.0,,11,11,45,0,2026-09-15 00:00:00,148.18,,False,0.0,3
p15805771,C104280,巴黎歐萊雅,L'OREAL PARIS,L'OREAL 歐萊雅夜間修護精華 30ml,215,360.0,6.0,145.0,,4,4,37,0,2026-09-15 00:00:00,200.36,,False,0.0,3
p15781811,C102404,理膚泉,LA ROCHE-POSAY,LA ROCHE-POSAY  理膚泉特安修護安心霜 40ml,182,305.0,6.0,123.0,,4,4,43,5,2026-09-15 00:00:00,169.61,,False,0.0,3
p15880153,C018863,蘭蔻,LANCOME,LANCOME蘭蔻夢寐睛靈防水睫毛膏 01 6.5ml,200,335.0,6.0,135.0,,2,2,13,0,2026-09-15 00:00:00,186.39,,False,0.0,3
p15894076,C112570,聖羅蘭,YSL,YSL聖羅蘭瑩亮純魅唇膏 12 3.2g,227,380.0,6.0,153.0,,2,2,9,0,2026-09-15 00:00:00,211.55,,False,0.0,3
p15876832,C108623,肌膚之鑰,CLE DE PEAU BEAUTE,CPB肌膚之鑰金致乳霜 30ml,2760,4600.0,6.0,1840.0,,1,1,9,0,2026-09-15 00:00:00,2572.12,,False,0.0,3
p15825221,C107407,巴黎歐萊雅,L'OREAL PARIS,L'OREAL 歐萊雅金致臻顏修護霜兩支裝50ml*2--抗皺緊致【有效期至：2027年5月】,302,505.0,6.0,203.0,,3,3,100+,5,2026-09-15 00:00:00,281.44,,False,0.0,3
p15845716,C110609,海蓝之谜,LA MER,LA MER海藍之謎身體修護精華乳液160ml,927,1550.0,6.0,623.0,,4,4,26,0,2026-09-15 00:00:00,863.9,,False,0.0,3
p15809346,C105744,海藍之謎,LA MER,LA MER 海藍之謎調理煥膚液-100ML,762,1270.0,6.0,508.0,,8,8,75,0,2026-09-15 00:00:00,710.13,,False,0.0,3
p16067724,C122290,理膚泉,LA ROCHE-POSAY,理膚泉玻尿酸B5抗皺精華雙支裝50ML,477,795.0,6.0,318.0,,63,63,24,0,2026-09-15 00:00:00,444.53,,False,0.0,3
p15848007,C111457,蘭蔻,LANCOME,LANCOME蘭蔻黑金臻寵潤養眼霜-15ML,1893,3155.0,6.0,1262.0,,2,2,11,0,2026-09-15 00:00:00,1764.14,,False,0.0,3
p15795055,C102421,蘭蔻,LANCOME,LANCOME蘭蔻菁純臻顏精華粉底霜 100 35ml,726,1210.0,6.0,484.0,,5,5,47,5,2026-09-15 00:00:00,676.58,,False,0.0,3
p15884175,C117172,碧歐泉,BIOTHERM,Biotherm碧歐泉男士水動力保濕棒,177,295.0,6.0,118.0,,4,4,3,0,2026-09-15 00:00:00,164.95,,False,0.0,3
p15881533,C000278,蘭蔻,LANCOME,LANCOME蘭蔻奇跡濃香氛 50ml,578,965.0,6.0,387.0,,4,4,4,0,2026-09-15 00:00:00,538.65,,False,0.0,3
p15942682,C121486,植村秀,SHU UEMURA,SHU UEMURA植村秀絹感潤護裸感唇膏 RD168,189,315.0,6.0,126.0,,1,1,1,0,2026-09-15 00:00:00,176.13,,False,0.0,3
p15781830,C102484,蘭蔻,LANCOME,LANCOME蘭蔻亮眼青春活膚濃縮液 20ml,460,770.0,6.0,310.0,,20,20,97,0,2026-09-15 00:00:00,428.69,,False,0.0,3
p15738579,C028811,肌膚之鑰,CLE DE PEAU BEAUTE,CPB肌膚之鑰光盈 粉餅盒,132,220.0,6.0,88.0,,1,1,18,0,2026-09-15 00:00:00,123.01,,False,0.0,3
p15797610,C103935,科顏氏,KIEHL'S,Kiehl's 科顏氏高保濕霜補充裝 150ml,364,610.0,6.0,246.0,,20,20,200+,5,2026-09-15 00:00:00,339.22,,False,0.0,3
p15891083,C118155,紀梵希,Givenchy,GIVENCHY 紀梵希傾城裸絲絨香水-80ML,804,1340.0,6.0,536.0,,1,1,,0,2026-09-15 00:00:00,749.27,,False,0.0,3
p15890622,C118153,紀梵希,Givenchy,GIVENCHY 紀梵希傾城裸絲絨香水50ML,687,1145.0,6.0,458.0,,1,1,,0,2026-09-15 00:00:00,640.23,,False,0.0,3
p15794727,C103404,喬治阿瑪尼,GIORGIO ARMANI,GIORGIO ARMANI阿瑪尼紅管唇釉 311 6.5ml,227,380.0,6.0,153.0,,1,1,1,0,2026-09-15 00:00:00,211.55,,False,0.0,3
p15739483,C057133,植村秀,SHU UEMURA,shu uemura植村秀植萃舒緩潔顏油 150ml,251,420.0,6.0,169.0,,1,1,20,0,2026-09-15 00:00:00,233.91,,False,0.0,3
p15867667,C114026,蘭蔻,LANCOME,LANCOME蘭蔻輕透水漾防曬乳-兩件組50ml*2,867,1445.0,6.0,578.0,,9,9,100+,0,2026-09-15 00:00:00,807.98,,False,0.0,3
p15916361,C118777,魅可,MAC,MAC魅可空氣唇蜜雙支裝5ml*2,162,270.0,6.0,108.0,,1,1,2,0,2026-09-15 00:00:00,150.97,,False,0.0,3
p15915995,C118786,魅可,MAC,MAC魅可閃耀星辰鎏金焦點小眼影-MAC魅可輕羽纖密睫毛膏套裝1.2g+12ml,222,370.0,6.0,148.0,,1,1,,0,2026-09-15 00:00:00,206.89,,False,0.0,3
p15896539,C117731,魅可,MAC,MAC魅可空氣唇蜜224 5ml,114,190.0,6.0,76.0,,1,1,,0,2026-09-15 00:00:00,106.24,,False,0.0,3
p15893766,C118145,伊麗莎白·雅頓,ELIZABETH ARDEN,Elizabeth Arden伊莉莎白雅頓白茶紫丁香香水50ML,213,355.0,6.0,142.0,,1,1,2,0,2026-09-15 00:00:00,198.5,,False,0.0,3
p15943011,C121490,植村秀,SHU UEMURA,SHU UEMURA植村秀絹感潤護水光唇釉 PK377,186,310.0,6.0,124.0,,1,1,,0,2026-09-15 00:00:00,173.34,,False,0.0,3
p15825390,C107186,巴黎歐萊雅,L'OREAL PARIS,L'OREAL歐萊雅複顏水光充盈柔膚水-200ML,69,115.0,6.0,46.0,,2,2,12,0,2026-09-15 00:00:00,64.3,,False,0.0,3
p15895898,C117176,聖羅蘭,YSL,YSL聖羅蘭黑管啞光唇釉-202  5.5ML,234,390.0,6.0,156.0,,2,2,1,0,2026-09-15 00:00:00,218.07,,False,0.0,3
p15735306,C018001,碧歐泉,BIOTHERM (Beauty),BIOTHERM  碧歐泉男士淨膚細緻潔面膏 125ml,182,305.0,6.0,123.0,,2,2,11,0,2026-09-15 00:00:00,169.61,,False,0.0,3
p15871545,C115233,魅可,MAC,MAC魅可定制鎏金遮瑕11ml,168,280.0,6.0,112.0,,2,2,16,0,2026-09-15 00:00:00,156.56,,False,0.0,3
p15831428,C107506,喬治阿瑪尼,GIORGIO ARMANI-香化,GIORGIO ARMANI 阿瑪尼密碼男士淡香水 125ml,470,785.0,6.0,315.0,,3,3,16,0,2026-09-15 00:00:00,438.01,,False,0.0,3
p15830815,C106054,聖羅蘭,YSL,YSL聖羅蘭瑩亮潤彩唇膏,227,380.0,6.0,153.0,,3,3,10,0,2026-09-15 00:00:00,211.55,,False,0.0,3
p15895892,C119247,喬治阿瑪尼,GIORGIO ARMANI,Giorgio Armani阿瑪尼紅管唇釉-504 6.5ml,227,380.0,6.0,153.0,,3,3,3,0,2026-09-15 00:00:00,211.55,,False,0.0,3
p15736644,C100192,聖羅蘭,YSL BEAUTY,YSL聖羅蘭 自由之水清版淡香水 90ML,936,1560.0,6.0,624.0,,3,3,4,0,2026-09-15 00:00:00,872.28,,False,0.0,3
p15782299,C102481,聖羅蘭,YSL BEAUTY,YSL聖羅蘭先鋒男士淡香水 100ml,626,1040.0,6.0,414.0,,3,3,10,0,2026-09-15 00:00:00,583.39,,False,0.0,3
p15819757,C106255,倩碧,CLINIQUE (Beauty),CLINIQUE倩碧水嫩保濕舒潤凝霜 50ml*2,366,610.0,6.0,244.0,,4,4,9,5,2026-09-15 00:00:00,341.08,,False,0.0,3
p15865721,C113843,蘭蔻,LANCOME,LANCOME蘭蔻空氣輕墊菁純粉底液 13g(110 IVOIRE-PO),448,750.0,6.0,302.0,,4,4,5,0,2026-09-15 00:00:00,417.5,,False,0.0,3
p15739186,C020956,倩碧,CLINIQUE,CLINIQUE倩碧基礎潤膚組合125ml x 2,281,465.0,6.0,184.0,,17,17,41,100,2026-09-15 00:00:00,261.87,,False,0.0,3
p15877392,C106503,巴黎歐萊雅,L'OREAL PARIS,L'OREAL歐萊雅複顏滋潤眼霜套裝15ml*3,308,515.0,6.0,207.0,,4,4,8,0,2026-09-15 00:00:00,287.03,,False,0.0,3
